t_rel_s,chamber_set_c,chamber_actual_c,chamber_on,GR07_rate_hz,GR06_rate_hz
0.497,40.000,41.000,0,942804.676,147909.262
1.506,40.000,41.000,0,942800.918,147948.651
2.501,40.000,41.000,1,942706.560,147922.766
3.503,5.000,41.000,1,942665.942,147733.256
4.506,5.000,40.964,1,943099.082,147962.495
5.507,5.000,40.877,1,942885.243,147962.888
6.511,5.000,40.777,1,942903.894,148009.135
7.500,5.000,40.676,1,942892.600,148000.788
8.500,5.000,40.588,1,943007.979,148013.721
9.500,5.000,40.489,1,942924.992,147999.078
10.505,5.000,40.381,1,942969.774,147972.388
11.497,5.000,40.200,1,943406.595,147930.986
12.490,5.000,40.193,1,943257.284,147931.862
13.496,5.000,40.097,1,943146.353,147790.665
14.507,5.000,40.000,1,943193.405,147735.318
15.511,5.000,39.901,1,943211.292,147896.232
16.498,5.000,39.900,1,943314.943,147966.616
17.504,5.000,39.804,1,943420.733,147956.864
18.488,5.000,39.706,1,943375.826,147989.750
19.498,5.000,39.700,1,943495.427,147919.357
20.502,5.000,39.613,1,943528.284,147988.395
21.507,5.000,39.515,1,943553.101,147811.699
22.505,5.000,39.500,1,943498.102,147968.733
23.508,5.000,39.423,1,943421.303,147958.228
24.515,5.000,39.400,1,943558.426,147949.573
25.500,5.000,39.340,1,943592.835,147977.752
26.510,5.000,39.300,1,943449.982,147937.119
27.487,5.000,39.300,1,943282.068,147986.261
28.495,5.000,39.240,1,943358.830,148001.999
29.500,5.000,39.200,1,943498.785,147973.499
30.486,5.000,39.147,1,943444.389,147781.056
31.499,5.000,39.100,1,943456.115,147971.584
32.505,5.000,39.100,1,943420.988,147865.629
33.519,5.000,39.056,1,943358.188,147961.414
34.492,5.000,39.000,1,943293.457,147938.016
35.497,5.000,38.962,1,943328.515,147990.210
36.497,5.000,38.900,1,943381.689,147963.441
37.503,5.000,38.900,1,943582.834,147950.544
38.495,5.000,38.875,1,943380.699,147925.022
39.501,5.000,38.800,1,943326.568,147933.597
40.491,5.000,38.800,1,943214.076,147853.900
41.493,5.000,38.778,1,943199.634,147782.296
42.505,5.000,38.700,1,943287.866,147942.296
43.503,5.000,38.700,1,943215.861,147943.596
44.502,5.000,38.700,1,943138.718,147948.438
45.500,5.000,38.689,1,943196.315,147927.717
46.496,5.000,38.600,1,943059.140,147790.985
47.503,5.000,38.600,1,942984.183,147942.554
48.495,5.000,38.600,1,942964.755,147895.774
49.494,5.000,38.508,1,943109.898,147899.053
50.499,5.000,38.500,1,943008.978,147835.668
51.508,5.000,38.500,1,942973.579,147911.827
52.501,5.000,38.500,1,942916.087,147900.956
53.500,5.000,38.417,1,942733.277,147904.071
54.497,5.000,38.400,1,942795.986,147913.517
55.502,5.000,38.400,1,942808.150,147824.065
56.504,5.000,38.400,1,942733.397,147928.985
57.498,5.000,38.332,1,942807.053,147975.858
58.501,5.000,38.300,1,942674.803,147877.010
59.500,5.000,38.300,1,942700.948,147748.946
60.508,5.000,38.245,1,942784.283,147874.606
61.495,5.000,38.200,1,942640.083,147894.502
62.497,5.000,38.200,1,942681.452,147862.161
63.491,5.000,38.200,1,942567.736,147809.094
64.497,5.000,38.151,1,942615.013,147782.443
65.501,5.000,38.100,1,942519.448,147862.475
66.501,5.000,38.100,1,942550.907,147847.802
67.498,5.000,38.100,1,942446.275,147833.187
68.505,5.000,38.066,1,942841.002,147774.225
69.512,5.000,38.000,1,942509.145,147728.113
70.498,5.000,38.000,1,942371.637,147630.527
71.504,5.000,38.000,1,942224.419,147693.370
72.496,5.000,37.987,1,942287.185,147833.630
73.504,5.000,37.900,1,942368.198,147810.767
74.499,5.000,37.900,1,942243.657,147832.709
75.499,5.000,37.900,1,942157.380,147794.445
76.501,5.000,37.900,1,942150.982,147777.423
77.498,5.000,37.900,1,942166.144,147747.560
78.505,5.000,37.805,1,942085.026,147726.973
79.501,5.000,37.800,1,942111.462,147769.167
80.504,5.000,37.800,1,942055.011,147791.669
81.493,5.000,37.800,1,942054.591,147774.804
82.497,5.000,37.721,1,941986.090,147756.624
83.501,5.000,37.700,1,941932.623,147676.434
84.507,5.000,37.700,1,941915.715,147616.875
85.499,5.000,37.700,1,941961.150,147494.173
86.494,5.000,37.637,1,941952.376,147739.179
87.500,5.000,37.600,1,941920.013,147729.272
88.502,5.000,37.600,1,941895.714,147694.956
89.503,5.000,37.600,1,941819.437,147735.050
90.501,5.000,37.600,1,941829.720,147831.460
91.505,5.000,37.543,1,941838.269,147832.307
92.497,5.000,37.500,1,941767.621,147734.476
93.497,5.000,37.500,1,941744.712,147816.314
94.495,5.000,37.500,1,941725.837,147713.976
95.501,5.000,37.500,1,941755.653,147671.504
96.496,5.000,37.473,1,941751.797,147625.315
97.498,5.000,37.400,1,941673.710,147696.993
98.494,5.000,37.400,1,941792.191,147666.703
99.501,5.000,37.400,1,941643.700,147576.857
100.504,5.000,37.380,1,941625.410,147615.380
101.503,5.000,37.300,1,941573.546,147643.555
102.497,5.000,37.300,1,941569.028,147654.079
103.492,5.000,37.300,1,941623.819,147640.622
104.495,5.000,37.300,1,941548.143,147655.537
105.496,5.000,37.299,1,941570.583,147633.714
106.486,5.000,37.200,1,941551.443,147551.697
107.501,5.000,37.200,1,941512.324,147608.096
108.506,5.000,37.200,1,941498.088,147629.739
109.507,5.000,37.200,1,941503.556,147604.068
110.501,5.000,37.200,1,941629.924,147460.721
111.500,5.000,37.116,1,941525.134,147345.276
112.498,5.000,37.100,1,941637.798,147546.262
113.501,5.000,37.100,1,941615.239,147421.320
114.497,5.000,37.100,1,941620.374,147569.867
115.498,5.000,37.100,1,941555.956,147554.299
116.496,5.000,37.035,1,941486.996,147521.392
117.500,5.000,37.000,1,941442.856,147458.568
118.505,5.000,36.939,1,941382.475,147496.483
119.500,5.000,36.841,1,941336.917,147430.078
120.497,5.000,36.753,1,941308.929,147371.072
121.499,5.000,36.654,1,941259.520,147346.897
122.498,5.000,36.555,1,941233.414,147288.235
123.499,5.000,36.455,1,941200.316,147237.217
124.502,5.000,36.367,1,941184.840,147097.060
125.496,5.000,36.238,1,941160.022,147088.766
126.489,5.000,36.073,1,941140.043,146828.845
127.499,5.000,35.922,1,941091.191,146925.964
128.498,5.000,35.687,1,941019.016,146628.287
129.501,5.000,35.577,1,940891.324,146774.127
130.493,5.000,35.385,1,940717.952,146711.731
131.501,5.000,35.191,1,940505.758,146638.581
132.498,5.000,34.999,1,940101.253,146458.548
133.490,5.000,34.900,1,939607.207,146458.864
134.505,5.000,34.704,1,938998.753,146218.803
135.487,5.000,34.604,1,938448.097,146230.108
136.501,5.000,34.420,1,937275.310,146257.631
137.502,5.000,34.309,1,936344.426,146152.426
138.509,5.000,34.121,1,935211.748,146063.640
139.496,5.000,34.013,1,934193.123,145910.013
140.497,5.000,33.834,1,933284.726,145899.446
141.498,5.000,33.732,1,932083.628,145828.631
142.499,5.000,33.567,1,930516.007,145724.649
143.493,5.000,33.370,1,929769.920,145650.080
144.509,5.000,33.237,1,929215.166,145462.942
145.513,5.000,33.140,1,928725.486,145445.247
146.496,5.000,32.986,1,928322.446,145440.207
147.497,5.000,32.845,1,928012.919,145190.689
148.499,5.000,32.698,1,927891.574,145233.776
149.505,5.000,32.600,1,927761.420,145207.558
150.503,5.000,32.512,1,927663.156,145136.476
151.501,5.000,32.400,1,927615.415,145082.220
152.491,5.000,32.360,1,927588.102,145051.973
153.503,5.000,32.262,1,927562.283,144965.990
154.513,5.000,32.177,1,927552.911,144930.676
155.494,5.000,32.100,1,927545.131,144905.377
156.497,5.000,32.083,1,927528.457,144960.836
157.492,5.000,32.000,1,927515.269,144828.755
158.503,5.000,31.988,1,927501.492,144786.886
159.489,5.000,31.900,1,927494.291,144724.033
160.497,5.000,31.900,1,927472.000,144748.046
161.500,5.000,31.900,1,927437.942,144693.427
162.505,5.000,31.900,1,927425.533,144574.162
163.511,5.000,31.806,1,927376.417,144598.294
164.495,5.000,31.800,1,927282.201,144550.929
165.492,5.000,31.709,1,927156.551,144509.763
166.491,5.000,31.611,1,927073.848,144329.346
167.501,5.000,31.515,1,926939.044,144239.761
168.508,5.000,31.419,1,926631.099,144426.566
169.492,5.000,31.320,1,926363.493,144335.379
170.491,5.000,31.235,1,926051.347,144131.014
171.503,5.000,31.139,1,925596.939,144056.443
172.511,5.000,31.030,1,924797.318,144120.001
173.498,5.000,30.893,1,924191.927,144118.377
174.499,5.000,30.748,1,923285.856,143985.639
175.496,5.000,30.601,1,922375.152,143700.156
176.506,5.000,30.453,1,921508.016,143614.782
177.503,5.000,30.312,1,920541.398,143573.019
178.493,5.000,30.159,1,919799.318,143634.690
179.492,5.000,30.062,1,919107.606,143719.354
180.492,5.000,29.965,1,918208.516,143533.413
181.511,5.000,29.835,1,917423.032,143560.664
182.503,5.000,29.666,1,916653.167,143394.724
183.502,5.000,29.579,1,915956.179,143359.821
184.502,5.000,29.462,1,915512.994,143271.846
185.499,5.000,29.285,1,915149.352,143154.120
186.498,5.000,29.171,1,914888.291,143036.664
187.500,5.000,28.984,1,914635.407,142827.254
188.497,5.000,28.890,1,914604.999,142855.507
189.504,5.000,28.696,1,914422.854,142925.250
190.509,5.000,28.598,1,914350.823,142872.265
191.504,5.000,28.498,1,914317.825,142855.763
192.502,5.000,28.300,1,914287.274,142748.796
193.503,5.000,28.201,1,914259.911,142704.121
194.492,5.000,28.009,1,914221.259,142598.649
195.500,5.000,27.912,1,914148.427,142528.638
196.500,5.000,27.817,1,914020.390,142441.778
197.493,5.000,27.643,1,913837.212,142268.284
198.501,5.000,27.447,1,913537.811,142253.174
199.507,5.000,27.327,1,913229.136,142169.802
200.501,5.000,27.158,1,912789.745,142093.905
201.511,5.000,27.030,1,912059.096,142045.245
202.496,5.000,26.934,1,911501.783,141953.564
203.501,5.000,26.839,1,910610.394,141877.722
204.509,5.000,26.688,1,909764.702,141835.958
205.493,5.000,26.548,1,908506.548,141768.930
206.497,5.000,26.450,1,907676.671,141675.040
207.495,5.000,26.311,1,906755.208,141582.940
208.506,5.000,26.096,1,905693.415,141473.811
209.503,5.000,25.964,1,904557.385,141379.032
210.507,5.000,25.832,1,903921.530,141314.461
211.499,5.000,25.666,1,903267.631,141203.067
212.497,5.000,25.568,1,902805.752,141058.126
213.504,5.000,25.440,1,902335.590,140885.648
214.501,5.000,25.271,1,902045.077,141015.607
215.500,5.000,25.173,1,901851.947,140959.186
216.502,5.000,25.076,1,901663.873,140675.474
217.498,5.000,24.881,1,901560.828,140541.320
218.495,5.000,24.795,1,901497.687,140511.996
219.499,5.000,24.697,1,901445.111,140438.743
220.494,5.000,24.600,1,901410.119,140507.992
221.491,5.000,24.489,1,901373.198,140261.896
222.499,5.000,24.292,1,901372.931,140215.347
223.494,5.000,24.100,1,901350.887,140136.237
224.501,5.000,24.011,1,901300.929,140030.473
225.496,5.000,23.913,1,901182.501,139978.984
226.493,5.000,23.817,1,900945.673,140022.168
227.496,5.000,23.720,1,900693.551,139958.301
228.497,5.000,23.543,1,900396.260,140045.049
229.497,5.000,23.423,1,899907.501,139989.484
230.505,5.000,23.326,1,899326.857,139905.503
231.512,5.000,23.157,1,898652.451,139845.350
232.502,5.000,23.033,1,897999.886,139760.543
233.509,5.000,22.868,1,896917.870,139646.203
234.496,5.000,22.736,1,895755.773,139590.016
235.501,5.000,22.639,1,895023.409,139497.479
236.496,5.000,22.508,1,894169.832,139419.668
237.499,5.000,22.355,1,893194.205,139218.248
238.496,5.000,22.258,1,892272.535,139038.469
239.502,5.000,22.161,1,891576.559,138981.097
240.513,5.000,22.028,1,890920.352,139119.106
241.499,5.000,21.866,1,890292.173,139091.252
242.501,5.000,21.741,1,889861.656,139029.670
243.495,5.000,21.574,1,889574.371,138935.818
244.499,5.000,21.453,1,889289.526,138784.139
245.496,5.000,21.276,1,889161.029,138778.235
246.502,5.000,21.153,1,889062.322,138676.916
247.498,5.000,20.980,1,889028.304,138680.970
248.500,5.000,20.897,1,888983.855,138558.707
249.504,5.000,20.799,1,888940.754,138355.116
250.495,5.000,20.700,1,888910.560,138239.475
251.499,5.000,20.602,1,888876.145,138348.801
252.500,5.000,20.504,1,888840.498,138316.690
253.504,5.000,20.315,1,888713.172,138253.926
254.510,5.000,20.125,1,888628.603,138207.157
255.503,5.000,20.012,1,888438.744,138091.881
256.504,5.000,19.913,1,888229.218,138026.277
257.503,5.000,19.735,1,887918.863,137939.965
258.506,5.000,19.623,1,887638.113,137644.642
259.496,5.000,19.525,1,887016.649,137788.600
260.495,5.000,19.426,1,886447.607,137745.601
261.500,5.000,19.342,1,886018.403,137647.281
262.501,5.000,19.195,1,885368.766,137368.977
263.494,5.000,19.050,1,884715.092,137355.475
264.507,5.000,18.951,1,884257.904,137479.964
265.500,5.000,18.805,1,882708.008,137114.666
266.499,5.000,18.655,1,881743.873,137219.476
267.510,5.000,18.558,1,881027.753,137245.485
268.495,5.000,18.459,1,880392.558,137168.545
269.507,5.000,18.323,1,879673.775,137123.801
270.497,5.000,18.165,1,879088.128,137074.101
271.498,5.000,18.069,1,878461.088,136993.366
272.499,5.000,17.971,1,878132.024,136951.912
273.498,5.000,17.872,1,877856.416,136926.362
274.502,5.000,17.774,1,877606.877,136926.389
275.513,5.000,17.678,1,877281.778,136843.157
276.513,5.000,17.581,1,877099.650,136729.870
277.506,5.000,17.468,1,876987.292,136560.792
278.497,5.000,17.286,1,876896.978,136372.544
279.500,5.000,17.192,1,876816.492,136290.624
280.495,5.000,17.098,1,876796.734,136229.294
281.495,5.000,17.000,1,876751.719,136166.552
282.493,5.000,16.900,1,876719.888,136131.284
283.494,5.000,16.805,1,876709.454,136160.728
284.498,5.000,16.613,1,876676.805,136271.272
285.500,5.000,16.600,1,876620.620,136222.485
286.500,5.000,16.425,1,876548.818,136158.659
287.502,5.000,16.313,1,876471.271,136104.904
288.499,5.000,16.215,1,876354.868,136018.664
289.491,5.000,16.131,1,876111.156,135958.598
290.498,5.000,15.945,1,875794.773,135915.222
291.500,5.000,15.824,1,875559.103,135823.205
292.497,5.000,15.726,1,875240.696,135780.401
293.498,5.000,15.629,1,874764.998,135735.776
294.497,5.000,15.534,1,874428.018,135722.644
295.507,5.000,15.435,1,874131.304,135667.430
296.479,5.000,15.342,1,873302.276,135607.300
297.495,5.000,15.247,1,872426.095,135484.342
298.507,5.000,15.098,1,871769.466,135378.470
299.519,5.000,14.952,1,870948.909,135090.055
300.496,5.000,14.855,1,870342.092,135074.992
301.497,5.000,14.759,1,869665.838,135010.086
302.498,5.000,14.662,1,868810.265,134831.976
303.510,5.000,14.531,1,868556.083,134915.990
304.502,5.000,14.380,1,868158.963,134841.035
305.499,5.000,14.279,1,867774.764,134794.543
306.506,5.000,14.184,1,867148.760,134749.381
307.500,5.000,14.087,1,866501.302,134669.327
308.511,5.000,13.989,1,866204.212,134599.756
309.498,5.000,13.891,1,865876.942,134584.462
310.501,5.000,13.792,1,865519.350,134538.625
311.496,5.000,13.691,1,865303.801,134427.909
312.498,5.000,13.500,1,865200.039,134327.515
313.498,5.000,13.400,1,865085.281,134328.603
314.502,5.000,13.302,1,865019.636,134291.034
315.492,5.000,13.201,1,864957.341,134493.636
316.503,5.000,13.106,1,864913.760,134391.140
317.507,5.000,13.010,1,864891.899,134418.831
318.506,5.000,12.914,1,864873.960,134341.935
319.505,5.000,12.816,1,864823.863,134127.959
320.500,5.000,12.729,1,864780.045,133896.298
321.493,5.000,12.632,1,864766.240,133864.593
322.496,5.000,12.523,1,864686.046,133815.146
323.493,5.000,12.438,1,864582.102,133861.211
324.507,5.000,12.279,1,864439.684,133961.188
325.509,5.000,12.140,1,864261.321,133880.684
326.506,5.000,12.042,1,864126.234,133795.279
327.492,5.000,11.945,1,863849.059,133735.966
328.492,5.000,11.848,1,863712.967,133713.830
329.493,5.000,11.765,1,863475.333,133614.081
330.499,5.000,11.668,1,862873.712,133519.211
331.494,5.000,11.570,1,862346.970,133480.414
332.497,5.000,11.471,1,861938.735,133476.299
333.496,5.000,11.372,1,861364.389,133388.129
334.497,5.000,11.275,1,860855.750,133089.235
335.504,5.000,11.178,1,859888.794,133054.942
336.493,5.000,11.062,1,859452.761,132957.011
337.494,5.000,10.900,1,858756.843,132960.892
338.503,5.000,10.868,1,858231.974,132925.770
339.502,5.000,10.700,1,857951.140,132860.227
340.500,5.000,10.691,1,857337.963,132779.666
341.500,5.000,10.594,1,856751.172,132820.101
342.496,5.000,10.498,1,855960.396,132752.105
343.502,5.000,10.400,1,855543.942,132720.075
344.508,5.000,10.301,1,855253.830,132652.536
345.490,5.000,10.207,1,854872.580,132848.622
346.501,5.000,10.111,1,854510.266,132792.382
347.511,5.000,10.013,1,854278.645,132746.433
348.504,5.000,9.919,1,854209.498,132686.299
349.508,5.000,9.813,1,853967.897,132606.519
350.499,5.000,9.729,1,853836.861,132579.792
351.491,5.000,9.633,1,853687.742,132617.596
352.494,5.000,9.600,1,853648.978,132443.793
353.503,5.000,9.540,1,853572.264,132430.242
354.500,5.000,9.443,1,853492.604,132370.103
355.503,5.000,9.345,1,853438.664,132398.290
356.493,5.000,9.248,1,853393.201,132322.176
357.503,5.000,9.153,1,853356.591,132227.035
358.506,5.000,9.057,1,853351.351,132186.686
359.491,5.000,8.960,1,853328.369,132126.841
360.494,5.000,8.862,1,853310.501,132081.385
361.494,5.000,8.765,1,853291.209,132051.613
362.500,5.000,8.700,1,853262.754,132008.504
363.495,5.000,8.677,1,853231.277,131769.518
364.506,5.000,8.578,1,853180.589,131676.770
365.506,5.000,8.480,1,853105.004,131653.151
366.491,5.000,8.387,1,853029.489,131613.712
367.502,5.000,8.279,1,852972.318,131580.367
368.504,5.000,8.200,1,852857.950,131524.800
369.508,5.000,8.195,1,852773.051,131487.099
370.502,5.000,8.097,1,852763.430,131478.161
371.498,5.000,8.000,1,852525.644,131502.360
372.503,5.000,8.000,1,852427.724,131454.370
373.508,5.000,7.903,1,852165.748,131417.017
374.487,5.000,7.807,1,851889.488,131309.936
375.495,5.000,7.800,1,851660.210,131332.207
376.496,5.000,7.703,1,851505.619,131299.767
377.506,5.000,7.613,1,851300.805,131276.976
378.503,5.000,7.514,1,851064.004,131251.231
379.497,5.000,7.500,1,850946.540,131229.231
380.491,5.000,7.421,1,850538.918,131170.642
381.504,5.000,7.326,1,850503.359,131182.242
382.497,5.000,7.300,1,850152.237,131153.387
383.499,5.000,7.231,1,849955.581,131010.149
384.488,5.000,7.200,1,849441.405,131058.633
385.499,5.000,7.139,1,849351.551,131065.662
386.503,5.000,7.041,1,848680.852,131070.176
387.501,5.000,7.000,1,848294.095,130982.507
388.496,5.000,6.959,1,848297.794,131014.106
389.505,5.000,6.851,1,848123.611,130933.061
390.509,5.000,6.755,1,848147.200,130959.896
391.505,5.000,6.700,1,848463.295,130909.565
392.500,5.000,6.660,1,848272.642,130918.163
393.503,5.000,6.600,1,848003.421,130916.910
394.505,5.000,6.600,1,847210.411,130822.518
395.500,5.000,6.580,1,846772.347,130881.434
396.506,5.000,6.500,1,846535.560,130882.800
397.506,5.000,6.482,1,846272.035,130866.341
398.503,5.000,6.400,1,846037.029,130829.239
399.506,5.000,6.391,1,846021.743,130752.141
400.499,5.000,6.300,1,845765.779,130783.726
401.502,5.000,6.300,1,845754.274,130784.108
402.503,5.000,6.300,1,845863.019,130708.776
403.503,5.000,6.202,1,845597.277,130730.003
404.500,5.000,6.200,1,845441.431,130745.479
405.495,5.000,6.103,1,845203.207,130697.482
406.502,5.000,6.100,1,845138.168,130945.286
407.504,5.000,6.100,1,844975.617,130943.982
408.508,5.000,6.020,1,844981.044,130949.404
409.495,5.000,6.000,1,844972.124,130927.254
410.496,5.000,6.000,1,844863.366,130881.196
411.497,5.000,5.937,1,844822.858,130888.535
412.509,5.000,5.900,1,844589.223,130905.500
413.503,5.000,5.841,1,844587.700,130649.060
414.498,5.000,5.800,1,844743.876,130575.774
415.500,5.000,5.800,1,844670.188,130623.072
416.503,5.000,5.800,1,844665.919,130644.165
417.507,5.000,5.800,1,844519.610,130667.886
418.502,5.000,5.751,1,844438.463,130584.490
419.502,5.000,5.700,1,844229.075,130577.508
420.502,5.000,5.700,1,843979.154,130607.879
421.498,5.000,5.668,1,844152.734,130644.267
422.501,5.000,5.600,1,844050.918,130578.553
423.502,5.000,5.600,1,844334.251,130601.519
424.499,5.000,5.572,1,843949.272,130537.579
425.498,5.000,5.500,1,843864.801,130573.838
426.506,5.000,5.500,1,843968.602,130607.642
427.501,5.000,5.500,1,843885.949,130590.030
428.494,5.000,5.500,1,843916.792,130579.736
429.501,5.000,5.485,1,843719.680,130583.386
430.501,5.000,5.400,1,843580.133,130539.323
431.501,5.000,5.400,1,843587.577,130506.707
432.501,5.000,5.394,1,843695.661,130579.821
433.494,5.000,5.300,1,843514.595,130559.370
434.494,5.000,5.300,1,843567.343,130521.245
435.506,5.000,5.300,1,843677.400,130373.285
436.498,5.000,5.300,1,843377.715,130510.903
437.501,5.000,5.217,1,843418.828,130515.925
438.496,5.000,5.200,1,843470.695,130571.598
439.496,5.000,5.200,1,843591.641,130594.443
440.499,5.000,5.200,1,843461.878,130419.808
441.500,5.000,5.200,1,843483.234,130469.831
442.499,5.000,5.126,1,843431.136,130509.637
443.503,5.000,5.100,1,843405.870,130481.757
444.505,5.000,5.029,1,843356.108,130469.079
445.501,5.000,5.000,1,843341.597,130501.325
446.505,5.000,5.000,1,843228.242,130451.570
447.498,5.000,4.941,1,843283.601,130480.680
448.488,5.000,4.900,1,843326.292,130493.146
449.498,5.000,4.900,1,843437.509,130476.186
450.509,5.000,4.900,1,843296.329,130437.682
451.502,5.000,4.900,1,843258.811,130507.775
452.501,5.000,4.900,1,843093.418,130428.401
453.504,5.000,4.865,1,843072.296,130476.562
454.507,5.000,4.800,1,842995.222,130624.819
455.497,5.000,4.800,1,842996.586,130699.310
456.501,5.000,4.774,1,843137.264,130667.498
457.509,5.000,4.700,1,842987.926,130642.055
458.512,5.000,4.700,1,842899.437,130638.570
459.494,5.000,4.700,1,843090.697,130685.116
460.497,5.000,4.700,1,843263.187,130673.918
461.498,5.000,4.700,1,843212.010,130370.836
462.503,5.000,4.700,1,843078.203,130482.002
463.495,5.000,4.700,1,843200.404,130419.632
464.496,5.000,4.790,1,843406.336,130477.295
465.497,5.000,4.800,1,843518.937,130529.602
466.496,5.000,4.800,1,843706.952,130582.857
467.511,5.000,4.800,1,844056.083,130586.985
468.508,5.000,4.886,1,844174.881,130481.557
469.501,5.000,4.900,1,844168.120,130575.200
470.495,5.000,4.900,1,844344.117,130672.967
471.492,5.000,4.900,1,844647.639,130685.804
472.491,5.000,4.969,1,844381.030,130694.255
473.501,5.000,5.000,1,844425.384,130695.161
474.502,5.000,5.000,1,844318.310,130661.886
475.503,5.000,4.941,1,844683.343,130643.127
476.510,5.000,4.900,1,844600.807,130662.434
477.495,5.000,4.900,1,845059.996,130703.718
478.497,5.000,4.900,1,844920.878,130834.532
479.500,5.000,4.900,1,845171.979,130894.319
480.507,5.000,4.900,1,845246.620,130902.529
481.501,5.000,4.942,1,845562.522,130953.679
482.502,5.000,5.000,1,845812.992,130960.073
483.506,5.000,5.000,1,845697.813,130959.610
484.499,5.000,5.000,1,846006.459,130927.753
485.494,5.000,5.000,1,846439.111,130999.173
486.495,5.000,5.000,1,846108.592,130936.895
487.493,5.000,5.000,1,846278.969,130821.186
488.492,5.000,5.000,1,846126.976,130779.619
489.496,5.000,5.000,1,846308.096,130846.895
490.499,5.000,5.000,1,846295.645,130861.669
491.501,5.000,5.000,1,846733.095,130842.783
492.489,5.000,5.000,1,846978.233,130695.608
493.492,5.000,5.000,1,847169.379,130726.790
494.506,5.000,5.000,1,847021.678,130850.011
495.499,5.000,5.000,1,847360.508,130886.823
496.499,5.000,5.000,1,847216.363,130941.135
497.505,5.000,5.000,1,847217.094,130907.783
498.503,5.000,5.000,1,847321.971,130843.299
499.507,5.000,5.000,1,847320.297,130987.898
500.502,5.000,5.000,1,847293.815,131064.742
501.501,5.000,5.000,1,847159.339,131093.919
502.489,5.000,4.934,1,846923.086,131089.514
503.502,5.000,4.900,1,847080.914,131097.244
504.503,5.000,4.900,1,847289.675,131115.337
505.506,5.000,4.900,1,847573.108,131144.178
506.502,5.000,4.900,1,847681.016,131050.775
507.498,5.000,4.900,1,847620.325,131146.214
508.509,5.000,4.900,1,847674.189,131070.802
509.521,5.000,4.900,1,847810.981,130911.773
510.506,5.000,4.941,1,847824.107,131078.533
511.495,5.000,5.000,1,847722.195,131126.609
512.501,5.000,4.966,1,847620.850,131110.356
513.499,5.000,4.900,1,847276.414,131132.087
514.496,5.000,4.900,1,847149.690,131158.292
515.499,5.000,4.900,1,847592.756,131165.196
516.498,5.000,4.900,1,847709.723,131111.709
517.510,5.000,4.900,1,847744.139,130895.663
518.502,5.000,4.900,1,847901.076,130923.666
519.503,5.000,4.900,1,848025.268,130912.172
520.491,5.000,4.900,1,848388.369,130957.643
521.497,5.000,4.900,1,847884.891,130958.794
522.506,5.000,4.900,1,848175.800,130958.356
523.498,5.000,4.900,1,848363.090,130948.505
524.492,5.000,4.900,1,848416.945,131074.525
525.507,5.000,4.900,1,848532.560,131261.260
526.514,5.000,4.984,1,848327.842,131187.089
527.502,5.000,5.000,1,848503.596,131191.983
528.499,5.000,4.920,1,848432.893,131261.364
529.493,5.000,4.900,1,848409.260,131181.042
530.500,5.000,4.900,1,848549.794,131211.295
531.498,5.000,4.900,1,848265.378,131172.970
532.502,5.000,4.900,1,848241.316,131225.465
533.499,5.000,4.900,1,848542.105,131163.083
534.502,5.000,4.900,1,848717.179,130960.760
535.509,5.000,4.900,1,849015.099,130992.838
536.497,5.000,4.900,1,848720.718,131035.458
537.494,5.000,4.900,1,849341.696,131022.927
538.497,5.000,4.900,1,849437.856,131147.679
539.498,5.000,4.938,1,849506.914,131301.572
540.497,5.000,5.000,1,849415.414,131292.857
541.497,5.000,5.000,1,849375.497,131268.835
542.497,5.000,5.000,1,849192.812,131256.554
543.505,5.000,5.000,1,849277.964,131301.297
544.510,5.000,4.979,1,849249.230,131266.952
545.500,5.000,4.900,1,849988.942,131289.271
546.494,5.000,4.900,1,849926.434,131225.149
547.492,5.000,4.900,1,850099.130,131337.353
548.495,5.000,4.900,1,850176.423,131344.224
549.501,5.000,4.900,1,850389.613,131358.184
550.499,5.000,4.901,1,850347.689,131268.073
551.498,5.000,5.000,1,850386.530,131328.942
552.501,5.000,5.000,1,850698.042,131243.387
553.511,5.000,5.000,1,850695.599,131113.278
554.498,5.000,5.000,1,850518.703,131120.585
555.501,5.000,5.000,1,849859.873,131131.822
556.492,5.000,5.000,1,849658.274,131047.503
557.499,5.000,5.000,1,849633.135,131077.720
558.498,5.000,5.000,1,849283.740,131036.399
559.498,5.000,5.000,1,849562.501,131064.644
560.494,5.000,4.932,1,849512.159,131103.780
561.506,5.000,4.900,1,849584.697,131088.741
562.509,5.000,4.900,1,849813.929,131143.116
563.502,5.000,4.900,1,849918.200,131123.441
564.500,5.000,4.955,1,850005.855,131103.904
565.500,5.000,5.000,1,849872.744,131351.349
566.494,5.000,5.000,1,849922.907,131362.227
567.499,5.000,5.000,1,849965.158,131360.466
568.502,5.000,5.000,1,849995.621,131281.882
569.493,5.000,5.000,1,849671.739,131276.073
570.499,5.000,4.971,1,849610.356,131084.134
571.509,5.000,4.900,1,849145.581,131071.794
572.509,5.000,4.900,1,849268.610,131073.083
573.499,5.000,4.900,1,849383.593,131046.375
574.503,5.000,4.886,1,849089.293,131000.041
575.494,5.000,4.800,1,849097.177,131081.934
576.503,5.000,4.800,1,849129.964,131201.324
577.504,5.000,4.800,1,849467.346,131294.691
578.499,5.000,4.806,1,849704.097,131269.785
579.495,5.000,4.900,1,849729.794,131276.759
580.496,5.000,4.900,1,849747.746,131090.938
581.505,5.000,4.900,1,849769.842,131065.909
582.496,5.000,4.900,1,849818.719,131070.181
583.494,5.000,4.900,1,849626.577,131119.648
584.492,5.000,4.900,1,849605.412,130976.248
585.499,5.000,4.900,1,849611.881,131088.924
586.506,5.000,4.900,1,849347.568,131376.968
587.503,5.000,4.900,1,849342.032,131331.103
588.494,5.000,4.900,1,849158.898,131338.149
589.492,5.000,4.826,1,849261.073,131216.530
590.498,5.000,4.800,1,849419.369,131165.135
591.499,5.000,4.800,1,849468.192,131329.535
592.497,5.000,4.800,1,849654.742,131312.206
593.502,5.000,4.863,1,849588.250,131231.888
594.506,5.000,4.900,1,849533.314,131240.002
595.500,5.000,4.900,1,849626.254,131286.553
596.501,5.000,4.900,1,849862.848,131366.751
597.500,5.000,4.900,1,850191.146,131227.044
598.503,5.000,4.900,1,850161.048,131113.216
599.498,5.000,4.932,1,850550.987,131166.616
600.513,5.000,5.000,1,850981.965,131066.257
601.504,5.000,5.000,1,850804.738,131220.951
602.503,5.000,5.000,1,850656.752,131369.516
603.505,5.000,4.973,1,850815.266,131362.041
604.497,5.000,4.900,1,850843.500,131288.206
605.502,5.000,4.900,1,850823.666,131358.930
606.499,5.000,4.900,1,850760.123,131373.779
607.499,5.000,4.900,1,850110.964,131279.781
608.502,5.000,4.900,1,849661.837,131354.317
609.500,5.000,4.900,1,849636.252,131366.512
610.506,5.000,4.900,1,849513.337,131324.420
611.496,5.000,4.900,1,849853.955,131369.115
612.501,5.000,4.900,1,850274.550,131404.014
613.505,5.000,4.900,1,850460.127,131425.227
614.506,5.000,4.900,1,850368.440,131385.190
615.501,5.000,4.985,1,850414.888,131426.983
616.499,5.000,5.000,1,850082.810,131368.205
617.497,5.000,5.000,1,850095.929,131395.151
618.497,5.000,4.925,1,850262.783,131402.839
619.493,5.000,4.900,1,850058.670,131376.726
620.499,5.000,4.900,1,849952.936,131105.271
621.499,5.000,4.900,1,849580.164,131070.462
622.497,5.000,4.900,1,849782.752,131096.101
623.502,5.000,4.900,1,850016.749,131121.239
624.503,5.000,4.900,1,850009.775,131114.525
625.503,5.000,4.900,1,850074.158,131234.332
626.510,5.000,4.900,1,850075.647,131345.875
627.498,5.000,4.900,1,849891.482,131382.015
628.493,5.000,4.900,1,850059.197,131381.570
629.490,5.000,4.900,1,850075.888,131410.629
630.497,5.000,4.900,1,849952.943,131369.002
631.495,5.000,4.900,1,850028.916,131374.783
632.494,5.000,4.900,1,849902.129,131367.566
633.500,5.000,4.900,1,849642.143,131382.088
634.506,5.000,4.900,1,849679.405,131350.002
635.508,5.000,4.900,1,849713.798,131390.319
636.499,5.000,4.900,1,849767.105,131252.384
637.500,5.000,4.886,1,849743.514,131306.229
638.503,5.000,4.800,1,849767.004,131304.573
639.495,5.000,4.800,1,849661.803,131362.632
640.490,5.000,4.800,1,849746.583,131378.800
641.502,5.000,4.800,1,849931.439,131358.496
642.504,5.000,4.800,1,849974.565,131327.384
643.504,5.000,4.897,1,849682.944,131320.164
644.511,5.000,4.900,1,850176.883,131384.739
645.506,5.000,4.900,1,850235.942,131361.357
646.507,5.000,4.900,1,850446.680,131277.384
647.503,5.000,4.900,1,850468.812,131284.044
648.494,5.000,4.900,1,850703.400,131349.370
649.501,5.000,4.900,1,850483.347,131350.629
650.496,5.000,4.900,1,850255.513,131367.915
651.490,5.000,4.900,1,849963.119,131256.037
652.492,5.000,4.900,1,849865.019,131090.111
653.495,5.000,4.900,1,850028.283,131108.902
654.487,5.000,4.900,1,849784.262,131074.483
655.494,5.000,4.900,1,849922.817,131210.442
656.499,5.000,4.867,1,849720.244,131340.547
657.504,5.000,4.800,1,849796.794,131373.053
658.508,5.000,4.800,1,849875.842,131341.169
659.503,5.000,4.832,1,850235.260,131340.707
660.501,5.000,4.900,1,850291.744,131363.250
661.492,5.000,4.900,1,850307.805,131303.722
662.513,5.000,4.900,1,850224.942,131047.641
663.502,5.000,4.900,1,850335.763,131082.505
664.509,5.000,4.900,1,850419.807,131175.630
665.499,5.000,4.900,1,850352.734,131184.566
666.494,5.000,4.900,1,850323.618,131140.708
667.509,5.000,4.900,1,850270.225,131127.147
668.494,5.000,4.900,1,850917.660,131188.231
669.502,5.000,4.900,1,850642.670,131160.122
670.499,5.000,4.900,1,850646.786,131155.480
671.497,5.000,4.900,1,850870.865,131109.399
672.502,5.000,4.900,1,850559.285,131095.402
673.498,5.000,4.900,1,850355.063,131099.613
674.484,5.000,4.900,1,850687.470,131102.478
675.496,5.000,4.900,1,850875.364,131088.680
676.497,5.000,4.900,1,850435.552,131123.104
677.491,5.000,4.900,1,850018.518,131149.405
678.486,5.000,4.900,1,850304.014,131191.007
679.493,5.000,4.900,1,850331.278,131165.182
680.498,5.000,4.900,1,850445.020,131213.879
681.500,5.000,4.900,1,850597.244,131157.982
682.503,5.000,4.958,1,850694.965,131200.776
683.502,5.000,5.000,1,850706.181,131135.706
684.502,5.000,5.000,1,850567.324,131076.359
685.503,5.000,5.000,1,851214.716,131171.633
686.497,5.000,4.961,1,850947.481,131069.901
687.495,5.000,4.900,1,850692.061,131109.624
688.500,5.000,4.900,1,850681.536,131143.833
689.492,5.000,4.900,1,850250.218,131104.681
690.509,5.000,4.900,1,850042.562,131082.315
691.499,5.000,4.900,1,850214.529,131145.096
692.511,5.000,4.900,1,850131.094,131155.392
693.495,5.000,4.900,1,850125.192,131152.381
694.497,5.000,4.900,1,850000.578,131131.370
695.502,5.000,4.900,1,850317.179,131115.477
696.494,5.000,4.900,1,850496.725,131130.187
697.499,5.000,4.900,1,850508.556,131171.989
698.505,5.000,4.900,1,849914.755,131147.264
699.512,5.000,4.900,1,850350.360,131144.353
700.491,5.000,4.900,1,850712.407,131176.628
701.492,5.000,4.900,1,850380.874,131021.040
702.499,5.000,4.900,1,849930.729,131110.363
703.512,5.000,4.827,1,850203.800,131056.467
704.498,5.000,4.800,1,850198.298,131072.922
705.506,5.000,4.800,1,849453.097,131078.755
706.491,5.000,4.800,1,849098.465,131063.985
707.494,5.000,4.751,1,849537.790,131102.476
708.506,5.000,4.700,1,849477.949,131097.236
709.501,5.000,4.700,1,849445.543,131016.079
710.502,5.000,4.700,1,849484.113,131037.561
711.506,5.000,4.700,1,849101.404,131059.456
712.507,5.000,4.700,1,849110.622,130988.745
713.501,5.000,4.726,1,849480.629,131040.180
714.499,5.000,4.800,1,849333.664,131096.293
715.497,5.000,4.800,1,849298.220,131185.248
716.491,5.000,4.800,1,849480.912,131400.969
717.504,5.000,4.800,1,849689.767,131414.561
718.506,5.000,4.800,1,849990.076,131360.041
719.502,5.000,4.800,1,849663.213,131393.697
720.504,5.000,4.800,1,849952.135,131447.516
721.492,5.000,4.899,1,849861.197,131422.236
722.509,5.000,4.900,1,849841.000,131349.466
723.504,5.000,4.900,1,849918.141,131366.518
724.485,5.000,4.900,1,850194.489,131401.037
725.490,5.000,4.900,1,849969.377,131407.001
726.505,5.000,4.900,1,849899.061,131378.332
727.500,5.000,4.900,1,850192.002,131388.896
728.501,5.000,4.900,1,850478.307,131397.205
729.496,5.000,4.828,1,850600.622,131283.116
730.495,5.000,4.800,1,850438.213,131332.587
731.504,5.000,4.800,1,849986.159,131328.951
732.503,5.000,4.800,1,850022.962,131386.618
733.497,5.000,4.800,1,849953.335,131300.020
734.506,5.000,4.800,1,850164.938,131349.498
735.500,5.000,4.800,1,850240.555,131336.693
736.493,5.000,4.800,1,850101.624,131386.226
737.500,5.000,4.843,1,850225.090,131366.547
738.496,5.000,4.900,1,850019.657,131340.473
739.494,5.000,4.900,1,850476.745,131403.320
740.494,5.000,4.900,1,850832.689,131361.743
741.504,5.000,4.900,1,850917.110,131378.598
742.496,5.000,4.900,1,850818.948,131399.280
743.500,5.000,4.900,1,850912.565,131353.843
744.500,5.000,4.900,1,850918.714,131433.431
745.507,5.000,4.900,1,850392.472,131350.258
746.499,5.000,4.900,1,849802.348,131352.280
747.497,5.000,4.900,1,849679.513,131322.292
748.499,5.000,4.900,1,849589.789,131321.402
749.504,5.000,4.899,1,849707.277,131388.658
750.501,5.000,4.800,1,849721.892,131333.936
751.515,5.000,4.800,1,849829.872,131335.112
752.503,5.000,4.800,1,849672.099,131318.773
753.503,5.000,4.800,1,849598.367,131249.733
754.508,5.000,4.800,1,849911.179,131210.456
755.500,5.000,4.800,1,849965.432,131031.646
756.502,5.000,4.800,1,849655.547,131116.444
757.500,5.000,4.800,1,849611.904,131090.319
758.504,5.000,4.800,1,849871.400,131093.007
759.501,5.000,4.877,1,850260.468,131112.773
760.503,5.000,4.900,1,850992.614,131105.546
761.503,5.000,4.900,1,850844.994,131145.161
762.498,5.000,4.900,1,850803.124,131128.499
763.499,5.000,4.900,1,851042.325,131084.278
764.503,5.000,4.900,1,850854.904,130971.191
765.492,5.000,4.900,1,850708.564,131014.295
766.501,5.000,4.900,1,850660.427,131104.148
767.496,5.000,4.900,1,850396.111,131125.754
768.512,5.000,4.900,1,850294.625,131116.784
769.502,5.000,4.900,1,850462.028,131324.309
770.501,5.000,4.900,1,850539.594,131355.365
771.500,5.000,4.877,1,850471.028,131311.410
772.513,5.000,4.800,1,850421.840,131365.045
773.509,5.000,4.800,1,850395.375,131313.364
774.497,5.000,4.800,1,850562.222,131392.580
775.500,5.000,4.800,1,850438.727,131355.203
776.505,5.000,4.900,1,850453.339,131372.208
777.509,5.000,4.900,1,850603.471,131310.152
778.500,5.000,4.900,1,850792.176,131421.374
779.502,5.000,4.900,1,850843.849,131410.126
780.494,5.000,4.900,1,850861.769,131422.217
781.498,5.000,4.900,1,850556.657,131440.751
782.503,5.000,4.900,1,850467.970,131453.258
783.505,5.000,4.900,1,850296.047,131377.043
784.499,5.000,4.900,1,850174.388,131366.104
785.499,5.000,4.900,1,850156.169,131431.848
786.504,5.000,4.900,1,850302.492,131392.197
787.501,5.000,4.900,1,850182.512,131345.970
788.500,5.000,4.900,1,850001.323,131395.430
789.492,5.000,4.853,1,850177.434,131338.904
790.499,5.000,4.800,1,850119.099,131189.955
791.505,5.000,4.800,1,850073.821,131110.035
792.504,5.000,4.800,1,849933.525,131090.838
793.498,5.000,4.800,1,849890.524,131120.386
794.508,5.000,4.800,1,850592.005,131062.666
795.508,5.000,4.800,1,850630.961,131113.284
796.496,5.000,4.800,1,850875.925,131117.014
797.502,5.000,4.800,1,850882.701,131113.027
798.498,5.000,4.800,1,850779.664,131177.482
799.508,5.000,4.812,1,850729.501,131152.367
800.497,5.000,4.900,1,850914.486,131069.367
801.492,5.000,4.900,1,850930.076,131038.125
802.486,5.000,4.900,1,850742.312,131096.311
803.487,5.000,4.900,1,851009.794,131126.798
804.503,5.000,4.900,1,851080.688,131023.236
805.500,5.000,4.900,1,850919.137,131060.430
806.504,5.000,4.900,1,850652.080,131157.494
807.504,5.000,4.900,1,850403.007,131095.493
808.500,5.000,4.815,1,849866.593,131056.880
809.514,5.000,4.800,1,849796.232,131110.382
810.509,5.000,4.800,1,849508.019,131064.487
811.501,5.000,4.800,1,849450.555,131174.376
812.505,5.000,4.800,1,849621.307,131346.625
813.496,5.000,4.733,1,849669.003,131312.762
814.512,5.000,4.700,1,849710.427,131313.880
815.504,5.000,4.700,1,849470.892,131337.783
816.500,5.000,4.700,1,849312.085,131326.471
817.507,5.000,4.700,1,849206.304,131326.389
818.503,5.000,4.757,1,849623.265,131301.383
819.498,5.000,4.800,1,849394.621,131287.635
820.499,5.000,4.800,1,849644.178,131343.377
821.501,5.000,4.800,1,849507.148,131342.938
822.505,5.000,4.800,1,850106.193,131392.568
823.504,5.000,4.800,1,850114.357,131420.757
824.496,5.000,4.800,1,849821.748,131382.285
825.493,5.000,4.800,1,849942.111,131354.706
826.493,5.000,4.826,1,850099.142,131395.160
827.491,5.000,4.900,1,850295.607,131409.717
828.504,5.000,4.900,1,850224.286,131411.560
829.503,5.000,4.900,1,850239.828,131358.255
830.496,5.000,4.900,1,850343.993,131445.366
831.509,5.000,4.900,1,850390.280,131440.549
832.509,5.000,4.900,1,850035.064,131199.951
833.500,5.000,4.900,1,849872.982,131136.588
834.508,5.000,4.900,1,849929.378,131349.114
835.505,5.000,4.900,1,849816.835,131306.763
836.503,5.000,4.900,1,849746.888,131127.202
837.507,5.000,4.801,1,849475.490,131115.051
838.508,5.000,4.800,1,849641.579,131117.603
839.503,5.000,4.800,1,849191.289,131100.686
840.500,5.000,4.800,1,849151.030,131082.546
841.503,5.000,4.800,1,849530.159,131136.452
842.511,5.000,4.800,1,849228.149,131147.844
843.502,5.000,4.800,1,849385.204,131136.097
844.503,5.000,4.800,1,849395.750,131050.756
845.505,5.000,4.800,1,849723.499,131155.770
846.500,5.000,4.800,1,849705.030,131349.732
847.499,5.000,4.800,1,850300.894,131404.819
848.500,5.000,4.856,1,849816.502,131418.786
849.492,5.000,4.900,1,849725.915,131399.360
850.504,5.000,4.900,1,850151.970,131387.872
851.508,5.000,4.900,1,850271.705,131136.296
852.501,5.000,4.900,1,850390.577,131171.817
853.509,5.000,4.900,1,850351.053,131204.800
854.496,5.000,4.900,1,850482.223,131382.689
855.497,5.000,4.900,1,850277.754,131266.401
856.503,5.000,4.900,1,850086.117,131149.533
857.504,5.000,4.900,1,850252.580,131127.412
858.500,5.000,4.900,1,850171.517,131181.088
859.496,5.000,4.900,1,849919.209,131133.303
860.508,5.000,4.900,1,850150.173,131110.989
861.504,5.000,4.900,1,850016.635,131158.321
862.500,5.000,4.900,1,849917.995,131203.731
863.484,5.000,4.900,1,850017.365,131187.962
864.489,5.000,4.900,1,850095.045,131154.945
865.500,5.000,4.900,1,850261.637,131176.890
866.494,5.000,4.900,1,850887.929,131216.928
867.493,5.000,4.900,1,850842.277,131326.707
868.497,10.000,4.900,1,850936.368,131249.267
869.496,10.000,4.900,1,851014.112,131403.293
870.498,10.000,4.900,1,851024.231,131316.893
871.495,10.000,4.900,1,850979.219,131375.708
872.503,10.000,4.900,1,851035.405,131343.437
873.513,10.000,4.900,1,850949.862,131365.661
874.521,10.000,4.953,1,851022.438,131432.472
875.504,10.000,5.000,1,851193.578,131425.467
876.507,10.000,5.000,1,851317.496,131235.986
877.501,10.000,5.000,1,851358.405,131220.219
878.493,10.000,5.000,1,851412.910,131218.717
879.495,10.000,5.000,1,851499.937,131213.858
880.491,10.000,5.032,1,851611.608,131247.418
881.497,10.000,5.100,1,851666.841,131313.916
882.483,10.000,5.100,1,851820.717,131404.379
883.505,10.000,5.100,1,851568.926,131584.230
884.487,10.000,5.111,1,851791.072,131544.983
885.499,10.000,5.200,1,852022.665,131599.099
886.493,10.000,5.205,1,852244.570,131650.309
887.492,10.000,5.300,1,852407.202,131540.598
888.508,10.000,5.300,1,852503.578,131444.798
889.500,10.000,5.300,1,852619.710,131457.033
890.491,10.000,5.393,1,852618.173,131496.493
891.490,10.000,5.400,1,852751.805,131502.998
892.491,10.000,5.497,1,852771.103,131492.581
893.492,10.000,5.500,1,852954.415,131532.172
894.505,10.000,5.590,1,852922.459,131500.479
895.505,10.000,5.600,1,853040.714,131413.088
896.504,10.000,5.600,1,853102.352,131558.093
897.512,10.000,5.600,1,853091.351,131564.549
898.499,10.000,5.670,1,853092.003,131523.899
899.501,10.000,5.700,1,853146.860,131608.002
900.492,10.000,5.700,1,853190.043,131611.809
901.501,10.000,5.768,1,853176.035,131662.805
902.496,10.000,5.800,1,853243.456,131570.199
903.499,10.000,5.800,1,853258.046,131706.738
904.508,10.000,5.856,1,853244.277,131710.168
905.498,10.000,5.900,1,853257.022,131790.415
906.498,10.000,5.945,1,853264.226,131784.686
907.486,10.000,6.000,1,853279.198,131792.225
908.501,10.000,6.035,1,853290.461,131859.357
909.506,10.000,6.143,1,853321.019,132063.918
910.495,10.000,6.200,1,853377.553,132157.616
911.502,10.000,6.235,1,853427.075,132160.157
912.504,10.000,6.300,1,853447.344,132204.193
913.498,10.000,6.327,1,853489.063,132216.622
914.502,10.000,6.423,1,853523.935,132072.949
915.504,10.000,6.500,1,853619.190,132135.269
916.504,10.000,6.514,1,853566.698,132089.283
917.510,10.000,6.600,1,853652.993,132182.322
918.503,10.000,6.608,1,853739.650,132173.270
919.506,10.000,6.702,1,853840.797,132241.061
920.499,10.000,6.800,1,853957.085,132315.533
921.501,10.000,6.899,1,854164.492,132252.243
922.500,10.000,6.900,1,854365.392,132342.894
923.496,10.000,6.992,1,854417.228,132398.303
924.495,10.000,7.089,1,854668.804,132675.487
925.506,10.000,7.100,1,855036.976,132729.897
926.499,10.000,7.181,1,855460.744,132732.021
927.510,10.000,7.288,1,856064.337,132848.919
928.503,10.000,7.300,1,856572.490,132861.020
929.505,10.000,7.379,1,856723.291,132941.838
930.492,10.000,7.472,1,857017.969,132974.707
931.491,10.000,7.568,1,857590.417,132971.856
932.497,10.000,7.600,1,857819.680,133085.364
933.493,10.000,7.656,1,858383.330,133087.439
934.499,10.000,7.763,1,858886.285,133070.503
935.493,10.000,7.847,1,859617.564,132926.853
936.497,10.000,7.900,1,860117.997,133002.768
937.496,10.000,7.949,1,860670.618,133067.812
938.504,10.000,8.044,1,861058.135,133103.975
939.503,10.000,8.139,1,860900.448,133165.181
940.505,10.000,8.200,1,861653.494,133164.362
941.506,10.000,8.231,1,862274.310,133222.047
942.492,10.000,8.328,1,862633.938,133262.020
943.506,10.000,8.425,1,863314.641,133352.734
944.504,10.000,8.500,1,863786.076,133445.169
945.500,10.000,8.505,1,863852.553,133531.493
946.499,10.000,8.611,1,863885.884,133794.547
947.489,10.000,8.703,1,863985.691,133666.743
948.496,10.000,8.800,1,864144.527,133749.071
949.500,10.000,8.800,1,864320.195,133898.037
950.499,10.000,8.897,1,864391.260,134010.326
951.490,10.000,8.990,1,864463.394,133977.824
952.503,10.000,9.000,1,864531.441,133989.232
953.495,10.000,9.089,1,864583.749,134049.710
954.490,10.000,9.183,1,864696.237,134051.231
955.496,10.000,9.200,1,864735.905,134088.550
956.495,10.000,9.274,1,864758.354,134186.881
957.510,10.000,9.366,1,864799.843,134262.351
958.504,10.000,9.400,1,864840.989,134242.345
959.491,10.000,9.467,1,864859.606,134371.455
960.494,10.000,9.564,1,864869.625,134365.233
961.491,10.000,9.600,1,864886.699,134443.294
962.508,10.000,9.649,1,864895.879,134435.792
963.496,10.000,9.742,1,864933.341,134442.883
964.503,10.000,9.800,1,864963.904,134521.490
965.499,10.000,9.831,1,864998.797,134543.360
966.508,10.000,9.900,1,865032.086,134557.532
967.509,10.000,9.930,1,864988.269,134408.357
968.500,10.000,10.000,1,865088.116,134387.273
969.500,10.000,10.020,1,865144.282,134500.042
970.493,10.000,10.114,1,865218.645,134705.129
971.495,10.000,10.200,1,865295.370,134743.055
972.496,10.000,10.216,1,865387.806,134756.588
973.499,10.000,10.300,1,865510.409,134757.397
974.496,10.000,10.308,1,865561.793,134719.279
975.484,10.000,10.400,1,865709.021,134779.633
976.494,10.000,10.402,1,865860.558,134775.943
977.506,10.000,10.500,1,865920.207,134825.388
978.512,10.000,10.500,1,866127.281,134611.446
979.492,10.000,10.594,1,866167.343,134781.849
980.500,10.000,10.600,1,866343.105,134800.891
981.499,10.000,10.682,1,866596.593,134878.531
982.498,10.000,10.700,1,866743.747,134950.562
983.495,10.000,10.700,1,866897.947,135014.555
984.505,10.000,10.777,1,867095.079,134891.762
985.508,10.000,10.800,1,867139.263,134690.439
986.491,10.000,10.800,1,867143.095,134952.780
987.500,10.000,10.800,1,867051.159,134970.710
988.498,10.000,10.857,1,867272.357,134984.170
989.493,10.000,10.900,1,867387.160,134846.303
990.499,10.000,10.900,1,867392.196,134886.179
991.496,10.000,10.900,1,867545.828,135068.800
992.492,10.000,10.939,1,867723.035,135076.811
993.491,10.000,11.000,1,867912.448,135086.150
994.496,10.000,11.000,1,868175.888,135136.196
995.502,10.000,11.000,1,868238.762,135084.490
996.506,10.000,11.000,1,867861.548,135107.916
997.501,10.000,11.000,1,867831.107,135089.216
998.500,10.000,11.000,1,867648.913,135128.980
999.503,10.000,11.000,1,867657.115,135112.025
1000.503,10.000,11.000,1,867573.403,135114.160
1001.502,10.000,11.000,1,867648.735,135072.137
1002.494,10.000,11.000,1,867740.785,135084.550
1003.491,10.000,11.000,1,868029.630,135092.678
1004.502,10.000,11.000,1,867884.312,135053.843
1005.496,10.000,11.092,1,868095.727,135093.802
1006.499,10.000,11.100,1,867927.760,135091.808
1007.501,10.000,11.100,1,868348.305,135049.132
1008.494,10.000,11.100,1,868513.337,134996.559
1009.502,10.000,11.019,1,868125.080,135004.888
1010.500,10.000,11.000,1,867748.673,135019.007
1011.503,10.000,11.000,1,867249.309,134982.341
1012.506,10.000,10.931,1,867412.057,134929.629
1013.512,10.000,10.900,1,867465.489,134949.945
1014.503,10.000,10.900,1,867096.087,134924.765
1015.499,10.000,10.834,1,866939.171,134910.582
1016.506,10.000,10.800,1,866891.143,134948.918
1017.500,10.000,10.800,1,866675.642,134922.939
1018.502,10.000,10.800,1,866075.401,134852.371
1019.503,10.000,10.800,1,865943.939,134828.859
1020.504,10.000,10.757,1,865804.829,134829.306
1021.498,10.000,10.700,1,865673.142,134781.999
1022.498,10.000,10.700,1,865603.403,134735.585
1023.495,10.000,10.666,1,865494.844,134736.699
1024.493,10.000,10.600,1,865376.936,134414.350
1025.499,10.000,10.572,1,865285.391,134379.360
1026.493,10.000,10.500,1,865365.366,134346.381
1027.503,10.000,10.500,1,865391.546,134351.999
1028.501,10.000,10.500,1,865356.234,134365.732
1029.504,10.000,10.478,1,865324.128,134317.488
1030.506,10.000,10.400,1,865232.507,134302.574
1031.493,10.000,10.400,1,865065.371,134304.655
1032.506,10.000,10.391,1,864983.410,134253.900
1033.511,10.000,10.300,1,864987.738,134230.241
1034.503,10.000,10.300,1,864976.998,134195.878
1035.496,10.000,10.300,1,864962.257,134170.836
1036.506,10.000,10.300,1,864944.936,134120.842
1037.503,10.000,10.300,1,864929.782,134297.844
1038.500,10.000,10.216,1,864914.663,134367.127
1039.500,10.000,10.200,1,864906.999,134299.480
1040.501,10.000,10.200,1,864931.397,134365.919
1041.497,10.000,10.200,1,864931.776,134098.603
1042.495,10.000,10.200,1,864888.179,134069.268
1043.495,10.000,10.200,1,864868.036,134055.750
1044.499,10.000,10.200,1,864869.632,134001.053
1045.497,10.000,10.200,1,864865.079,134002.172
1046.497,10.000,10.200,1,864850.480,134029.826
1047.494,10.000,10.200,1,864849.403,134015.055
1048.500,10.000,10.200,1,864857.526,133959.658
1049.494,10.000,10.200,1,864858.106,133977.305
1050.510,10.000,10.200,1,864851.721,134017.927
1051.503,10.000,10.200,1,864854.853,134020.162
1052.509,10.000,10.200,1,864850.608,133966.708
1053.501,10.000,10.200,1,864856.797,134011.917
1054.499,10.000,10.200,1,864840.724,134076.225
1055.500,10.000,10.200,1,864794.475,134016.911
1056.494,10.000,10.200,1,864794.800,134233.528
1057.496,10.000,10.200,1,864756.555,134265.830
1058.491,10.000,10.200,1,864754.279,134265.346
1059.498,10.000,10.200,1,864746.506,134219.932
1060.502,10.000,10.200,1,864752.814,133994.404
1061.501,10.000,10.200,1,864708.897,133995.619
1062.504,10.000,10.105,1,864733.544,133952.551
1063.492,10.000,10.100,1,864717.739,133936.461
1064.493,10.000,10.100,1,864728.641,133937.932
1065.497,10.000,10.100,1,864705.515,133898.755
1066.507,10.000,10.100,1,864673.424,133960.973
1067.488,10.000,10.100,1,864671.260,133967.819
1068.500,10.000,10.100,1,864706.542,133944.033
1069.507,10.000,10.100,1,864688.946,133893.850
1070.498,10.000,10.100,1,864705.916,133856.062
1071.507,10.000,10.100,1,864668.253,133916.144
1072.498,10.000,10.100,1,864670.362,134197.693
1073.508,10.000,10.100,1,864691.946,134061.560
1074.504,10.000,10.100,1,864704.019,134049.968
1075.496,10.000,10.100,1,864720.236,133930.028
1076.502,10.000,10.100,1,864683.085,133925.212
1077.490,10.000,10.100,1,864691.487,133951.059
1078.487,10.000,10.100,1,864701.842,133918.791
1079.503,10.000,10.100,1,864673.848,133880.025
1080.491,10.000,10.100,1,864727.048,133899.329
1081.493,10.000,10.100,1,864740.615,133865.921
1082.501,10.000,10.100,1,864690.587,133953.539
1083.493,10.000,10.121,1,864722.550,133950.307
1084.499,10.000,10.200,1,864750.368,133934.562
1085.496,10.000,10.200,1,864742.542,133979.168
1086.506,10.000,10.200,1,864744.204,133958.487
1087.508,10.000,10.200,1,864751.781,133989.954
1088.502,10.000,10.200,1,864743.408,134004.095
1089.506,10.000,10.200,1,864760.824,134206.523
1090.506,10.000,10.200,1,864766.695,134211.138
1091.497,10.000,10.200,1,864765.799,134285.043
1092.501,10.000,10.200,1,864760.008,134033.189
1093.493,10.000,10.200,1,864747.837,133962.932
1094.494,10.000,10.200,1,864736.312,133941.234
1095.493,10.000,10.200,1,864732.620,134191.885
1096.499,10.000,10.200,1,864701.084,134173.416
1097.495,10.000,10.200,1,864683.314,134130.266
1098.495,10.000,10.135,1,864681.764,134108.836
1099.492,10.000,10.100,1,864668.295,134121.330
1100.502,10.000,10.042,1,864655.184,134115.004
1101.508,10.000,10.000,1,864602.657,134101.073
1102.494,10.000,10.000,1,864632.594,134096.357
1103.504,10.000,10.000,1,864626.258,134128.137
1104.503,10.000,10.000,1,864596.662,133903.484
1105.495,10.000,10.000,1,864617.079,133861.458
1106.505,10.000,10.000,1,864599.524,133845.059
1107.510,10.000,9.969,1,864587.769,133858.469
1108.495,10.000,9.900,1,864545.201,133832.274
1109.498,10.000,9.900,1,864559.281,133828.983
1110.497,10.000,9.900,1,864533.708,133800.978
1111.512,10.000,9.900,1,864550.828,133843.649
1112.498,10.000,9.900,1,864588.048,134042.964
1113.504,10.000,9.900,1,864593.917,133987.261
1114.503,10.000,9.900,1,864583.574,134033.865
1115.506,10.000,9.900,1,864662.696,134066.882
1116.512,10.000,9.907,1,864702.704,133893.808
1117.499,10.000,10.000,1,864737.848,133964.623
1118.497,10.000,10.000,1,864712.934,133811.223
1119.502,10.000,10.000,1,864707.828,133772.317
1120.500,10.000,10.000,1,864737.828,133891.393
1121.507,10.000,10.000,1,864735.433,133816.683
1122.506,10.000,10.000,1,864726.467,133950.362
1123.494,10.000,10.000,1,864721.355,134101.269
1124.502,10.000,10.000,1,864732.343,134037.946
1125.496,10.000,10.000,1,864740.690,134109.610
1126.496,10.000,10.000,1,864754.527,134075.597
1127.500,10.000,10.000,1,864736.813,134030.640
1128.502,10.000,10.000,1,864757.253,134092.358
1129.506,10.000,10.000,1,864731.407,134083.870
1130.501,15.000,10.000,1,864691.214,134122.417
1131.494,15.000,10.000,1,864692.514,134166.987
1132.498,15.000,10.000,1,864683.612,134151.265
1133.499,15.000,10.042,1,864695.547,134135.416
1134.493,15.000,10.100,1,864680.518,133948.597
1135.502,15.000,10.100,1,864737.807,133964.288
1136.507,15.000,10.100,1,864811.194,133943.010
1137.507,15.000,10.100,1,864793.664,133929.951
1138.512,15.000,10.100,1,864838.300,133844.802
1139.501,15.000,10.100,1,864939.822,133962.345
1140.499,15.000,10.100,1,864847.462,134013.127
1141.501,15.000,10.100,1,864824.076,133963.585
1142.496,15.000,10.105,1,864823.247,133939.314
1143.496,15.000,10.200,1,864828.780,133985.464
1144.506,15.000,10.200,1,864837.928,133977.347
1145.494,15.000,10.200,1,864835.553,134024.908
1146.501,15.000,10.200,1,864858.042,134006.416
1147.506,15.000,10.285,1,864862.860,134095.162
1148.496,15.000,10.300,1,864838.588,134282.492
1149.494,15.000,10.300,1,864849.078,134296.756
1150.498,15.000,10.378,1,864875.815,134319.094
1151.497,15.000,10.400,1,864904.438,134355.429
1152.505,15.000,10.400,1,864923.973,134394.768
1153.499,15.000,10.464,1,864934.663,134343.044
1154.499,15.000,10.500,1,864955.981,134200.647
1155.501,15.000,10.500,1,864980.754,134222.669
1156.500,15.000,10.552,1,864935.507,134260.915
1157.500,15.000,10.600,1,864944.183,134286.389
1158.499,15.000,10.642,1,864975.778,134248.672
1159.497,15.000,10.700,1,864989.808,134341.331
1160.500,15.000,10.740,1,865045.149,134347.586
1161.509,15.000,10.800,1,865070.547,134658.912
1162.503,15.000,10.827,1,865116.416,134703.690
1163.505,15.000,10.900,1,865207.964,134716.188
1164.494,15.000,10.927,1,865259.072,134732.467
1165.329,15.000,11.000,1,865300.592,134775.990
1166.701,15.000,11.077,1,865377.993,134809.588
1167.504,15.000,11.100,1,865536.115,134807.790
1168.492,15.000,11.140,1,865773.917,134857.812
1169.497,15.000,11.200,1,865899.094,134901.879
1170.498,15.000,11.234,1,866061.925,134948.336
1171.498,15.000,11.330,1,866287.650,134971.901
1172.495,15.000,11.400,1,866439.059,135013.296
1173.494,15.000,11.417,1,866632.222,134953.010
1174.495,15.000,11.500,1,866718.768,135036.021
1175.505,15.000,11.511,1,867722.133,135057.678
1176.525,15.000,11.600,1,868017.589,135136.898
1177.510,15.000,11.609,1,868710.551,135179.522
1178.503,15.000,11.700,1,868983.570,135175.458
1179.493,15.000,11.794,1,868536.044,135220.004
1180.497,15.000,11.800,1,869102.725,135302.212
1181.503,15.000,11.891,1,869541.560,135345.268
1182.503,15.000,11.990,1,869914.193,135269.523
1183.506,15.000,12.000,1,870432.020,135180.640
1184.498,15.000,12.077,1,870861.813,135197.980
1185.501,15.000,12.171,1,871253.298,135448.225
1186.505,15.000,12.200,1,871805.542,135447.499
1187.466,15.000,12.271,1,872326.937,135528.617
1188.658,15.000,12.300,1,872590.201,135557.443
1189.498,15.000,12.353,1,872845.577,135605.193
1190.497,15.000,12.400,1,873114.535,135380.535
1191.483,15.000,12.452,1,873411.668,135324.840
1192.492,15.000,12.500,1,873749.467,135434.109
1193.505,15.000,12.547,1,874000.421,135511.489
1194.510,15.000,12.600,1,874446.563,135613.211
1195.493,15.000,12.638,1,874448.915,135751.532
1196.501,15.000,12.700,1,874782.384,135830.963
1197.500,15.000,12.732,1,875173.717,135839.133
1198.489,15.000,12.800,1,875402.466,135861.509
1199.499,15.000,12.815,1,875430.321,135888.614
1200.493,15.000,12.900,1,875540.403,135919.175
1201.505,15.000,12.911,1,875847.421,135938.941
1202.505,15.000,13.008,1,876007.833,135898.612
1203.501,15.000,13.100,1,876134.514,135735.922
1204.498,15.000,13.104,1,876173.028,135822.574
1205.493,15.000,13.200,1,876311.358,135954.751
1206.490,15.000,13.200,1,876381.314,136123.609
1207.494,15.000,13.300,1,876541.325,136164.689
1208.504,15.000,13.397,1,876581.193,136195.746
1209.504,15.000,13.400,1,876618.427,136217.283
1210.505,15.000,13.489,1,876640.858,136278.436
1211.492,15.000,13.500,1,876658.512,136229.451
1212.505,15.000,13.584,1,876684.986,136333.813
1213.499,15.000,13.669,1,876705.080,136348.922
1214.494,15.000,13.700,1,876717.664,136372.680
1215.496,15.000,13.768,1,876715.973,136416.422
1216.490,15.000,13.800,1,876705.259,136399.737
1217.494,15.000,13.862,1,876724.140,136507.946
1218.497,15.000,13.900,1,876742.047,136530.252
1219.508,15.000,13.962,1,876760.321,136370.749
1220.496,15.000,14.000,1,876780.274,136337.650
1221.501,15.000,14.053,1,876800.896,136314.812
1222.497,15.000,14.100,1,876814.453,136380.634
1223.501,15.000,14.142,1,876863.791,136386.927
1224.501,15.000,14.200,1,876869.129,136502.154
1225.486,15.000,14.238,1,876956.593,136612.299
1226.504,15.000,14.300,1,876962.916,136484.952
1227.493,15.000,14.322,1,877093.928,136551.695
1228.512,15.000,14.400,1,877106.167,136519.413
1229.496,15.000,14.427,1,877193.435,136532.809
1230.505,15.000,14.500,1,877219.558,136602.064
1231.510,15.000,14.518,1,877362.037,136582.894
1232.498,15.000,14.600,1,877417.032,136630.177
1233.505,15.000,14.605,1,877597.946,136666.440
1234.492,15.000,14.700,1,877729.607,136700.113
1235.500,15.000,14.700,1,877849.272,136745.108
1236.505,15.000,14.799,1,877751.696,136763.604
1237.504,15.000,14.800,1,878069.846,136775.415
1238.501,15.000,14.888,1,878111.965,137052.330
1239.502,15.000,14.900,1,878181.978,137082.344
1240.501,15.000,14.982,1,878287.035,137082.571
1241.498,15.000,15.000,1,878551.432,137103.793
1242.500,15.000,15.000,1,878593.679,137154.862
1243.495,15.000,15.065,1,878897.512,137162.982
1244.491,15.000,15.100,1,878961.569,137093.207
1245.500,15.000,15.171,1,879260.365,137227.146
1246.495,15.000,15.200,1,879342.396,137215.136
1247.501,15.000,15.200,1,879803.928,137247.064
1248.499,15.000,15.256,1,879767.761,137207.030
1249.498,15.000,15.300,1,880188.693,137287.318
1250.491,15.000,15.300,1,880177.867,137301.129
1251.485,15.000,15.344,1,880728.574,137117.217
1252.499,15.000,15.400,1,880528.321,137309.505
1253.501,15.000,15.400,1,880999.263,137366.822
1254.499,15.000,15.427,1,881917.065,137351.721
1255.506,15.000,15.500,1,881973.156,137365.707
1256.498,15.000,15.500,1,882158.728,137273.855
1257.514,15.000,15.500,1,882592.154,137084.756
1258.505,15.000,15.517,1,882822.964,137181.828
1259.504,15.000,15.600,1,882061.612,137198.089
1260.498,15.000,15.600,1,881949.525,137197.728
1261.488,15.000,15.609,1,882018.805,137172.801
1262.502,15.000,15.700,1,882470.519,137186.208
1263.505,15.000,15.700,1,882653.444,137226.881
1264.507,15.000,15.700,1,882750.090,137254.008
1265.498,15.000,15.700,1,882402.800,137239.241
1266.497,15.000,15.792,1,882527.229,137261.298
1267.485,15.000,15.800,1,883699.946,137199.107
1268.497,15.000,15.800,1,883337.351,137211.749
1269.497,15.000,15.800,1,882767.721,137435.521
1270.500,15.000,15.800,1,882591.636,137466.077
1271.498,15.000,15.800,1,882631.063,137536.266
1272.500,15.000,15.800,1,882829.806,137479.782
1273.498,15.000,15.800,1,883017.021,137524.824
1274.499,15.000,15.800,1,882906.106,137472.660
1275.497,15.000,15.800,1,882932.277,137202.798
1276.504,15.000,15.800,1,882564.558,137208.307
1277.499,15.000,15.800,1,882692.080,137152.528
1278.504,15.000,15.800,1,882177.346,137126.577
1279.506,15.000,15.800,1,882237.695,137180.731
1280.500,15.000,15.800,1,882100.627,137303.789
1281.502,15.000,15.800,1,881999.560,137418.202
1282.497,15.000,15.770,1,881948.428,137439.575
1283.492,15.000,15.700,1,882015.216,137459.976
1284.499,15.000,15.700,1,881703.086,137452.333
1285.492,15.000,15.700,1,881758.669,137431.712
1286.503,15.000,15.700,1,882461.763,137369.351
1287.493,15.000,15.700,1,882378.414,137364.956
1288.506,15.000,15.700,1,881740.656,137335.876
1289.502,15.000,15.700,1,881139.958,137287.207
1290.499,15.000,15.695,1,880752.383,137299.677
1291.505,15.000,15.600,1,880560.076,137045.870
1292.492,15.000,15.600,1,880236.485,137004.853
1293.499,15.000,15.507,1,879819.288,137013.561
1294.488,15.000,15.500,1,879672.955,136956.858
1295.502,15.000,15.500,1,879661.107,136911.529
1296.492,15.000,15.416,1,879537.186,136914.610
1297.495,15.000,15.400,1,879478.217,136916.391
1298.508,15.000,15.400,1,879204.252,136908.271
1299.503,15.000,15.400,1,879004.190,137077.723
1300.507,15.000,15.400,1,878837.961,137124.677
1301.502,15.000,15.331,1,878533.642,137055.200
1302.501,15.000,15.300,1,878394.249,137070.368
1303.499,15.000,15.300,1,878352.853,137012.079
1304.499,15.000,15.245,1,878037.975,137036.497
1305.499,15.000,15.200,1,877940.136,137024.865
1306.495,15.000,15.162,1,877825.796,136987.173
1307.496,15.000,15.100,1,877790.158,136991.401
1308.502,15.000,15.100,1,877666.321,136960.155
1309.501,15.000,15.100,1,877505.574,136868.292
1310.499,15.000,15.100,1,877496.025,136942.968
1311.503,15.000,15.100,1,877462.611,136924.800
1312.496,15.000,15.100,1,877450.852,136925.752
1313.494,15.000,15.100,1,877376.761,136959.512
1314.498,15.000,15.088,1,877269.011,136899.064
1315.491,15.000,15.000,1,877174.766,136842.528
1316.506,15.000,15.000,1,877243.082,136840.363
1317.507,15.000,15.000,1,877194.732,136861.639
1318.500,15.000,15.000,1,877227.075,136890.708
1319.503,15.000,15.000,1,877187.568,136844.849
1320.505,15.000,15.000,1,877225.117,136838.264
1321.494,15.000,15.000,1,877183.760,136846.966
1322.495,15.000,15.000,1,877160.202,136585.734
1323.498,15.000,15.000,1,877160.916,136558.654
1324.505,15.000,15.076,1,877164.187,136689.134
1325.505,15.000,15.100,1,877084.787,136783.429
1326.495,15.000,15.100,1,877062.348,136838.768
1327.498,15.000,15.100,1,877055.771,136780.745
1328.503,15.000,15.100,1,877102.561,136803.677
1329.503,15.000,15.100,1,877060.427,136800.035
1330.505,15.000,15.100,1,877064.263,136563.449
1331.501,15.000,15.100,1,877083.090,136526.399
1332.500,15.000,15.100,1,877145.429,136546.249
1333.501,15.000,15.100,1,877139.117,136501.948
1334.516,15.000,15.100,1,877124.356,136623.698
1335.504,15.000,15.100,1,877127.854,136796.796
1336.505,15.000,15.100,1,877136.095,136775.907
1337.502,15.000,15.100,1,877180.279,136757.773
1338.498,15.000,15.100,1,877139.606,136811.597
1339.499,15.000,15.100,1,877159.572,136711.452
1340.493,15.000,15.100,1,877109.765,136579.989
1341.510,15.000,15.100,1,877073.573,136588.857
1342.502,15.000,15.100,1,877103.651,136794.387
1343.511,15.000,15.100,1,877180.216,136821.727
1344.500,15.000,15.100,1,877205.688,136850.012
1345.507,15.000,15.100,1,877176.017,136780.518
1346.509,15.000,15.100,1,877195.421,136670.288
1347.502,15.000,15.100,1,877156.699,136785.171
1348.492,15.000,15.100,1,877155.593,136839.064
1349.501,15.000,15.100,1,877163.210,136816.243
1350.493,15.000,15.100,1,877147.149,136815.653
1351.499,15.000,15.100,1,877153.110,136855.544
1352.503,15.000,15.100,1,877153.250,136875.274
1353.491,15.000,15.100,1,877108.119,136810.184
1354.499,15.000,15.100,1,877353.438,136859.633
1355.503,15.000,15.100,1,877398.697,136826.386
1356.502,15.000,15.100,1,877387.925,136860.568
1357.498,15.000,15.100,1,877294.364,136852.938
1358.498,15.000,15.100,1,877324.564,136638.164
1359.502,15.000,15.100,1,877214.513,136641.534
1360.510,15.000,15.100,1,877294.131,136868.000
1361.504,15.000,15.100,1,877391.645,136830.871
1362.497,15.000,15.100,1,877434.003,136799.596
1363.493,15.000,15.100,1,877419.838,136822.629
1364.507,15.000,15.100,1,877435.954,136841.197
1365.503,15.000,15.100,1,877506.915,136815.305
1366.498,15.000,15.100,1,877358.646,136787.599
1367.509,15.000,15.100,1,877303.804,136770.777
1368.498,15.000,15.100,1,877369.044,136774.282
1369.490,15.000,15.100,1,877314.763,136764.438
1370.502,15.000,15.100,1,877099.164,136741.445
1371.495,15.000,15.000,1,877076.798,136779.611
1372.508,15.000,15.000,1,877034.403,136740.607
1373.499,15.000,15.000,1,877021.345,136655.478
1374.501,15.000,15.000,1,876976.279,136460.146
1375.502,15.000,15.000,1,877006.868,136549.828
1376.498,15.000,14.909,1,876997.965,136719.936
1377.506,15.000,14.900,1,876942.373,136747.931
1378.498,15.000,14.900,1,876983.172,136719.384
1379.503,15.000,14.900,1,876975.591,136453.615
1380.509,15.000,14.900,1,876967.349,136427.457
1381.501,15.000,14.900,1,876972.637,136426.879
1382.502,15.000,14.900,1,876915.266,136490.277
1383.496,15.000,14.900,1,876932.395,136447.120
1384.494,15.000,14.900,1,876966.954,136473.654
1385.493,15.000,14.900,1,876928.757,136408.825
1386.498,15.000,14.900,1,876934.011,136680.634
1387.503,15.000,14.900,1,876915.702,136643.921
1388.500,15.000,14.900,1,876915.593,136658.253
1389.498,15.000,14.900,1,876897.619,136689.952
1390.495,15.000,14.900,1,876898.881,136700.318
1391.494,15.000,14.900,1,876904.731,136726.135
1392.498,15.000,14.900,1,876900.377,136665.122
1393.491,15.000,14.900,1,876877.095,136408.557
1394.500,15.000,14.900,1,876898.905,136406.218
1395.503,15.000,14.900,1,876924.097,136631.717
1396.496,15.000,14.900,1,876906.193,136647.632
1397.501,20.000,14.900,1,876909.075,136717.965
1398.503,20.000,14.900,1,876937.021,136718.743
1399.498,20.000,14.900,1,876940.857,136652.128
1400.501,20.000,14.900,1,876947.239,136516.901
1401.503,20.000,14.900,1,876967.258,136480.831
1402.503,20.000,14.900,1,876940.163,136454.536
1403.505,20.000,14.900,1,876945.974,136423.488
1404.494,20.000,14.900,1,876926.388,136475.704
1405.497,20.000,14.900,1,876946.572,136588.018
1406.501,20.000,14.900,1,876951.388,136722.392
1407.501,20.000,14.900,1,876970.351,136500.227
1408.504,20.000,14.900,1,876988.063,136497.376
1409.499,20.000,14.900,1,877047.244,136450.099
1410.507,20.000,14.900,1,877041.711,136524.007
1411.500,20.000,14.900,1,876979.647,136522.088
1412.501,20.000,14.956,1,877010.775,136483.881
1413.501,20.000,15.000,1,877079.680,136487.142
1414.498,20.000,15.000,1,877093.897,136577.803
1415.500,20.000,15.000,1,877116.611,136797.306
1416.508,20.000,15.000,1,877127.871,136828.755
1417.506,20.000,15.045,1,877186.264,136850.835
1418.509,20.000,15.100,1,877252.502,136803.806
1419.493,20.000,15.100,1,877240.543,136822.509
1420.500,20.000,15.122,1,877361.581,136895.641
1421.532,20.000,15.200,1,877470.388,136899.867
1422.497,20.000,15.200,1,877526.903,136928.394
1423.500,20.000,15.221,1,877586.390,136876.614
1424.500,20.000,15.300,1,877770.998,137014.687
1425.504,20.000,15.316,1,877830.148,136973.326
1426.497,20.000,15.400,1,877986.605,137003.978
1427.503,20.000,15.403,1,878281.023,137055.236
1428.508,20.000,15.500,1,878408.194,137109.452
1429.505,20.000,15.500,1,878604.590,136999.545
1430.513,20.000,15.599,1,878674.317,136800.619
1431.505,20.000,15.600,1,879231.304,136910.588
1432.497,20.000,15.685,1,879299.668,136909.195
1433.497,20.000,15.700,1,879500.282,136972.842
1434.494,20.000,15.780,1,879584.446,136991.337
1435.495,20.000,15.800,1,880132.160,136996.986
1436.497,20.000,15.878,1,880359.480,137020.402
1437.500,20.000,15.900,1,880801.699,137088.102
1438.504,20.000,15.965,1,880970.490,137106.454
1439.493,20.000,16.000,1,881446.066,137232.982
1440.503,20.000,16.059,1,881730.160,137413.577
1441.490,20.000,16.100,1,882074.913,137422.297
1442.499,20.000,16.149,1,882742.814,137482.792
1443.505,20.000,16.200,1,883008.037,137528.054
1444.496,20.000,16.238,1,883493.503,137548.197
1445.498,20.000,16.338,1,884119.878,137437.696
1446.495,20.000,16.400,1,884202.062,137669.360
1447.500,20.000,16.430,1,884553.467,137739.631
1448.509,20.000,16.529,1,884962.075,137752.557
1449.497,20.000,16.600,1,885329.694,137755.279
1450.494,20.000,16.611,1,885912.875,137806.218
1451.509,20.000,16.700,1,886196.646,137815.324
1452.501,20.000,16.704,1,886512.661,137847.703
1453.503,20.000,16.802,1,886819.309,137721.727
1454.489,20.000,16.900,1,887159.322,137668.590
1455.492,20.000,16.900,1,887581.946,137669.919
1456.498,20.000,16.992,1,887750.550,137715.652
1457.488,20.000,17.091,1,887966.060,137751.990
1458.499,20.000,17.100,1,888131.169,137798.616
1459.515,20.000,17.189,1,888236.606,137861.727
1460.506,20.000,17.285,1,888335.416,138117.632
1461.503,20.000,17.300,1,888463.390,138151.187
1462.509,20.000,17.371,1,888520.297,138204.711
1463.498,20.000,17.400,1,888635.509,138258.501
1464.489,20.000,17.467,1,888693.138,138270.965
1465.503,20.000,17.563,1,888738.211,138250.300
1466.496,20.000,17.600,1,888772.940,138213.323
1467.500,20.000,17.663,1,888811.056,138452.748
1468.499,20.000,17.700,1,888856.314,138455.000
1469.492,20.000,17.741,1,888873.888,138477.420
1470.497,20.000,17.840,1,888899.726,138451.287
1471.494,20.000,17.900,1,888909.594,138545.006
1472.505,20.000,17.937,1,888916.132,138566.586
1473.505,20.000,18.035,1,888912.721,138459.508
1474.513,20.000,18.100,1,888950.182,138400.490
1475.506,20.000,18.129,1,888979.020,138398.483
1476.508,20.000,18.223,1,889013.612,138651.236
1477.506,20.000,18.300,1,889060.285,138612.472
1478.503,20.000,18.300,1,888990.764,138707.832
1479.507,20.000,18.310,1,889032.645,138751.869
1480.501,20.000,18.400,1,889040.182,138794.675
1481.492,20.000,18.406,1,889066.633,138806.052
1482.481,20.000,18.500,1,889092.154,138819.128
1483.493,20.000,18.500,1,889128.840,138884.637
1484.504,20.000,18.500,1,889210.135,138881.623
1485.507,20.000,18.600,1,889233.994,138911.227
1486.505,20.000,18.600,1,889402.468,138943.923
1487.494,20.000,18.681,1,889374.771,139017.893
1488.501,20.000,18.700,1,889514.491,139019.503
1489.498,20.000,18.774,1,889594.069,139063.583
1490.497,20.000,18.800,1,889705.503,139032.203
1491.499,20.000,18.880,1,889817.314,139069.755
1492.496,20.000,18.900,1,889883.931,139087.645
1493.501,20.000,18.964,1,890125.328,138961.178
1494.496,20.000,19.000,1,890254.197,139073.218
1495.497,20.000,19.063,1,890330.045,139136.305
1496.497,20.000,19.100,1,890515.013,139016.039
1497.513,20.000,19.145,1,890801.797,138963.641
1498.490,20.000,19.200,1,890973.003,139239.425
1499.501,20.000,19.245,1,891119.302,139260.598
1500.501,20.000,19.300,1,891726.900,139277.362
1501.501,20.000,19.327,1,892174.143,139291.504
1502.504,20.000,19.400,1,891848.758,139365.773
1503.506,20.000,19.423,1,892275.635,139324.915
1504.499,20.000,19.500,1,892282.085,139116.996
1505.502,20.000,19.504,1,892673.417,139315.739
1506.506,20.000,19.600,1,893026.661,139456.512
1507.498,20.000,19.600,1,893127.614,139452.465
1508.498,20.000,19.601,1,893570.632,139486.943
1509.502,20.000,19.700,1,893912.665,139581.378
1510.508,20.000,19.700,1,894035.036,139597.667
1511.496,20.000,19.799,1,894102.723,139585.930
1512.494,20.000,19.800,1,894469.860,139522.574
1513.502,20.000,19.800,1,894795.280,139618.961
1514.496,20.000,19.885,1,895120.158,139609.475
1515.498,20.000,19.900,1,895044.388,139632.096
1516.509,20.000,19.981,1,895440.548,139624.348
1517.498,20.000,20.000,1,895591.041,139654.707
1518.497,20.000,20.066,1,896725.249,139661.974
1519.499,20.000,20.100,1,897233.640,139686.594
1520.506,20.000,20.100,1,897217.590,139687.715
1521.502,20.000,20.156,1,897140.594,139710.267
1522.497,20.000,20.200,1,896692.314,139775.069
1523.501,20.000,20.200,1,896939.525,139742.906
1524.516,20.000,20.247,1,896873.473,139762.108
1525.496,20.000,20.300,1,897405.561,139775.330
1526.502,20.000,20.300,1,897548.886,139630.881
1527.501,20.000,20.300,1,897506.574,139598.897
1528.503,20.000,20.321,1,897782.605,139756.379
1529.493,20.000,20.400,1,898291.559,139848.646
1530.502,20.000,20.400,1,898650.461,139762.862
1531.501,20.000,20.416,1,898773.212,139898.428
1532.504,20.000,20.500,1,899027.156,139894.929
1533.503,20.000,20.500,1,898684.119,139904.151
1534.497,20.000,20.500,1,898745.797,139761.474
1535.496,20.000,20.500,1,898939.551,139935.354
1536.487,20.000,20.595,1,899086.134,139905.218
1537.496,20.000,20.600,1,899053.283,139879.995
1538.493,20.000,20.600,1,899105.300,139918.984
1539.501,20.000,20.600,1,899179.692,139947.094
1540.497,20.000,20.678,1,899264.805,139738.302
1541.494,20.000,20.700,1,899156.278,139966.598
1542.509,20.000,20.700,1,899361.386,140022.081
1543.506,20.000,20.700,1,899265.013,139996.650
1544.495,20.000,20.700,1,899262.451,139859.025
1545.488,20.000,20.700,1,899338.793,140030.629
1546.509,20.000,20.700,1,899491.809,139965.028
1547.492,20.000,20.700,1,899475.849,139963.953
1548.512,20.000,20.700,1,899140.104,139974.869
1549.499,20.000,20.700,1,899248.578,139849.704
1550.495,20.000,20.700,1,899214.483,139718.609
1551.484,20.000,20.700,1,899302.606,139843.057
1552.496,20.000,20.700,1,899217.260,139982.010
1553.502,20.000,20.700,1,899278.779,139952.103
1554.505,20.000,20.700,1,899078.100,139952.931
1555.485,20.000,20.700,1,898888.467,139938.481
1556.497,20.000,20.700,1,898875.687,139941.228
1557.499,20.000,20.700,1,898703.179,139920.374
1558.506,20.000,20.700,1,898444.832,139937.780
1559.512,20.000,20.678,1,898232.275,139904.306
1560.513,20.000,20.600,1,898009.736,139895.532
1561.501,20.000,20.600,1,898005.722,139895.757
1562.502,20.000,20.600,1,897815.545,139870.578
1563.494,20.000,20.598,1,897727.773,139613.221
1564.498,20.000,20.500,1,897649.118,139551.959
1565.500,20.000,20.500,1,897019.330,139582.139
1566.499,20.000,20.500,1,897069.228,139532.340
1567.499,20.000,20.500,1,896805.981,139505.335
1568.490,20.000,20.500,1,896662.729,139507.959
1569.501,20.000,20.500,1,896253.319,139477.924
1570.498,20.000,20.419,1,895938.599,139683.280
1571.501,20.000,20.400,1,895706.637,139669.371
1572.495,20.000,20.324,1,895120.031,139686.521
1573.493,20.000,20.300,1,894902.665,139410.262
1574.511,20.000,20.300,1,894494.835,139351.261
1575.510,20.000,20.233,1,894094.564,139317.500
1576.502,20.000,20.200,1,893987.122,139296.855
1577.506,20.000,20.200,1,894003.312,139328.551
1578.509,20.000,20.200,1,893754.652,139311.409
1579.507,20.000,20.200,1,893656.890,139352.501
1580.498,20.000,20.200,1,893588.455,139322.924
1581.494,20.000,20.155,1,893445.931,139365.430
1582.497,20.000,20.100,1,893074.619,139491.894
1583.498,20.000,20.100,1,893066.023,139504.932
1584.504,20.000,20.100,1,893170.984,139458.675
1585.513,20.000,20.100,1,893067.336,139237.107
1586.497,20.000,20.100,1,892939.520,139176.701
1587.511,20.000,20.100,1,892751.071,139184.825
1588.502,20.000,20.100,1,892634.999,139161.101
1589.503,20.000,20.100,1,892695.123,139362.119
1590.501,20.000,20.100,1,892446.290,139436.588
1591.495,20.000,20.100,1,892516.843,139175.009
1592.493,20.000,20.100,1,892247.647,139104.849
1593.496,20.000,20.100,1,892166.915,139141.617
1594.502,20.000,20.100,1,892191.524,139100.106
1595.507,20.000,20.100,1,892582.616,139103.244
1596.508,20.000,20.100,1,892282.221,139171.182
1597.487,20.000,20.100,1,892043.239,139381.110
1598.496,20.000,20.100,1,892077.998,139390.391
1599.501,20.000,20.100,1,892215.898,139154.504
1600.495,20.000,20.100,1,892209.167,139114.180
1601.496,20.000,20.100,1,892226.817,139155.969
1602.508,20.000,20.100,1,892252.457,139214.233
1603.499,20.000,20.100,1,891995.369,139178.702
1604.502,20.000,20.100,1,891964.459,139099.702
1605.508,20.000,20.100,1,892022.051,139086.020
1606.507,20.000,20.100,1,892533.915,139290.261
1607.503,20.000,20.100,1,892826.166,139347.226
1608.502,20.000,20.100,1,892572.717,139362.862
1609.500,20.000,20.100,1,892708.357,139337.940
1610.502,20.000,20.100,1,892909.376,139354.176
1611.503,20.000,20.100,1,892760.863,139296.581
1612.501,20.000,20.100,1,892603.430,139333.053
1613.496,20.000,20.100,1,892670.605,139119.681
1614.497,20.000,20.100,1,892440.553,139166.250
1615.493,20.000,20.100,1,891856.133,139333.981
1616.490,20.000,20.100,1,891810.040,139332.995
1617.493,20.000,20.100,1,891421.892,139325.902
1618.497,20.000,20.100,1,891731.443,139334.524
1619.499,20.000,20.100,1,891882.888,139319.415
1620.498,20.000,20.100,1,891770.508,139307.716
1621.502,20.000,20.100,1,891648.751,139331.175
1622.506,20.000,20.100,1,891674.436,139299.023
1623.502,20.000,20.100,1,891626.143,139333.274
1624.497,20.000,20.015,1,891800.062,139335.027
1625.484,20.000,20.000,1,891689.190,139332.856
1626.500,20.000,20.000,1,891628.155,139043.112
1627.495,20.000,20.000,1,891584.700,139084.303
1628.481,20.000,20.000,1,891673.048,139040.447
1629.495,20.000,20.000,1,891811.668,139069.315
1630.499,20.000,20.000,1,891781.522,139046.516
1631.491,20.000,20.000,1,891790.825,139069.976
1632.500,20.000,20.000,1,891922.916,139075.584
1633.503,20.000,20.000,1,892400.092,139135.612
1634.492,20.000,20.000,1,892511.328,139240.719
1635.492,20.000,20.000,1,892453.619,139202.159
1636.494,20.000,20.000,1,891623.193,139186.728
1637.495,20.000,20.000,1,891329.593,139252.550
1638.515,20.000,19.968,1,891431.243,139065.633
1639.486,20.000,19.900,1,891307.522,139154.695
1640.496,20.000,19.900,1,890995.178,139213.469
1641.503,20.000,19.878,1,891002.650,139243.914
1642.519,20.000,19.800,1,890881.502,139185.580
1643.493,20.000,19.800,1,890705.909,139204.596
1644.497,20.000,19.800,1,890765.238,138991.526
1645.516,20.000,19.800,1,890824.736,138932.622
1646.529,20.000,19.800,1,890605.704,138917.800
1647.502,20.000,19.800,1,890602.990,139036.533
1648.491,20.000,19.709,1,890581.851,139028.392
1649.498,20.000,19.700,1,890602.046,139199.660
1650.503,20.000,19.700,1,890441.151,139126.766
1651.486,20.000,19.700,1,890442.996,139164.471
1652.492,20.000,19.700,1,890677.674,139153.596
1653.494,20.000,19.700,1,890947.277,139152.904
1654.503,20.000,19.700,1,890429.668,139099.457
1655.505,20.000,19.700,1,890249.131,139085.448
1656.504,20.000,19.700,1,890291.016,139090.724
1657.509,20.000,19.700,1,890394.635,139080.095
1658.498,20.000,19.700,1,890242.430,139134.724
1659.504,20.000,19.657,1,890169.220,138927.416
1660.496,20.000,19.600,1,890254.657,138895.476
1661.491,20.000,19.600,1,890114.544,139090.946
1662.501,20.000,19.600,1,890145.110,139077.072
1663.510,20.000,19.600,1,890155.419,139071.578
1664.517,20.000,19.600,1,890130.995,139113.433
1665.505,20.000,19.600,1,890154.965,138989.140
1666.494,20.000,19.600,1,890257.986,138808.742
1667.495,25.000,19.600,1,890053.369,138858.048
1668.499,25.000,19.600,1,890106.524,139084.299
1669.494,25.000,19.600,1,890191.076,139081.588
1670.500,25.000,19.600,1,890108.116,139081.013
1671.498,25.000,19.600,1,890157.734,139049.121
1672.504,25.000,19.600,1,890281.784,139050.438
1673.500,25.000,19.600,1,890257.812,138963.656
1674.498,25.000,19.600,1,890375.678,138973.640
1675.493,25.000,19.600,1,890278.926,139115.011
1676.491,25.000,19.600,1,890096.989,139123.482
1677.497,25.000,19.600,1,890119.768,139130.829
1678.485,25.000,19.600,1,890244.662,139134.894
1679.494,25.000,19.600,1,890127.734,139178.904
1680.497,25.000,19.670,1,890281.333,139192.547
1681.492,25.000,19.700,1,890247.919,139200.712
1682.507,25.000,19.700,1,890351.869,139201.198
1683.505,25.000,19.700,1,890593.891,139178.660
1684.490,25.000,19.700,1,890657.971,139217.236
1685.502,25.000,19.700,1,890812.197,139106.340
1686.508,25.000,19.748,1,890902.156,138960.619
1687.485,25.000,19.800,1,891067.600,139060.335
1688.498,25.000,19.800,1,891138.539,139216.213
1689.484,25.000,19.833,1,891262.863,139243.413
1690.505,25.000,19.900,1,891241.832,139248.564
1691.500,25.000,19.900,1,891646.452,139295.961
1692.512,25.000,19.923,1,891727.510,139278.425
1693.515,25.000,20.000,1,891833.375,139108.972
1694.509,25.000,20.000,1,892271.068,139307.628
1695.502,25.000,20.010,1,892563.358,139166.016
1696.509,25.000,20.100,1,892792.697,139092.569
1697.502,25.000,20.104,1,893118.986,139120.395
1698.501,25.000,20.200,1,893283.802,139177.674
1699.495,25.000,20.200,1,893261.058,139189.617
1700.506,25.000,20.200,1,893688.129,139352.040
1701.499,25.000,20.293,1,894082.803,139498.990
1702.497,25.000,20.300,1,894608.513,139536.598
1703.495,25.000,20.390,1,895037.663,139535.355
1704.503,25.000,20.400,1,895128.273,139439.326
1705.506,25.000,20.481,1,895270.703,139402.169
1706.498,25.000,20.500,1,895663.416,139400.556
1707.494,25.000,20.567,1,896235.108,139430.083
1708.499,25.000,20.661,1,896774.319,139415.812
1709.494,25.000,20.700,1,897352.994,139622.525
1710.499,25.000,20.756,1,897608.621,139610.590
1711.505,25.000,20.800,1,897872.484,139507.962
1712.503,25.000,20.852,1,898163.746,139591.211
1713.502,25.000,20.900,1,898502.693,139620.088
1714.507,25.000,20.941,1,898844.694,139765.549
1715.506,25.000,21.035,1,899470.838,139970.006
1716.503,25.000,21.100,1,899366.623,139985.961
1717.496,25.000,21.121,1,899675.649,139993.436
1718.489,25.000,21.200,1,900111.854,140042.199
1719.500,25.000,21.217,1,900139.143,140056.549
1720.500,25.000,21.311,1,900681.688,140113.610
1721.502,25.000,21.400,1,900777.111,139881.599
1722.497,25.000,21.405,1,900888.571,139893.939
1723.507,25.000,21.500,1,901021.463,139974.358
1724.497,25.000,21.598,1,901040.859,140058.888
1725.497,25.000,21.602,1,901054.228,140116.150
1726.501,25.000,21.700,1,901112.540,140054.194
1727.496,25.000,21.700,1,901185.403,140084.522
1728.499,25.000,21.796,1,901234.512,140278.283
1729.492,25.000,21.884,1,901267.382,140388.744
1730.497,25.000,21.900,1,901310.995,140497.666
1731.494,25.000,21.980,1,901348.338,140525.382
1732.505,25.000,22.074,1,901398.799,140545.555
1733.502,25.000,22.100,1,901412.509,140434.110
1734.504,25.000,22.173,1,901421.507,140397.962
1735.509,25.000,22.260,1,901420.778,140449.336
1736.501,25.000,22.300,1,901422.247,140455.605
1737.498,25.000,22.354,1,901445.017,140488.745
1738.493,25.000,22.454,1,901455.486,140612.473
1739.494,25.000,22.500,1,901488.032,140791.673
1740.494,25.000,22.550,1,901503.800,140835.995
1741.501,25.000,22.600,1,901548.972,140901.291
1742.502,25.000,22.633,1,901569.713,140958.071
1743.506,25.000,22.732,1,901646.562,140896.035
1744.500,25.000,22.800,1,901707.739,140727.612
1745.479,25.000,22.824,1,901777.596,140860.512
1746.506,25.000,22.920,1,901840.237,140867.323
1747.506,25.000,23.000,1,901943.518,140930.603
1748.496,25.000,23.017,1,902073.306,140962.318
1749.508,25.000,23.114,1,902137.731,140893.489
1750.504,25.000,23.200,1,902299.698,141123.982
1751.504,25.000,23.200,1,902394.581,141145.838
1752.504,25.000,23.297,1,902552.389,140957.533
1753.498,25.000,23.300,1,902733.195,140968.152
1754.493,25.000,23.300,1,902753.598,141145.523
1755.500,25.000,23.389,1,903069.049,141318.563
1756.502,25.000,23.400,1,903169.832,141106.419
1757.505,25.000,23.484,1,903309.799,141051.456
1758.514,25.000,23.500,1,903666.695,141257.410
1759.503,25.000,23.574,1,903955.157,141403.926
1760.510,25.000,23.600,1,904053.491,141414.237
1761.499,25.000,23.668,1,904448.934,141432.532
1762.491,25.000,23.700,1,904608.591,141476.628
1763.498,25.000,23.762,1,904746.596,141519.807
1764.509,25.000,23.800,1,905015.195,141289.003
1765.501,25.000,23.858,1,905473.041,141510.920
1766.499,25.000,23.900,1,906072.466,141515.924
1767.504,25.000,23.956,1,906254.072,141561.170
1768.505,25.000,24.000,1,906420.177,141614.136
1769.499,25.000,24.039,1,906963.945,141656.631
1770.512,25.000,24.100,1,907417.760,141637.571
1771.503,25.000,24.134,1,907649.876,141694.153
1772.488,25.000,24.200,1,907877.790,141744.680
1773.494,25.000,24.230,1,908326.075,141751.908
1774.499,25.000,24.300,1,908512.138,141730.621
1775.497,25.000,24.315,1,908662.420,141709.634
1776.489,25.000,24.400,1,909140.356,141530.839
1777.492,25.000,24.411,1,909354.152,141636.210
1778.494,25.000,24.500,1,909704.561,141675.036
1779.494,25.000,24.500,1,909955.731,141598.243
1780.490,25.000,24.508,1,910100.619,141652.740
1781.492,25.000,24.600,1,910291.255,141674.742
1782.497,25.000,24.600,1,910460.751,141660.844
1783.495,25.000,24.696,1,910839.837,141920.488
1784.505,25.000,24.700,1,911093.742,142010.569
1785.496,25.000,24.795,1,911253.234,142022.189
1786.501,25.000,24.800,1,911369.514,142024.086
1787.495,25.000,24.800,1,911835.069,142022.765
1788.504,25.000,24.877,1,912184.984,142054.044
1789.504,25.000,24.900,1,912559.767,142071.060
1790.497,25.000,24.900,1,912508.054,141848.742
1791.502,25.000,24.961,1,912393.409,141851.502
1792.507,25.000,25.000,1,912437.909,141859.858
1793.487,25.000,25.000,1,912533.376,141944.735
1794.493,25.000,25.050,1,912683.845,142160.328
1795.510,25.000,25.100,1,912836.332,142151.768
1796.496,25.000,25.143,1,913042.153,142176.693
1797.491,25.000,25.200,1,912951.310,142207.849
1798.504,25.000,25.200,1,913076.295,142025.482
1799.513,25.000,25.200,1,913167.813,142224.879
1800.505,25.000,25.228,1,913314.586,142286.878
1801.507,25.000,25.300,1,913336.889,142260.751
1802.500,25.000,25.300,1,913414.016,142259.097
1803.508,25.000,25.317,1,913435.052,142049.976
1804.498,25.000,25.400,1,913436.108,142202.410
1805.499,25.000,25.400,1,913435.047,142123.450
1806.498,25.000,25.400,1,913556.911,142101.080
1807.493,25.000,25.400,1,913565.222,142293.285
1808.500,25.000,25.498,1,913687.371,142166.781
1809.512,25.000,25.500,1,913627.909,142326.959
1810.499,25.000,25.500,1,913532.496,142114.348
1811.494,25.000,25.500,1,913559.551,142077.091
1812.500,25.000,25.587,1,913603.177,142130.685
1813.507,25.000,25.600,1,913611.312,142140.736
1814.494,25.000,25.600,1,913641.723,142275.967
1815.493,25.000,25.600,1,913678.017,142371.901
1816.502,25.000,25.600,1,913694.924,142278.032
1817.511,25.000,25.600,1,913745.751,142376.203
1818.511,25.000,25.662,1,913739.662,142430.710
1819.493,25.000,25.700,1,913784.777,142382.618
1820.494,25.000,25.700,1,913783.000,142398.832
1821.488,25.000,25.700,1,913775.716,142423.699
1822.496,25.000,25.700,1,913819.278,142265.017
1823.507,25.000,25.700,1,913770.264,142415.302
1824.503,25.000,25.700,1,913851.796,142411.013
1825.498,25.000,25.700,1,913735.943,142246.168
1826.499,25.000,25.700,1,913766.005,142401.076
1827.507,25.000,25.700,1,913751.325,142347.606
1828.497,25.000,25.700,1,913740.888,142388.936
1829.494,25.000,25.700,1,913676.105,142388.787
1830.497,25.000,25.700,1,913838.478,142374.088
1831.504,25.000,25.700,1,913893.783,142367.919
1832.506,25.000,25.700,1,913586.269,142254.148
1833.500,25.000,25.700,1,913667.666,142342.909
1834.509,25.000,25.700,1,913516.364,142365.228
1835.501,25.000,25.700,1,913545.859,142341.381
1836.493,25.000,25.700,1,913501.333,142304.327
1837.492,25.000,25.612,1,913505.311,142326.164
1838.504,25.000,25.600,1,913377.044,142328.610
1839.502,25.000,25.600,1,913142.831,142123.424
1840.497,25.000,25.600,1,913093.758,142271.447
1841.504,25.000,25.600,1,912974.292,142045.027
1842.504,25.000,25.600,1,913181.004,142014.515
1843.495,25.000,25.600,1,913123.834,142206.497
1844.500,25.000,25.528,1,913051.084,142267.887
1845.500,25.000,25.500,1,913016.817,142274.361
1846.509,25.000,25.500,1,913071.077,142252.991
1847.510,25.000,25.500,1,912838.367,142244.717
1848.494,25.000,25.500,1,912754.732,142180.047
1849.486,25.000,25.500,1,912548.192,142184.041
1850.497,25.000,25.454,1,912432.109,142155.882
1851.500,25.000,25.400,1,912656.716,141848.861
1852.487,25.000,25.400,1,912059.762,141895.790
1853.501,25.000,25.357,1,911999.813,142149.934
1854.503,25.000,25.300,1,912084.104,142090.542
1855.500,25.000,25.300,1,911779.515,141983.978
1856.506,25.000,25.262,1,911366.131,141783.885
1857.510,25.000,25.200,1,911271.079,141795.928
1858.488,25.000,25.200,1,911192.176,141780.111
1859.494,25.000,25.200,1,911040.890,142042.891
1860.506,25.000,25.200,1,910850.861,142049.925
1861.504,25.000,25.200,1,910993.242,142069.363
1862.496,25.000,25.194,1,910685.059,142041.129
1863.507,25.000,25.100,1,910280.138,141914.834
1864.491,25.000,25.100,1,910082.662,141767.819
1865.496,25.000,25.100,1,909814.782,141929.492
1866.499,25.000,25.100,1,909801.957,141913.828
1867.508,25.000,25.100,1,909649.989,141925.313
1868.506,25.000,25.100,1,909313.177,141937.291
1869.501,25.000,25.100,1,909240.916,141901.274
1870.507,25.000,25.100,1,909208.387,141903.763
1871.496,25.000,25.100,1,909228.374,141833.256
1872.488,25.000,25.037,1,908965.777,141892.027
1873.507,25.000,25.000,1,908918.879,141845.959
1874.497,25.000,25.000,1,908963.042,141860.717
1875.504,25.000,25.000,1,908912.270,141811.248
1876.490,25.000,25.000,1,908794.371,141818.096
1877.508,25.000,25.000,1,908976.653,141828.101
1878.503,25.000,25.000,1,908671.983,141817.538
1879.507,25.000,25.000,1,908576.160,141790.976
1880.498,25.000,25.000,1,908533.291,141840.047
1881.507,25.000,25.000,1,908767.891,141608.942
1882.504,25.000,25.000,1,908724.982,141646.986
1883.498,25.000,25.000,1,908330.879,141807.897
1884.508,25.000,25.000,1,908117.424,141802.894
1885.497,25.000,25.000,1,908042.994,141619.723
1886.503,25.000,25.000,1,908190.982,141583.072
1887.499,25.000,25.000,1,908138.030,141591.526
1888.493,25.000,25.000,1,907780.935,141704.586
1889.495,25.000,24.900,1,907720.858,141843.143
1890.507,25.000,24.900,1,907731.691,141824.990
1891.509,25.000,24.900,1,907641.032,141686.807
1892.486,25.000,24.900,1,907650.010,141798.361
1893.515,25.000,24.900,1,908214.944,141818.914
1894.508,25.000,24.900,1,907542.898,141847.050
1895.502,25.000,24.900,1,907527.799,141887.665
1896.506,25.000,24.900,1,907518.012,141826.981
1897.496,25.000,24.900,1,907355.735,141833.485
1898.500,25.000,24.900,1,907430.487,141770.569
1899.511,25.000,24.900,1,907170.696,141577.115
1900.497,25.000,24.900,1,907191.319,141753.209
1901.491,25.000,24.900,1,907185.143,141815.279
1902.483,25.000,24.900,1,907307.637,141766.777
1903.492,25.000,24.900,1,906961.751,141594.979
1904.498,25.000,24.900,1,906941.697,141540.596
1905.498,25.000,24.861,1,907159.031,141592.014
1906.502,25.000,24.800,1,907233.829,141708.235
1907.498,25.000,24.800,1,907272.161,141736.498
1908.493,25.000,24.800,1,907072.856,141707.943
1909.494,25.000,24.800,1,907222.238,141729.583
1910.494,25.000,24.800,1,907084.711,141710.356
1911.508,25.000,24.800,1,906927.212,141690.163
1912.482,25.000,24.800,1,906826.921,141678.598
1913.497,25.000,24.800,1,906612.931,141687.657
1914.492,25.000,24.800,1,906770.982,141656.593
1915.511,25.000,24.800,1,907018.835,141686.093
1916.488,25.000,24.800,1,907091.216,141707.990
1917.498,25.000,24.800,1,907089.800,141469.108
1918.515,25.000,24.800,1,906908.969,141412.858
1919.485,25.000,24.800,1,906696.716,141573.764
1920.497,25.000,24.721,1,906463.011,141644.321
1921.504,25.000,24.700,1,906225.143,141632.832
1922.509,25.000,24.700,1,905954.244,141547.112
1923.488,25.000,24.642,1,905744.961,141517.095
1924.501,25.000,24.600,1,905798.646,141585.419
1925.520,25.000,24.600,1,905664.628,141545.219
1926.497,25.000,24.547,1,905340.183,141546.457
1927.497,25.000,24.500,1,905106.767,141556.261
1928.500,25.000,24.500,1,905191.417,141556.157
1929.492,25.000,24.500,1,905046.587,141305.107
1930.484,25.000,24.460,1,905006.855,141312.650
1931.496,25.000,24.400,1,904887.481,141513.427
1932.504,25.000,24.400,1,904527.090,141485.257
1933.501,25.000,24.400,1,904621.268,141430.030
1934.498,25.000,24.400,1,904517.995,141247.246
1935.494,25.000,24.400,1,904478.819,141210.160
1936.507,25.000,24.400,1,904413.618,141338.860
1937.508,25.000,24.387,1,904188.672,141458.230
1938.497,25.000,24.300,1,904104.102,141473.426
1939.499,25.000,24.300,1,904305.111,141453.580
1940.492,25.000,24.300,1,904330.224,141447.849
1941.498,25.000,24.300,1,904167.793,141449.539
1942.493,25.000,24.300,1,904118.474,141456.269
1943.506,25.000,24.300,1,904138.747,141334.552
1944.501,25.000,24.300,1,904010.890,141178.936
1945.502,25.000,24.300,1,904073.163,141151.918
1946.485,25.000,24.300,1,904146.561,141215.199
1947.490,25.000,24.300,1,903993.999,141256.344
1948.496,30.000,24.300,1,903971.670,141294.269
1949.504,30.000,24.300,1,903988.064,141147.033
1950.509,30.000,24.300,1,903819.930,141180.558
1951.504,30.000,24.300,1,903936.300,141323.843
1952.503,30.000,24.300,1,903770.860,141358.301
1953.491,30.000,24.300,1,903807.718,141159.404
1954.503,30.000,24.300,1,904056.438,141266.833
1955.506,30.000,24.300,1,904073.384,141399.668
1956.495,30.000,24.300,1,903969.137,141395.140
1957.508,30.000,24.300,1,904059.801,141413.688
1958.507,30.000,24.300,1,903967.723,141306.810
1959.498,30.000,24.300,1,904055.999,141119.595
1960.496,30.000,24.300,1,904198.262,141351.477
1961.505,30.000,24.300,1,904113.167,141447.213
1962.502,30.000,24.300,1,903991.439,141477.746
1963.516,30.000,24.300,1,904116.586,141475.631
1964.495,30.000,24.300,1,904697.973,141494.782
1965.497,30.000,24.306,1,904956.363,141438.549
1966.495,30.000,24.400,1,904884.852,141520.652
1967.499,30.000,24.400,1,904695.773,141292.652
1968.507,30.000,24.400,1,904791.272,141383.079
1969.505,30.000,24.400,1,904994.479,141506.143
1970.508,30.000,24.492,1,905124.911,141540.417
1971.505,30.000,24.500,1,905260.825,141539.781
1972.497,30.000,24.500,1,905297.617,141580.087
1973.505,30.000,24.577,1,905770.012,141591.883
1974.489,30.000,24.600,1,905947.941,141632.293
1975.496,30.000,24.600,1,906288.209,141608.096
1976.504,30.000,24.676,1,906548.146,141660.628
1977.491,30.000,24.700,1,906712.114,141653.413
1978.496,30.000,24.700,1,906950.315,141665.640
1979.502,30.000,24.758,1,907450.348,141726.736
1980.508,30.000,24.800,1,907653.551,141765.057
1981.498,30.000,24.853,1,907777.402,141787.294
1982.488,30.000,24.900,1,908500.040,141667.486
1983.508,30.000,24.949,1,908679.727,141592.664
1984.497,30.000,25.000,1,908953.007,141808.183
1985.498,30.000,25.039,1,909319.289,141858.426
1986.505,30.000,25.100,1,909706.415,141725.758
1987.507,30.000,25.121,1,910293.274,141710.737
1988.506,30.000,25.200,1,910376.228,141918.827
1989.498,30.000,25.213,1,910946.572,141964.966
1990.514,30.000,25.300,1,911303.628,142015.318
1991.503,30.000,25.306,1,911667.904,142001.728
1992.501,30.000,25.400,1,912010.409,142054.008
1993.503,30.000,25.400,1,912288.123,141847.386
1994.496,30.000,25.497,1,912539.039,142040.167
1995.493,30.000,25.594,1,912736.198,142159.523
1996.498,30.000,25.600,1,913036.651,142178.993
1997.505,30.000,25.695,1,913056.187,142234.641
1998.498,30.000,25.781,1,913369.498,142097.507
1999.499,30.000,25.800,1,913461.371,142033.465
2000.493,30.000,25.870,1,913609.946,142127.798
2001.496,30.000,25.969,1,913785.557,142393.272
2002.501,30.000,26.000,1,913878.141,142462.187
2003.496,30.000,26.065,1,913933.856,142358.181
2004.510,30.000,26.100,1,913987.494,142238.300
2005.497,30.000,26.153,1,914082.533,142550.808
2006.508,30.000,26.247,1,914108.129,142629.371
2007.498,30.000,26.342,1,914148.029,142702.628
2008.497,30.000,26.400,1,914202.933,142681.673
2009.482,30.000,26.431,1,914235.225,142726.970
2010.498,30.000,26.525,1,914238.432,142662.208
2011.490,30.000,26.600,1,914253.681,142807.024
2012.494,30.000,26.616,1,914272.442,142784.021
2013.501,30.000,26.711,1,914292.169,142847.181
2014.493,30.000,26.800,1,914297.787,142863.603
2015.493,30.000,26.804,1,914318.746,142916.220
2016.488,30.000,26.901,1,914343.954,142952.955
2017.501,30.000,27.000,1,914361.398,142835.512
2018.496,30.000,27.000,1,914385.820,142836.216
2019.492,30.000,27.091,1,914408.214,142828.325
2020.499,30.000,27.187,1,914459.897,142828.056
2021.495,30.000,27.200,1,914502.815,142845.049
2022.510,30.000,27.286,1,914573.633,142884.755
2023.505,30.000,27.374,1,914611.624,143178.804
2024.504,30.000,27.400,1,914717.288,143227.794
2025.499,30.000,27.466,1,914837.271,143279.761
2026.509,30.000,27.570,1,915185.622,143312.993
2027.507,30.000,27.600,1,915170.004,143340.664
2028.498,30.000,27.656,1,915356.659,143377.967
2029.496,30.000,27.754,1,915677.164,143409.017
2030.500,30.000,27.848,1,916246.519,143282.246
2031.486,30.000,27.900,1,916775.909,143457.960
2032.500,30.000,27.936,1,916424.762,143513.934
2033.503,30.000,28.029,1,916810.828,143433.274
2034.500,30.000,28.100,1,917195.073,143561.726
2035.491,30.000,28.121,1,917188.560,143610.930
2036.512,30.000,28.200,1,917397.611,143624.049
2037.501,30.000,28.209,1,917431.087,143636.798
2038.501,30.000,28.300,1,917794.084,143641.785
2039.507,30.000,28.300,1,918182.464,143666.621
2040.500,30.000,28.309,1,918294.820,143722.700
2041.507,30.000,28.400,1,918630.389,143729.994
2042.489,30.000,28.400,1,918981.037,143733.054
2043.500,30.000,28.500,1,919207.810,143791.303
2044.486,30.000,28.500,1,919557.233,143835.251
2045.489,30.000,28.582,1,919942.084,143830.026
2046.503,30.000,28.600,1,920174.104,143756.638
2047.490,30.000,28.674,1,920471.084,143745.882
2048.501,30.000,28.700,1,920922.671,143882.364
2049.489,30.000,28.766,1,921460.825,143781.882
2050.498,30.000,28.800,1,921822.454,143970.328
2051.503,30.000,28.865,1,921898.354,144045.845
2052.500,30.000,28.900,1,922285.104,144137.647
2053.501,30.000,28.900,1,922588.437,144156.715
2054.502,30.000,28.948,1,922834.753,144139.151
2055.509,30.000,29.000,1,923136.032,144058.027
2056.494,30.000,29.043,1,923505.027,143851.279
2057.492,30.000,29.100,1,923691.724,144062.255
2058.501,30.000,29.134,1,923980.652,143965.742
2059.502,30.000,29.200,1,924232.096,144158.919
2060.498,30.000,29.228,1,924354.149,144190.640
2061.493,30.000,29.300,1,924685.717,144144.495
2062.508,30.000,29.312,1,924819.582,144311.165
2063.510,30.000,29.400,1,924963.503,144315.554
2064.493,30.000,29.400,1,925284.398,144339.897
2065.495,30.000,29.400,1,925397.631,144150.687
2066.502,30.000,29.498,1,925681.244,144228.347
2067.495,30.000,29.500,1,925869.135,144198.961
2068.492,30.000,29.587,1,925906.195,144331.680
2069.500,30.000,29.600,1,926094.135,144340.762
2070.515,30.000,29.679,1,926299.348,144391.763
2071.499,30.000,29.700,1,926461.325,144413.990
2072.504,30.000,29.773,1,926391.236,144446.126
2073.501,30.000,29.800,1,926539.423,144451.484
2074.497,30.000,29.800,1,926563.875,144370.793
2075.505,30.000,29.867,1,926699.888,144241.365
2076.493,30.000,29.900,1,926747.270,144475.002
2077.491,30.000,29.900,1,926746.486,144528.835
2078.491,30.000,29.949,1,926868.567,144651.294
2079.497,30.000,30.000,1,926933.504,144550.415
2080.495,30.000,30.036,1,926875.474,144542.057
2081.505,30.000,30.100,1,926960.686,144568.232
2082.500,30.000,30.100,1,927023.543,144601.557
2083.498,30.000,30.128,1,927099.548,144605.923
2084.495,30.000,30.200,1,927125.932,144622.627
2085.498,30.000,30.200,1,927168.006,144636.742
2086.494,30.000,30.200,1,927214.411,144635.366
2087.505,30.000,30.221,1,927235.913,144644.809
2088.508,30.000,30.300,1,927290.740,144642.557
2089.495,30.000,30.300,1,927306.611,144632.086
2090.492,30.000,30.310,1,927313.222,144694.650
2091.488,30.000,30.400,1,927322.209,144697.773
2092.488,30.000,30.400,1,927325.953,144691.163
2093.492,30.000,30.400,1,927342.765,144685.757
2094.502,30.000,30.400,1,927345.539,144708.960
2095.497,30.000,30.494,1,927364.563,144710.340
2096.138,30.000,30.500,1,927383.612,144667.099
2097.530,30.000,30.500,1,927383.333,144564.639
2098.504,30.000,30.500,1,927401.297,144704.841
2099.504,30.000,30.500,1,927426.148,144756.214
2100.491,30.000,30.500,1,927419.900,144748.487
2101.511,30.000,30.558,1,927438.624,144780.564
2102.497,30.000,30.600,1,927443.551,144726.209
2103.501,30.000,30.600,1,927435.134,144780.530
2104.503,30.000,30.600,1,927427.564,144788.985
2105.507,30.000,30.600,1,927443.500,144772.587
2106.500,30.000,30.600,1,927435.632,144804.519
2107.503,30.000,30.640,1,927442.761,144650.155
2108.512,30.000,30.700,1,927438.601,144777.702
2109.504,30.000,30.700,1,927461.714,144801.053
2110.498,30.000,30.700,1,927461.746,144672.947
2111.491,30.000,30.700,1,927465.293,144575.448
2112.491,30.000,30.700,1,927454.256,144754.981
2113.496,30.000,30.700,1,927458.145,144615.381
2114.500,30.000,30.700,1,927450.885,144538.583
2115.496,30.000,30.700,1,927448.645,144543.433
2116.508,30.000,30.700,1,927441.353,144805.373
2117.499,30.000,30.700,1,927431.298,144662.053
2118.492,30.000,30.700,1,927412.096,144772.586
2119.498,30.000,30.700,1,927420.514,144758.050
2120.502,30.000,30.700,1,927421.708,144745.037
2121.509,30.000,30.700,1,927422.828,144765.537
2122.510,30.000,30.700,1,927442.849,144786.385
2123.486,30.000,30.700,1,927430.589,144765.621
2124.506,30.000,30.700,1,927424.716,144758.172
2125.499,30.000,30.700,1,927417.268,144754.801
2126.498,30.000,30.700,1,927426.286,144756.193
2127.503,30.000,30.700,1,927417.374,144755.451
2128.512,30.000,30.700,1,927387.878,144583.064
2129.508,30.000,30.700,1,927324.187,144530.365
2130.504,30.000,30.636,1,927335.531,144492.076
2131.505,30.000,30.600,1,927323.945,144665.575
2132.499,30.000,30.600,1,927311.705,144396.827
2133.486,30.000,30.553,1,927251.057,144593.085
2134.503,30.000,30.500,1,927206.893,144617.597
2135.499,30.000,30.500,1,927213.507,144617.568
2136.498,30.000,30.461,1,927166.642,144624.910
2137.500,30.000,30.400,1,927081.454,144590.755
2138.507,30.000,30.400,1,927067.813,144586.059
2139.522,30.000,30.400,1,927037.630,144424.386
2140.510,30.000,30.379,1,927004.770,144279.557
2141.504,30.000,30.300,1,926921.116,144314.626
2142.498,30.000,30.300,1,926935.881,144342.518
2143.506,30.000,30.300,1,926969.321,144401.612
2144.506,30.000,30.300,1,926776.027,144356.196
2145.505,30.000,30.300,1,926720.248,144509.252
2146.490,30.000,30.200,1,926669.315,144473.089
2147.499,30.000,30.200,1,926605.647,144488.505
2148.504,30.000,30.200,1,926600.757,144489.587
2149.505,30.000,30.200,1,926510.899,144247.517
2150.503,30.000,30.200,1,926483.646,144368.123
2151.504,30.000,30.200,1,926417.059,144520.098
2152.498,30.000,30.200,1,926497.988,144535.856
2153.495,30.000,30.200,1,926345.680,144279.997
2154.492,30.000,30.135,1,926269.326,144388.441
2155.487,30.000,30.100,1,926171.180,144392.496
2156.498,30.000,30.100,1,926092.875,144401.540
2157.506,30.000,30.100,1,926011.181,144440.214
2158.494,30.000,30.100,1,925882.646,144386.864
2159.497,30.000,30.100,1,925941.506,144342.521
2160.502,30.000,30.100,1,926014.238,144161.098
2161.502,30.000,30.100,1,926087.009,144320.192
2162.499,30.000,30.100,1,925911.972,144316.945
2163.495,30.000,30.100,1,925900.902,144308.122
2164.502,30.000,30.100,1,925758.061,144304.184
2165.497,30.000,30.100,1,925564.373,144281.883
2166.506,30.000,30.070,1,925451.133,144311.481
2167.501,30.000,30.000,1,925574.634,144321.233
2168.493,30.000,30.000,1,925305.497,144207.491
2169.502,30.000,30.000,1,925311.257,144322.104
2170.514,30.000,30.000,1,925240.358,144297.032
2171.495,30.000,30.000,1,925290.061,144289.982
2172.509,30.000,30.000,1,925214.935,144220.212
2173.503,30.000,30.000,1,925271.855,144263.629
2174.493,30.000,30.000,1,925065.666,144237.091
2175.504,30.000,30.000,1,925155.263,144249.131
2176.499,30.000,30.000,1,925155.095,144185.356
2177.498,30.000,30.000,1,925233.604,144144.088
2178.505,30.000,30.000,1,925152.331,144152.151
2179.498,30.000,30.000,1,925040.422,144229.866
2180.499,30.000,30.000,1,925033.146,144264.689
2181.491,30.000,29.926,1,924999.796,143994.014
2182.503,30.000,29.900,1,924736.768,144151.142
2183.499,30.000,29.900,1,924554.209,144196.852
2184.493,30.000,29.900,1,924696.593,144206.850
2185.497,30.000,29.900,1,924669.017,144224.880
2186.497,30.000,29.900,1,924688.893,144227.273
2187.508,30.000,29.900,1,924546.278,144053.206
2188.507,30.000,29.900,1,924570.699,144204.721
2189.515,30.000,29.900,1,924493.063,144224.885
2190.502,30.000,29.900,1,924429.289,144071.924
2191.495,30.000,29.900,1,924295.031,144185.702
2192.492,30.000,29.900,1,924430.172,144162.211
2193.493,30.000,29.874,1,924371.634,144160.363
2194.504,30.000,29.800,1,924242.740,144166.262
2195.503,30.000,29.800,1,924237.614,144013.811
2196.502,30.000,29.800,1,924123.917,144195.300
2197.503,30.000,29.800,1,924150.178,144185.218
2198.516,30.000,29.800,1,923933.347,144153.745
2199.497,30.000,29.800,1,923972.665,143972.279
2200.497,30.000,29.800,1,923603.617,143864.741
2201.505,30.000,29.700,1,923431.210,143939.935
2202.493,30.000,29.700,1,923098.586,144131.458
2203.500,30.000,29.700,1,923111.859,144092.021
2204.515,30.000,29.613,1,922924.045,144058.552
2205.503,30.000,29.600,1,922896.008,144101.892
2206.508,30.000,29.600,1,922516.494,144120.235
2207.507,30.000,29.600,1,922479.199,144028.314
2208.509,30.000,29.540,1,922166.864,144062.690
2209.502,30.000,29.500,1,922132.448,144034.765
2210.499,30.000,29.500,1,922256.970,143997.994
2211.498,30.000,29.500,1,921969.685,143974.041
2212.499,30.000,29.452,1,921789.124,143970.988
2213.506,30.000,29.400,1,921770.939,143970.269
2214.496,30.000,29.400,1,921531.894,143916.545
2215.500,30.000,29.400,1,921564.782,143818.531
2216.505,30.000,29.400,1,921305.230,143967.568
2217.493,30.000,29.400,1,921385.215,143950.183
2218.494,30.000,29.400,1,921130.968,143940.841
2219.498,30.000,29.400,1,921133.764,143920.157
2220.513,30.000,29.400,1,920970.155,143954.246
2221.500,30.000,29.400,1,921093.577,143807.358
2222.499,30.000,29.380,1,920784.638,143852.063
2223.498,30.000,29.300,1,920933.078,143917.918
2224.497,30.000,29.300,1,920913.240,143895.730
2225.502,30.000,29.300,1,920782.247,143883.741
2226.488,30.000,29.300,1,920902.363,143840.682
2227.500,30.000,29.300,1,920833.140,143648.841
2228.491,30.000,29.300,1,920758.436,143673.893
2229.502,30.000,29.300,1,920805.301,143899.839
2230.491,30.000,29.300,1,920962.899,143918.508
2231.500,30.000,29.300,1,920707.562,143862.693
2232.508,30.000,29.300,1,920891.288,143873.776
2233.488,30.000,29.300,1,921183.652,143885.401
2234.498,30.000,29.300,1,920787.389,143880.354
2235.511,30.000,29.300,1,920621.865,143854.053
2236.501,30.000,29.300,1,920499.496,143776.830
2237.496,30.000,29.300,1,920261.702,143899.897
2238.498,30.000,29.300,1,920319.107,143880.959
2239.498,30.000,29.300,1,920446.704,143817.939
2240.501,30.000,29.300,1,920548.251,143629.900
2241.506,30.000,29.247,1,920887.669,143618.206
2242.516,30.000,29.200,1,921566.300,143598.790
2243.509,30.000,29.200,1,921635.026,143804.676
2244.503,30.000,29.200,1,921500.985,143658.410
2245.501,30.000,29.200,1,921588.853,143647.029
2246.495,30.000,29.200,1,921811.021,143913.760
2247.499,30.000,29.200,1,921824.500,143623.110
2248.496,30.000,29.200,1,921904.476,143702.743
2249.496,30.000,29.200,1,921844.878,143651.952
2250.500,30.000,29.200,1,921993.902,144006.724
2251.504,30.000,29.200,1,921786.057,143989.300
2252.512,30.000,29.200,1,921750.194,143728.986
2253.510,30.000,29.200,1,922685.191,143737.409
2254.503,30.000,29.200,1,922394.501,143938.743
2255.515,30.000,29.200,1,922072.507,143914.661
2256.502,30.000,29.200,1,921832.384,143902.222
2257.493,30.000,29.200,1,921949.852,143910.616
2258.498,30.000,29.200,1,922030.612,143996.053
2259.490,30.000,29.200,1,921872.156,143946.963
2260.489,30.000,29.200,1,922075.551,143927.174
2261.498,30.000,29.200,1,921785.479,143932.974
2262.492,30.000,29.200,1,921961.866,143917.388
2263.497,30.000,29.254,1,922058.486,143806.768
2264.493,30.000,29.300,1,922098.535,143818.618
2265.491,30.000,29.300,1,922213.798,143812.023
2266.503,30.000,29.300,1,921934.252,143944.361
2267.499,30.000,29.300,1,921933.781,143964.632
2268.506,30.000,29.300,1,922063.693,143979.565
2269.504,30.000,29.300,1,922367.622,143939.779
2270.497,30.000,29.300,1,922278.031,143958.349
2271.508,30.000,29.300,1,922080.550,143921.616
2272.503,30.000,29.300,1,922066.947,143688.526
2273.494,30.000,29.300,1,922384.190,143875.472
2274.490,30.000,29.300,1,922583.879,143942.741
2275.499,30.000,29.300,1,922572.983,143823.064
2276.502,30.000,29.300,1,922565.806,143912.563
2277.499,30.000,29.300,1,922493.050,143994.833
2278.505,30.000,29.300,1,922445.642,143999.200
2279.496,30.000,29.300,1,922559.952,143965.532
2280.509,30.000,29.300,1,922664.176,143989.349
2281.509,30.000,29.300,1,922775.380,143930.886
2282.506,30.000,29.300,1,922504.930,143958.096
2283.495,30.000,29.300,1,922778.975,143966.884
2284.504,30.000,29.300,1,922742.531,144016.021
2285.501,30.000,29.300,1,922542.247,143988.029
2286.505,30.000,29.300,1,922501.313,143919.416
2287.502,30.000,29.300,1,923553.585,143760.554
2288.508,30.000,29.300,1,924022.259,143898.715
2289.498,30.000,29.300,1,924235.776,144034.674
2290.498,30.000,29.300,1,923687.635,144038.523
2291.503,30.000,29.300,1,924027.768,144046.265
2292.502,30.000,29.300,1,923966.382,143872.578
2293.516,30.000,29.336,1,923822.340,143959.660
2294.488,30.000,29.400,1,924062.127,144055.985
2295.490,30.000,29.400,1,923994.992,144019.879
2296.497,30.000,29.400,1,924193.433,144000.857
2297.496,30.000,29.400,1,924050.848,144053.751
2298.505,30.000,29.400,1,923998.933,144050.813
2299.509,30.000,29.400,1,924157.633,144058.653
2300.500,30.000,29.400,1,924285.141,144062.267
2301.504,30.000,29.400,1,924393.790,144049.138
2302.512,30.000,29.400,1,924387.359,143834.174
2303.500,30.000,29.400,1,924402.690,143805.610
2304.514,30.000,29.400,1,924521.666,143833.262
2305.508,30.000,29.400,1,924534.458,144113.970
2306.500,30.000,29.400,1,924731.471,144108.335
2307.516,30.000,29.400,1,924635.059,144117.646
2308.494,30.000,29.400,1,924697.655,143955.334
2309.505,30.000,29.400,1,924553.570,144035.968
2310.508,30.000,29.400,1,924623.803,144095.636
2311.511,30.000,29.400,1,924737.439,143995.779
2312.498,30.000,29.468,1,924669.430,144025.162
2313.491,30.000,29.500,1,924676.093,144074.165
2314.497,30.000,29.500,1,924580.009,144057.709
2315.500,30.000,29.500,1,924663.973,144044.695
2316.506,30.000,29.442,1,924459.203,144068.475
2317.504,30.000,29.400,1,924308.861,143894.716
2318.483,30.000,29.400,1,924765.271,143835.344
2319.495,30.000,29.400,1,925031.877,144082.054
2320.506,30.000,29.400,1,924680.324,144085.661
2321.497,30.000,29.400,1,924545.524,144086.555
2322.498,30.000,29.400,1,924600.901,144079.580
2323.500,30.000,29.400,1,924321.534,143899.211
2324.514,30.000,29.375,1,924286.134,144057.429
2325.498,30.000,29.300,1,924087.304,144098.700
2326.514,30.000,29.300,1,924249.364,143987.944
2327.505,30.000,29.300,1,924730.119,144072.301
2328.496,30.000,29.300,1,924224.129,143977.894
2329.493,30.000,29.300,1,924223.340,144097.793
2330.499,30.000,29.300,1,924125.310,144067.064
2331.501,30.000,29.300,1,924228.076,144027.596
2332.503,30.000,29.300,1,924298.915,143794.008
2333.502,30.000,29.300,1,924450.007,144072.383
2334.502,30.000,29.392,1,924337.533,144080.871
2335.506,30.000,29.400,1,924538.929,144089.379
2336.503,30.000,29.400,1,924342.783,144053.418
2337.486,30.000,29.400,1,924387.518,144005.568
2338.493,30.000,29.400,1,924337.190,143853.928
2339.493,30.000,29.400,1,924571.886,144095.858
2340.494,30.000,29.400,1,924542.031,144082.293
2341.500,30.000,29.400,1,924421.180,144006.565
2342.497,30.000,29.400,1,924651.995,144028.117
2343.498,30.000,29.400,1,924591.430,143864.172
2344.493,30.000,29.400,1,925016.157,143815.100
2345.505,30.000,29.400,1,925370.706,143828.050
2346.496,30.000,29.400,1,924944.121,143933.010
2347.510,30.000,29.400,1,924755.328,144099.241
2348.506,30.000,29.400,1,924820.863,144110.114
2349.516,30.000,29.442,1,924769.916,144123.979
2350.503,30.000,29.500,1,924808.750,144137.420
2351.502,30.000,29.500,1,924727.467,144035.323
2352.517,30.000,29.500,1,924896.631,143945.351
2353.505,30.000,29.500,1,925213.671,144127.647
2354.498,30.000,29.500,1,924985.832,144153.358
2355.493,30.000,29.500,1,925064.587,144085.703
2356.504,30.000,29.500,1,924665.042,143930.522
2357.497,30.000,29.500,1,924247.521,144119.930
2358.489,30.000,29.500,1,924315.912,144138.020
2359.509,30.000,29.500,1,924408.066,144138.253
2360.504,30.000,29.500,1,924191.510,144111.755
2361.510,30.000,29.500,1,923988.986,144155.200
2362.497,30.000,29.500,1,924101.184,144274.542
2363.505,30.000,29.500,1,924580.785,144361.335
2364.499,30.000,29.589,1,924333.139,144375.408
2365.501,30.000,29.600,1,924299.906,144291.894
2366.498,30.000,29.600,1,924509.272,144282.510
2367.488,30.000,29.600,1,924339.951,144269.182
2368.504,30.000,29.600,1,924786.386,144191.563
2369.496,30.000,29.600,1,924540.880,144189.325
2370.497,30.000,29.600,1,924641.974,144300.660
2371.504,30.000,29.600,1,924520.828,144287.647
2372.500,30.000,29.600,1,924549.612,143961.281
2373.487,30.000,29.600,1,924748.097,143974.082
2374.491,30.000,29.600,1,924745.992,144154.342
2375.504,30.000,29.600,1,924894.803,144225.077
2376.506,30.000,29.600,1,924845.214,144202.372
2377.501,30.000,29.600,1,924978.078,144219.230
2378.505,30.000,29.626,1,924882.145,144257.182
2379.503,30.000,29.700,1,925008.890,144004.186
2380.496,30.000,29.700,1,924830.997,144257.241
2381.492,30.000,29.700,1,924878.215,144221.460
2382.504,30.000,29.700,1,925166.239,144114.607
2383.502,30.000,29.700,1,925055.361,144227.434
2384.501,30.000,29.700,1,925122.371,144083.872
2385.502,30.000,29.700,1,925084.210,144258.332
2386.504,30.000,29.700,1,925259.358,144260.439
2387.511,30.000,29.700,1,925203.331,144244.421
2388.490,30.000,29.700,1,925239.795,144177.276
2389.489,30.000,29.700,1,925206.365,144000.839
2390.491,30.000,29.700,1,925289.022,144007.693
2391.498,30.000,29.700,1,925390.687,144198.331
2392.500,30.000,29.700,1,925392.226,144038.879
2393.498,30.000,29.700,1,925340.078,144078.355
2394.501,30.000,29.700,1,925377.794,144301.984
2395.516,30.000,29.757,1,925577.885,144269.005
2396.508,30.000,29.800,1,925560.925,144272.390
2397.508,30.000,29.800,1,925612.649,144190.100
2398.502,30.000,29.800,1,925525.011,144117.250
2399.520,30.000,29.800,1,925586.419,144285.436
2400.513,30.000,29.800,1,925667.733,144208.229
2401.494,30.000,29.800,1,925689.131,144250.156
2402.502,30.000,29.800,1,925664.634,144292.427
2403.493,30.000,29.800,1,925732.299,144313.216
2404.485,30.000,29.800,1,925709.129,144219.534
2405.494,30.000,29.800,1,925806.412,144036.343
2406.495,30.000,29.800,1,925690.701,144301.285
2407.501,30.000,29.800,1,925833.688,144314.152
2408.508,30.000,29.800,1,925761.498,144227.008
2409.510,30.000,29.800,1,925776.409,144168.089
2410.499,30.000,29.800,1,925702.715,144327.522
2411.499,30.000,29.800,1,925873.126,144340.649
2412.517,30.000,29.800,1,925937.993,144288.475
2413.506,30.000,29.800,1,925881.574,144083.400
2414.512,30.000,29.800,1,925976.717,144261.703
2415.498,30.000,29.884,1,925975.761,144326.289
2416.491,30.000,29.900,1,926001.212,144294.019
2417.495,30.000,29.900,1,925956.479,144158.269
2418.506,30.000,29.900,1,926074.012,144338.285
2419.504,30.000,29.900,1,926074.982,144340.285
2420.494,30.000,29.900,1,926107.412,144361.900
2421.489,30.000,29.900,1,926002.739,144364.518
2422.503,30.000,29.900,1,926037.288,144377.672
2423.495,30.000,29.900,1,926079.745,144386.461
2424.498,30.000,29.900,1,926131.663,144356.242
2425.502,30.000,29.900,1,926212.019,144380.710
2426.499,30.000,29.900,1,926169.359,144363.999
2427.503,30.000,29.900,1,926183.613,144346.013
2428.495,30.000,29.900,1,926182.214,144288.385
2429.497,30.000,29.900,1,926079.212,144087.545
2430.496,30.000,29.900,1,926111.931,144187.500
2431.498,30.000,29.900,1,926009.369,144277.211
2432.495,30.000,29.876,1,925972.074,144254.774
2433.504,30.000,29.800,1,926053.602,144313.894
2434.507,30.000,29.800,1,925891.985,144269.080
2435.493,30.000,29.800,1,925990.677,144219.878
2436.492,30.000,29.800,1,925958.568,144313.770
2437.496,30.000,29.800,1,925976.143,144349.903
2438.511,30.000,29.800,1,925706.848,144324.313
2439.499,30.000,29.800,1,926241.191,144309.111
2440.496,30.000,29.800,1,925819.528,144330.876
2441.485,30.000,29.800,1,925794.069,144304.353
2442.497,30.000,29.800,1,925913.777,144032.470
2443.505,30.000,29.800,1,925557.521,144181.969
2444.490,30.000,29.800,1,925541.779,144322.524
2445.494,30.000,29.800,1,925611.373,144321.654
2446.491,30.000,29.800,1,925561.053,144324.396
2447.494,30.000,29.800,1,925291.072,144161.035
2448.501,30.000,29.800,1,925076.620,144158.549
2449.496,30.000,29.800,1,925106.796,144140.632
2450.502,30.000,29.800,1,925042.149,144293.327
2451.495,30.000,29.800,1,925249.175,144317.984
2452.510,30.000,29.800,1,925189.883,144300.793
2453.492,30.000,29.800,1,925103.344,144275.891
2454.507,30.000,29.800,1,925022.771,144247.934
2455.506,30.000,29.800,1,925154.443,144265.160
2456.499,30.000,29.800,1,925033.744,144290.773
2457.495,30.000,29.800,1,924859.899,144254.072
2458.504,30.000,29.800,1,925081.172,144069.224
2459.505,30.000,29.800,1,925115.330,144048.143
2460.502,30.000,29.800,1,925443.247,144223.365
2461.518,30.000,29.800,1,925655.956,144280.780
2462.503,30.000,29.800,1,925292.978,144268.799
2463.498,30.000,29.800,1,925204.003,144289.402
2464.505,30.000,29.800,1,924865.172,144288.387
2465.497,30.000,29.800,1,925031.232,144272.629
2466.495,30.000,29.800,1,925157.843,144317.978
2467.492,30.000,29.800,1,925078.379,144275.295
2468.491,30.000,29.800,1,925423.172,144019.896
2469.509,30.000,29.800,1,925428.199,144214.986
2470.529,30.000,29.800,1,925142.631,144284.605
2471.508,30.000,29.800,1,925550.677,144284.039
2472.504,30.000,29.800,1,925541.938,144281.308
2473.496,30.000,29.800,1,925542.756,144287.930
2474.503,30.000,29.800,1,925525.576,144301.702
2475.509,30.000,29.800,1,925436.475,144170.334
2476.502,30.000,29.800,1,925469.948,144220.891
2477.502,30.000,29.800,1,925654.689,144265.447
2478.500,30.000,29.800,1,925570.441,144036.523
2479.501,30.000,29.800,1,925650.112,144179.035
2480.494,30.000,29.800,1,925658.146,144290.542
2481.492,30.000,29.800,1,925684.141,144314.926
2482.504,30.000,29.800,1,925621.316,144319.825
2483.498,30.000,29.800,1,925725.143,144138.223
2484.502,30.000,29.800,1,925642.082,144186.623
2485.494,30.000,29.800,1,925712.244,144276.765
2486.495,30.000,29.800,1,925842.315,144316.248
2487.494,35.000,29.800,1,925869.666,144313.981
2488.497,35.000,29.882,1,926081.250,144386.376
2489.499,35.000,29.900,1,926300.347,144345.796
2490.498,35.000,29.900,1,925870.252,144373.418
2491.501,35.000,29.900,1,925971.961,144368.335
2492.503,35.000,29.900,1,926064.494,144276.723
2493.520,35.000,29.900,1,925969.989,144357.360
2494.505,35.000,29.900,1,926015.855,144355.368
2495.507,35.000,29.900,1,926057.720,144286.861
2496.505,35.000,29.900,1,926071.353,144103.055
2497.518,35.000,29.900,1,926150.488,144129.001
2498.504,35.000,29.900,1,926141.644,144413.635
2499.500,35.000,29.900,1,926200.201,144414.639
2500.503,35.000,29.900,1,926241.690,144211.006
2501.518,35.000,29.900,1,926214.364,144202.472
2502.522,35.000,29.928,1,926156.334,144417.630
2503.501,35.000,30.000,1,926347.235,144402.376
2504.493,35.000,30.000,1,926451.202,144412.131
2505.495,35.000,30.000,1,926512.234,144417.886
2506.497,35.000,30.000,1,926606.732,144427.815
2507.498,35.000,30.007,1,926649.664,144453.410
2508.492,35.000,30.100,1,926764.700,144458.272
2509.497,35.000,30.100,1,926773.436,144496.986
2510.504,35.000,30.100,1,926759.678,144540.725
2511.515,35.000,30.198,1,926848.817,144470.005
2512.505,35.000,30.200,1,926955.741,144528.982
2513.498,35.000,30.200,1,926998.775,144530.123
2514.498,35.000,30.289,1,927088.525,144532.540
2515.497,35.000,30.300,1,927294.410,144571.016
2516.496,35.000,30.382,1,927312.029,144572.174
2517.500,35.000,30.400,1,927343.981,144389.029
2518.500,35.000,30.400,1,927371.441,144634.380
2519.493,35.000,30.468,1,927308.916,144593.295
2520.508,35.000,30.500,1,927359.152,144684.873
2521.498,35.000,30.562,1,927366.223,144686.786
2522.492,35.000,30.600,1,927395.051,144655.649
2523.516,35.000,30.657,1,927436.384,144736.595
2524.495,35.000,30.700,1,927445.768,144786.493
2525.495,35.000,30.747,1,927466.537,144615.763
2526.498,35.000,30.800,1,927466.655,144628.981
2527.498,35.000,30.842,1,927493.192,144709.110
2528.501,35.000,30.900,1,927503.589,144637.326
2529.521,35.000,30.929,1,927497.697,144788.037
2530.501,35.000,31.000,1,927501.493,144668.104
2531.501,35.000,31.023,1,927516.185,144733.005
2532.498,35.000,31.119,1,927528.367,144938.216
2533.499,35.000,31.200,1,927540.456,145043.001
2534.495,35.000,31.210,1,927545.100,145071.341
2535.493,35.000,31.310,1,927560.506,145156.871
2536.494,35.000,31.400,1,927575.409,145177.593
2537.493,35.000,31.400,1,927598.268,145135.048
2538.487,35.000,31.498,1,927631.432,144935.643
2539.496,35.000,31.500,1,927633.266,145132.954
2540.499,35.000,31.590,1,927669.113,145260.292
2541.513,35.000,31.687,1,927695.490,145187.373
2542.519,35.000,31.700,1,927751.959,145308.522
2543.509,35.000,31.777,1,927787.056,145373.889
2544.501,35.000,31.874,1,927808.442,145395.616
2545.498,35.000,31.900,1,927856.179,145398.646
2546.487,35.000,31.900,1,927929.413,145241.349
2547.490,35.000,31.952,1,927958.247,145318.538
2548.493,35.000,32.000,1,928066.980,145396.808
2549.499,35.000,32.058,1,928130.534,145472.332
2550.494,35.000,32.100,1,928194.839,145296.146
2551.502,35.000,32.139,1,928291.427,145529.711
2552.509,35.000,32.200,1,928483.166,145572.996
2553.504,35.000,32.235,1,928829.882,145618.648
2554.497,35.000,32.300,1,928650.092,145620.389
2555.503,35.000,32.324,1,928752.294,145617.204
2556.491,35.000,32.400,1,929127.768,145675.615
2557.496,35.000,32.416,1,929316.603,145656.838
2558.494,35.000,32.500,1,929545.108,145766.604
2559.503,35.000,32.510,1,929757.867,145637.112
2560.495,35.000,32.600,1,930600.072,145525.598
2561.504,35.000,32.600,1,930273.560,145577.696
2562.503,35.000,32.700,1,930465.797,145844.884
2563.503,35.000,32.797,1,931144.863,145897.449
2564.497,35.000,32.800,1,931406.743,145911.699
2565.498,35.000,32.893,1,931660.514,145942.047
2566.501,35.000,32.900,1,931979.111,145952.784
2567.494,35.000,32.986,1,932268.313,145961.306
2568.496,35.000,33.081,1,933036.285,146011.535
2569.488,35.000,33.100,1,932951.674,145978.546
2570.502,35.000,33.169,1,934103.917,145817.243
2571.498,35.000,33.200,1,933706.474,145941.793
2572.496,35.000,33.265,1,934120.949,146144.181
2573.497,35.000,33.362,1,934687.202,146200.194
2574.499,35.000,33.400,1,935211.548,146260.500
2575.511,35.000,33.457,1,935486.796,146236.136
2576.503,35.000,33.500,1,935762.610,146272.586
2577.501,35.000,33.548,1,935606.883,146306.727
2578.498,35.000,33.645,1,936328.160,146252.487
2579.500,35.000,33.700,1,936814.990,146382.751
2580.504,35.000,33.741,1,937275.642,146400.800
2581.509,35.000,33.800,1,937548.894,146442.174
2582.512,35.000,33.826,1,937939.912,146497.747
2583.496,35.000,33.900,1,938245.898,146397.953
2584.508,35.000,33.927,1,939092.526,146375.385
2585.488,35.000,34.000,1,938685.961,146529.627
2586.510,35.000,34.009,1,938987.605,146543.240
2587.501,35.000,34.100,1,939416.712,146446.173
2588.505,35.000,34.113,1,939480.770,146503.471
2589.512,35.000,34.200,1,939852.683,146604.609
2590.513,35.000,34.200,1,939828.933,146637.228
2591.494,35.000,34.296,1,939870.652,146648.162
2592.499,35.000,34.300,1,939983.793,146609.629
2593.500,35.000,34.380,1,940116.080,146649.564
2594.497,35.000,34.400,1,940381.659,146601.410
2595.499,35.000,34.478,1,940334.938,146614.287
2596.494,35.000,34.577,1,940437.101,146612.355
2597.502,35.000,34.600,1,940489.114,146694.110
2598.496,35.000,34.600,1,940560.089,146828.478
2599.506,35.000,34.658,1,940630.112,146739.770
2600.501,35.000,34.700,1,940726.291,146676.002
2601.497,35.000,34.759,1,940814.412,146888.064
2602.503,35.000,34.800,1,940832.582,146905.880
2603.503,35.000,34.843,1,940885.013,146916.475
2604.505,35.000,34.900,1,940893.582,146923.339
2605.496,35.000,34.938,1,940950.819,146981.219
2606.500,35.000,35.000,1,940990.428,146984.997
2607.496,35.000,35.000,1,941006.775,146884.775
2608.493,35.000,35.028,1,941028.436,146973.160
2609.501,35.000,35.100,1,941042.554,146834.473
2610.503,35.000,35.100,1,941049.435,146780.951
2611.502,35.000,35.106,1,941055.388,146837.030
2612.495,35.000,35.200,1,941084.498,147064.057
2613.501,35.000,35.200,1,941099.449,146923.678
2614.496,35.000,35.200,1,941120.946,146991.402
2615.495,35.000,35.291,1,941114.272,146848.849
2616.499,35.000,35.300,1,941121.995,147124.140
2617.503,35.000,35.300,1,941129.565,147256.782
2618.499,35.000,35.300,1,941137.745,147260.729
2619.500,35.000,35.374,1,941150.590,147195.921
2620.506,35.000,35.400,1,941144.809,147205.618
2621.519,35.000,35.400,1,941145.303,147164.359
2622.500,35.000,35.467,1,941153.794,147192.820
2623.495,35.000,35.500,1,941164.610,147237.591
2624.505,35.000,35.500,1,941159.784,147235.885
2625.502,35.000,35.500,1,941160.183,147072.324
2626.505,35.000,35.546,1,941168.269,147256.880
2627.499,35.000,35.600,1,941169.452,147149.907
2628.497,35.000,35.600,1,941182.598,147309.171
2629.498,35.000,35.600,1,941175.033,147231.957
2630.491,35.000,35.625,1,941178.262,147368.925
2631.508,35.000,35.700,1,941182.482,147340.676
2632.500,35.000,35.700,1,941184.857,147239.623
2633.501,35.000,35.700,1,941185.162,147098.529
2634.505,35.000,35.711,1,941186.590,147273.442
2635.494,35.000,35.800,1,941189.147,147369.644
2636.499,35.000,35.800,1,941180.084,147103.475
2637.504,35.000,35.800,1,941184.885,147376.500
2638.502,35.000,35.800,1,941181.436,147381.974
2639.502,35.000,35.702,1,941184.922,147281.239
2640.502,35.000,35.700,1,941185.296,147242.508
2641.494,35.000,35.700,1,941183.828,147363.022
2642.495,35.000,35.700,1,941182.113,147347.356
2643.508,35.000,35.700,1,941180.998,147100.549
2644.497,35.000,35.700,1,941175.928,147332.195
2645.504,35.000,35.700,1,941177.869,147339.606
2646.497,35.000,35.700,1,941176.727,147280.407
2647.500,35.000,35.700,1,941174.872,147231.785
2648.500,35.000,35.700,1,941177.962,147244.375
2649.502,35.000,35.700,1,941170.822,147279.326
2650.505,35.000,35.700,1,941168.645,147281.908
2651.507,35.000,35.700,1,941157.618,147310.868
2652.504,35.000,35.700,1,941159.274,147291.772
2653.492,35.000,35.662,1,941159.997,147190.988
2654.504,35.000,35.600,1,941153.379,147220.549
2655.512,35.000,35.600,1,941144.856,147280.285
2656.509,35.000,35.600,1,941142.990,147104.379
2657.503,35.000,35.577,1,941142.309,147160.969
2658.498,35.000,35.500,1,941126.286,147147.745
2659.494,35.000,35.500,1,941123.171,147261.685
2660.494,35.000,35.500,1,941121.358,147150.866
2661.499,35.000,35.500,1,941110.904,147075.165
2662.503,35.000,35.500,1,941106.243,147164.530
2663.506,35.000,35.495,1,941100.200,147140.962
2664.507,35.000,35.400,1,941096.879,147078.415
2665.497,35.000,35.400,1,941083.115,147077.033
2666.504,35.000,35.400,1,941082.648,147037.468
2667.499,35.000,35.400,1,941072.675,147099.053
2668.498,35.000,35.400,1,941072.837,147098.221
2669.498,35.000,35.400,1,941049.505,147031.437
2670.517,35.000,35.400,1,941042.898,147045.910
2671.497,35.000,35.400,1,941020.716,147070.803
2672.497,35.000,35.400,1,941031.591,146879.198
2673.502,35.000,35.400,1,941029.042,147006.782
2674.496,35.000,35.400,1,941009.405,146901.858
2675.499,35.000,35.327,1,941007.056,147035.693
2676.490,35.000,35.300,1,941012.037,147005.367
2677.494,35.000,35.300,1,940985.737,147129.683
2678.504,35.000,35.300,1,940975.734,147096.660
2679.494,35.000,35.300,1,940940.596,146926.154
2680.504,35.000,35.300,1,940955.843,146782.811
2681.499,35.000,35.300,1,940950.746,146765.874
2682.501,35.000,35.300,1,940931.820,146944.818
2683.507,35.000,35.300,1,940923.066,146964.866
2684.512,35.000,35.300,1,940914.076,146805.602
2685.499,35.000,35.300,1,940852.448,146829.328
2686.498,35.000,35.300,1,940812.362,146927.794
2687.500,35.000,35.288,1,940746.267,146896.717
2688.508,35.000,35.200,1,940690.583,146900.534
2689.508,35.000,35.200,1,940616.265,146882.377
2690.499,35.000,35.195,1,940524.482,146890.322
2691.498,35.000,35.100,1,940500.585,146849.745
2692.484,35.000,35.100,1,940791.343,146773.347
2693.500,35.000,35.009,1,940409.678,146648.758
2694.509,35.000,35.000,1,940280.022,146715.480
2695.507,35.000,35.000,1,940275.932,146701.162
2696.488,35.000,34.918,1,940155.083,146583.620
2697.501,35.000,34.900,1,940029.695,146650.087
2698.498,35.000,34.900,1,940013.793,146667.139
2699.499,35.000,34.900,1,939970.795,146630.932
2700.498,35.000,34.835,1,939825.781,146647.630
2701.498,35.000,34.800,1,939820.347,146629.781
2702.509,35.000,34.800,1,939675.673,146465.928
2703.503,35.000,34.800,1,939634.335,146581.624
2704.507,35.000,34.800,1,939499.294,146646.157
2705.500,35.000,34.800,1,939264.640,146632.433
2706.504,35.000,34.759,1,939370.116,146571.282
2707.501,35.000,34.700,1,939246.372,146450.726
2708.514,35.000,34.700,1,939034.015,146468.513
2709.504,35.000,34.700,1,938982.550,146301.151
2710.497,35.000,34.700,1,939013.645,146525.507
2711.500,35.000,34.700,1,939068.386,146480.751
2712.509,35.000,34.687,1,938880.014,146530.030
2713.503,35.000,34.600,1,938963.238,146496.861
2714.494,35.000,34.600,1,938783.246,146484.371
2715.489,35.000,34.600,1,939074.134,146497.514
2716.495,35.000,34.600,1,938670.658,146468.741
2717.508,35.000,34.600,1,938537.667,146460.578
2718.505,35.000,34.600,1,938384.271,146360.522
2719.494,35.000,34.600,1,938204.638,146432.655
2720.497,35.000,34.600,1,938320.245,146376.877
2721.500,35.000,34.600,1,938315.764,146460.980
2722.509,35.000,34.522,1,938318.751,146449.469
2723.502,35.000,34.500,1,938264.219,146410.501
2724.494,35.000,34.500,1,938230.379,146430.700
2725.503,35.000,34.500,1,938081.153,146422.582
2726.498,35.000,34.500,1,937740.144,146419.890
2727.502,35.000,34.500,1,937723.603,146407.688
2728.510,35.000,34.500,1,937857.943,146221.472
2729.500,35.000,34.500,1,937858.190,146394.415
2730.494,35.000,34.500,1,937791.951,146364.738
2731.502,35.000,34.500,1,937774.714,146355.810
2732.483,35.000,34.500,1,937673.003,146409.674
2733.495,35.000,34.500,1,937738.205,146401.161
2734.502,35.000,34.485,1,937718.825,146354.942
2735.501,35.000,34.400,1,937695.295,146171.572
2736.503,35.000,34.400,1,937941.754,146323.942
2737.500,35.000,34.400,1,938400.605,146354.826
2738.512,35.000,34.400,1,937785.522,146111.811
2739.503,35.000,34.400,1,937347.920,146143.443
2740.508,35.000,34.400,1,937298.708,146331.459
2741.508,35.000,34.400,1,937388.848,146380.953
2742.502,35.000,34.400,1,937499.720,146385.670
2743.494,35.000,34.400,1,937586.414,146393.090
2744.490,35.000,34.400,1,937416.595,146384.150
2745.492,35.000,34.400,1,937691.053,146369.886
2746.497,35.000,34.400,1,937366.252,146377.531
2747.500,35.000,34.400,1,937283.339,146341.343
2748.500,35.000,34.400,1,937254.697,146372.008
2749.488,35.000,34.400,1,937302.376,146361.805
2750.500,35.000,34.400,1,937167.797,146325.403
2751.506,35.000,34.400,1,937249.433,146377.180
2752.502,35.000,34.400,1,937363.556,146352.569
2753.488,35.000,34.400,1,937344.913,146136.196
2754.494,35.000,34.380,1,937329.462,146366.266
2755.502,35.000,34.300,1,937352.236,146448.760
2756.496,35.000,34.300,1,937312.229,146404.499
2757.509,35.000,34.300,1,937257.790,146355.823
2758.513,35.000,34.300,1,937151.422,146383.105
2759.497,35.000,34.300,1,936920.478,146434.368
2760.500,35.000,34.300,1,937101.816,146403.188
2761.500,35.000,34.300,1,937056.955,146380.239
2762.505,35.000,34.300,1,937199.900,146364.733
2763.488,35.000,34.300,1,937231.630,146386.972
2764.504,35.000,34.300,1,937322.712,146376.073
2765.495,35.000,34.300,1,937547.881,146305.566
2766.513,35.000,34.300,1,937309.456,146401.694
2767.506,35.000,34.300,1,937296.964,146160.724
2768.509,35.000,34.300,1,937579.935,146232.350
2769.512,35.000,34.300,1,937490.790,146385.644
2770.491,35.000,34.300,1,937979.444,146379.903
2771.500,35.000,34.300,1,937518.929,146393.415
2772.497,35.000,34.300,1,937436.221,146390.320
2773.384,35.000,34.300,1,937536.452,146393.177
2774.779,35.000,34.300,1,937441.635,146391.651
2775.510,35.000,34.300,1,937449.062,146386.015
2776.496,35.000,34.300,1,937539.915,146266.267
2777.495,35.000,34.300,1,937500.085,146278.524
2778.494,35.000,34.300,1,937441.967,146221.394
2779.493,35.000,34.300,1,937473.594,146342.826
2780.476,35.000,34.300,1,937429.637,146395.118
2781.500,35.000,34.300,1,937458.380,146278.208
2782.503,35.000,34.300,1,937435.688,146402.843
2783.511,35.000,34.300,1,937542.064,146446.555
2784.501,35.000,34.300,1,937487.864,146429.662
2785.506,35.000,34.300,1,937615.543,146415.897
2786.494,35.000,34.300,1,937552.582,146419.117
2787.498,35.000,34.300,1,937404.029,146427.369
2788.507,35.000,34.300,1,937483.255,146430.478
2789.505,35.000,34.300,1,937530.790,146418.099
2790.507,35.000,34.300,1,938228.881,146424.112
2791.510,35.000,34.300,1,937984.953,146416.503
2792.502,35.000,34.300,1,938217.184,146435.766
2793.510,35.000,34.300,1,937632.338,146419.805
2794.498,35.000,34.300,1,937787.584,146433.588
2795.502,35.000,34.300,1,937046.082,146401.306
2796.497,35.000,34.300,1,937340.937,146400.697
2797.508,35.000,34.300,1,938183.957,146384.883
2798.498,35.000,34.300,1,937554.485,146438.222
2799.506,35.000,34.300,1,937540.356,146425.821
2800.499,35.000,34.278,1,937367.534,146409.360
2801.514,35.000,34.200,1,937193.924,146416.957
2802.515,35.000,34.200,1,937092.458,146392.958
2803.494,35.000,34.200,1,937013.986,146393.955
2804.490,35.000,34.200,1,937039.497,146367.449
2805.503,35.000,34.100,1,937017.148,146398.706
2806.505,35.000,34.100,1,936908.215,146332.109
2807.487,35.000,34.100,1,936799.323,146234.131
2808.493,35.000,34.100,1,936716.544,146394.953
2809.513,35.000,34.100,1,936724.936,146220.667
2810.500,35.000,34.100,1,936568.220,146337.166
2811.505,35.000,34.100,1,936443.683,146335.725
2812.497,35.000,34.100,1,936346.686,146112.328
2813.495,35.000,34.100,1,936603.957,146216.867
2814.504,35.000,34.100,1,936783.869,146295.557
2815.498,35.000,34.032,1,936507.214,146310.119
2816.500,35.000,34.000,1,936323.364,146298.145
2817.507,35.000,34.000,1,936221.946,146301.450
2818.509,35.000,34.000,1,936502.923,146306.081
2819.503,35.000,34.000,1,936481.555,146299.620
2820.513,35.000,34.000,1,936614.626,146313.099
2821.501,35.000,34.000,1,936415.421,146310.413
2822.503,35.000,34.000,1,936665.732,146170.624
2823.496,35.000,34.000,1,936530.456,146320.530
2824.498,35.000,34.033,1,936561.244,146306.044
2825.499,35.000,34.100,1,936329.220,146185.490
2826.504,35.000,34.100,1,936396.759,146320.235
2827.503,35.000,34.100,1,936494.558,146341.184
2828.511,35.000,34.100,1,936530.581,146315.124
2829.497,35.000,34.100,1,936412.455,146318.491
2830.501,35.000,34.100,1,936358.053,146327.301
2831.510,35.000,34.100,1,936294.992,146095.063
2832.509,35.000,34.100,1,936537.650,146392.745
2833.510,35.000,34.100,1,936567.944,146303.361
2834.512,35.000,34.100,1,936508.045,146144.707
2835.497,35.000,34.100,1,936610.427,146352.871
2836.483,35.000,34.100,1,936862.970,146316.904
2837.492,35.000,34.100,1,936612.850,146290.251
2838.491,35.000,34.100,1,936795.485,146085.869
2839.490,35.000,34.100,1,937367.131,146389.253
2840.494,35.000,34.100,1,936778.564,146396.430
2841.499,35.000,34.100,1,937341.354,146391.805
2842.502,35.000,34.156,1,937282.627,146364.811
2843.505,35.000,34.200,1,937323.154,146309.730
2844.505,35.000,34.200,1,937356.545,146394.729
2845.504,35.000,34.200,1,937403.516,146408.928
2846.504,35.000,34.200,1,937420.733,146319.340
2847.505,35.000,34.200,1,937382.066,146116.708
2848.498,35.000,34.200,1,937319.652,146274.192
2849.493,35.000,34.200,1,937349.211,146365.286
2850.499,35.000,34.200,1,937526.099,146373.306
2851.506,35.000,34.200,1,937633.782,146402.789
2852.507,35.000,34.200,1,937686.889,146335.154
2853.502,35.000,34.200,1,937656.313,146241.864
2854.497,35.000,34.218,1,937776.423,146468.980
2855.505,35.000,34.300,1,937811.449,146311.505
2856.501,35.000,34.300,1,938086.543,146429.342
2857.496,35.000,34.300,1,937924.266,146418.508
2858.497,35.000,34.300,1,937999.546,146427.135
2859.509,35.000,34.300,1,938156.030,146437.079
2860.505,35.000,34.300,1,938255.522,146440.997
2861.501,35.000,34.300,1,938379.108,146315.366
2862.504,35.000,34.300,1,938480.437,146371.718
2863.499,35.000,34.300,1,938394.034,146452.595
2864.497,35.000,34.300,1,938390.512,146455.101
2865.500,35.000,34.300,1,938493.567,146245.288
2866.499,35.000,34.300,1,938556.911,146341.607
2867.484,35.000,34.300,1,938566.096,146482.365
2868.506,35.000,34.300,1,938737.022,146435.831
2869.502,35.000,34.351,1,938563.143,146394.714
2870.510,35.000,34.400,1,938835.508,146374.186
2871.491,35.000,34.400,1,938881.812,146388.755
2872.498,35.000,34.400,1,938861.996,146511.414
2873.501,35.000,34.400,1,938966.437,146516.118
2874.497,35.000,34.400,1,938928.420,146510.864
2875.506,35.000,34.400,1,939134.917,146499.975
2876.503,35.000,34.400,1,939000.779,146486.041
2877.497,35.000,34.400,1,939027.915,146488.830
2878.494,35.000,34.400,1,939144.794,146456.556
2879.496,35.000,34.400,1,939074.684,146361.750
2880.496,35.000,34.400,1,939170.783,146532.526
2881.496,35.000,34.414,1,939138.443,146330.828
2882.495,35.000,34.500,1,939289.765,146477.777
2883.504,35.000,34.500,1,939412.648,146544.110
2884.509,35.000,34.500,1,939453.409,146546.224
2885.495,35.000,34.500,1,939444.878,146490.701
2886.509,35.000,34.500,1,939456.949,146588.693
2887.496,35.000,34.500,1,939478.293,146579.919
2888.495,35.000,34.500,1,939462.710,146438.602
2889.497,35.000,34.500,1,939469.653,146588.802
2890.500,35.000,34.500,1,939525.009,146608.519
2891.500,35.000,34.500,1,939852.675,146599.575
2892.491,35.000,34.500,1,939777.003,146581.515
2893.496,35.000,34.500,1,939652.095,146455.002
2894.495,35.000,34.563,1,939880.823,146579.714
2895.499,35.000,34.600,1,939850.062,146524.339
2896.494,35.000,34.600,1,939626.239,146634.693
2897.507,35.000,34.600,1,939764.236,146602.296
2898.502,35.000,34.600,1,939789.015,146604.010
2899.512,35.000,34.600,1,939868.080,146583.350
2900.506,35.000,34.600,1,939948.762,146526.152
2901.497,35.000,34.600,1,940067.013,146452.923
2902.500,35.000,34.600,1,940002.843,146585.758
2903.495,35.000,34.600,1,939890.856,146578.199
2904.489,35.000,34.600,1,939984.200,146589.026
2905.500,35.000,34.600,1,940020.205,146637.323
2906.506,35.000,34.600,1,939991.054,146646.805
2907.508,35.000,34.623,1,940085.978,146587.009
2908.524,35.000,34.700,1,940151.490,146608.686
2909.500,35.000,34.700,1,940159.536,146488.607
2910.499,35.000,34.700,1,940132.983,146715.166
2911.510,35.000,34.700,1,940142.619,146737.282
2912.504,35.000,34.700,1,940088.402,146583.094
2913.519,35.000,34.700,1,940122.421,146654.537
2914.508,35.000,34.700,1,940115.379,146695.830
2915.497,35.000,34.700,1,940079.671,146703.965
2916.504,35.000,34.700,1,940052.819,146589.662
2917.506,35.000,34.700,1,939941.136,146688.292
2918.513,35.000,34.700,1,939941.848,146602.565
2919.500,35.000,34.621,1,940021.827,146629.198
2920.501,35.000,34.600,1,939967.928,146470.280
2921.496,35.000,34.600,1,939910.894,146528.178
2922.504,35.000,34.600,1,939854.999,146617.581
2923.484,35.000,34.600,1,939839.093,146575.460
2924.484,35.000,34.600,1,939860.947,146693.777
2925.492,35.000,34.600,1,940026.819,146691.532
2926.495,35.000,34.600,1,939966.058,146643.434
2927.500,35.000,34.600,1,939941.555,146658.896
2928.498,35.000,34.600,1,939919.382,146636.303
2929.497,35.000,34.600,1,939893.918,146577.447
2930.492,35.000,34.600,1,939929.504,146682.318
2931.492,35.000,34.600,1,939925.117,146581.414
2932.496,35.000,34.600,1,939872.678,146614.762
2933.495,35.000,34.600,1,939894.639,146701.658
2934.489,35.000,34.600,1,939816.737,146663.514
2935.492,35.000,34.600,1,939888.970,146693.404
2936.502,35.000,34.600,1,939868.808,146692.352
2937.503,35.000,34.600,1,939808.599,146547.110
2938.498,35.000,34.600,1,939880.511,146534.333
2939.501,35.000,34.600,1,939853.276,146657.011
2940.507,35.000,34.600,1,939901.513,146655.090
2941.503,35.000,34.600,1,939832.673,146669.947
2942.502,35.000,34.600,1,939834.648,146665.506
2943.502,35.000,34.600,1,939786.465,146477.447
2944.490,35.000,34.600,1,939721.714,146653.032
2945.493,35.000,34.680,1,939763.282,146622.085
2946.494,35.000,34.700,1,939854.929,146434.267
2947.494,35.000,34.700,1,939871.592,146551.442
2948.489,35.000,34.700,1,939855.610,146708.693
2949.493,35.000,34.700,1,940010.756,146707.833
2950.497,35.000,34.700,1,939964.719,146667.294
2951.496,35.000,34.700,1,939881.153,146660.225
2952.509,35.000,34.700,1,939899.318,146670.037
2953.498,35.000,34.700,1,939920.200,146666.097
2954.494,35.000,34.700,1,939954.065,146676.516
2955.506,35.000,34.700,1,939974.626,146671.955
2956.493,35.000,34.700,1,939957.055,146733.760
2957.504,35.000,34.700,1,939978.580,146688.357
2958.503,35.000,34.700,1,939998.294,146682.274
2959.494,35.000,34.700,1,940047.289,146694.233
2960.496,35.000,34.700,1,940156.312,146689.818
2961.503,35.000,34.700,1,940212.549,146617.330
2962.497,35.000,34.700,1,940099.989,146703.966
2963.487,35.000,34.700,1,940053.870,146635.835
2964.490,35.000,34.700,1,940033.023,146560.916
2965.501,35.000,34.700,1,940018.901,146731.075
2966.496,35.000,34.700,1,940084.955,146671.156
2967.492,35.000,34.700,1,940125.137,146717.911
2968.509,35.000,34.700,1,940264.852,146656.278
2969.499,35.000,34.700,1,940211.920,146707.691
2970.521,35.000,34.700,1,940109.229,146711.696
2971.496,35.000,34.780,1,940207.356,146664.493
2972.500,35.000,34.800,1,940194.938,146735.454
2973.508,35.000,34.800,1,940239.147,146719.415
2974.502,35.000,34.800,1,940285.280,146735.723
2975.500,35.000,34.800,1,940274.967,146720.056
2976.491,35.000,34.800,1,940309.283,146731.191
2977.497,35.000,34.800,1,940237.107,146730.462
2978.502,35.000,34.800,1,940321.175,146745.393
2979.510,35.000,34.800,1,940521.245,146710.503
2980.493,35.000,34.800,1,940515.734,146724.239
2981.501,35.000,34.800,1,940319.737,146744.470
2982.492,35.000,34.800,1,940330.032,146709.682
2983.498,35.000,34.800,1,940209.428,146749.597
2984.504,35.000,34.800,1,940324.114,146730.332
2985.509,35.000,34.800,1,940368.032,146619.807
2986.500,35.000,34.800,1,940402.590,146578.476
2987.501,35.000,34.800,1,940378.405,146728.168
2988.512,35.000,34.800,1,940361.377,146744.143
2989.504,35.000,34.800,1,940389.411,146745.419
2990.492,35.000,34.800,1,940418.592,146735.735
2991.495,35.000,34.800,1,940563.335,146750.518
2992.504,35.000,34.800,1,940458.221,146754.705
2993.518,35.000,34.800,1,940476.568,146756.015
2994.499,35.000,34.800,1,940475.911,146750.958
2995.504,35.000,34.800,1,940438.835,146669.939
2996.490,35.000,34.800,1,940500.200,146756.672
2997.506,35.000,34.800,1,940492.290,146759.193
2998.510,35.000,34.800,1,940555.603,146530.600
2999.510,35.000,34.800,1,940541.352,146674.700
3000.496,35.000,34.800,1,940495.507,146779.280
3001.507,35.000,34.800,1,940485.295,146753.481
3002.505,35.000,34.800,1,940534.925,146617.184
3003.512,35.000,34.800,1,940522.428,146669.061
3004.501,35.000,34.800,1,940487.880,146674.539
3005.505,35.000,34.844,1,940520.446,146756.136
3006.498,35.000,34.900,1,940515.616,146768.691
3007.504,35.000,34.900,1,940530.956,146686.041
3008.488,35.000,34.900,1,940472.388,146769.143
3009.492,35.000,34.900,1,940502.823,146752.556
3010.497,35.000,34.900,1,940523.513,146769.552
3011.506,35.000,34.900,1,940484.387,146579.995
3012.497,35.000,34.900,1,940458.607,146764.834
3013.513,35.000,34.900,1,940501.189,146772.742
3014.501,35.000,34.900,1,940463.819,146761.628
3015.498,35.000,34.900,1,940427.266,146729.005
3016.498,35.000,34.900,1,940514.008,146729.274
3017.501,35.000,34.900,1,940484.996,146595.810
3018.492,35.000,34.900,1,940526.206,146752.024
3019.499,35.000,34.900,1,940561.691,146678.570
3020.507,35.000,34.900,1,940522.416,146784.434
3021.513,35.000,34.900,1,940543.214,146776.466
3022.503,35.000,34.900,1,940560.610,146779.695
3023.501,35.000,34.900,1,940574.585,146749.964
3024.491,35.000,34.900,1,940593.647,146768.533
3025.489,35.000,34.900,1,940606.640,146757.151
3026.503,35.000,34.900,1,940616.039,146774.308
3027.502,35.000,34.900,1,940596.324,146649.844
3028.495,35.000,34.900,1,940560.921,146757.008
3029.489,35.000,34.900,1,940542.652,146741.488
3030.495,35.000,34.900,1,940506.157,146557.282
3031.506,35.000,34.874,1,940473.830,146731.506
3032.505,35.000,34.800,1,940509.566,146750.349
3033.498,35.000,34.800,1,940527.128,146506.725
3034.505,35.000,34.800,1,940511.333,146638.880
3035.517,35.000,34.800,1,940451.417,146656.084
3036.499,35.000,34.800,1,940442.048,146671.122
3037.490,40.000,34.800,1,940431.438,146651.079
3038.511,40.000,34.800,1,940381.444,146571.665
3039.502,40.000,34.713,1,940377.082,146690.390
3040.512,40.000,34.700,1,940392.078,146677.684
3041.513,40.000,34.700,1,940427.083,146659.924
3042.497,40.000,34.700,1,940362.721,146743.524
3043.493,40.000,34.700,1,940254.514,146532.063
3044.497,40.000,34.700,1,940297.433,146546.238
3045.506,40.000,34.700,1,940263.871,146694.501
3046.497,40.000,34.700,1,940242.125,146697.265
3047.499,40.000,34.700,1,940263.385,146690.422
3048.497,40.000,34.700,1,940252.464,146676.393
3049.497,40.000,34.700,1,940280.164,146672.272
3050.501,40.000,34.700,1,940257.051,146706.374
3051.511,40.000,34.700,1,940225.015,146583.814
3052.496,40.000,34.700,1,940399.394,146673.796
3053.508,40.000,34.727,1,940285.636,146715.416
3054.510,40.000,34.800,1,940359.547,146716.459
3055.510,40.000,34.800,1,940426.286,146783.532
3056.503,40.000,34.800,1,940543.375,146821.893
3057.506,40.000,34.800,1,940442.280,146820.500
3058.489,40.000,34.812,1,940430.592,146824.165
3059.499,40.000,34.900,1,940505.557,146829.982
3060.495,40.000,34.900,1,940561.739,146852.415
3061.484,40.000,34.900,1,940618.153,146861.810
3062.485,40.000,35.000,1,940611.408,146886.766
3063.488,40.000,35.000,1,940672.533,146901.000
3064.493,40.000,35.000,1,940763.587,146900.782
3065.503,40.000,35.086,1,940830.008,146817.049
3066.499,40.000,35.100,1,940887.496,146844.762
3067.506,40.000,35.165,1,940870.214,146987.058
3068.504,40.000,35.200,1,940889.745,146779.028
3069.496,40.000,35.200,1,940936.127,146992.707
3070.502,40.000,35.248,1,940951.338,146952.214
3071.494,40.000,35.300,1,940997.762,146965.453
3072.490,40.000,35.342,1,941023.813,147083.911
3073.495,40.000,35.400,1,941061.948,147085.340
3074.494,40.000,35.434,1,941073.143,146948.844
3075.500,40.000,35.500,1,941105.193,147117.236
3076.495,40.000,35.526,1,941110.809,147131.199
3077.490,40.000,35.600,1,941129.232,147125.174
3078.495,40.000,35.626,1,941139.524,147096.152
3079.507,40.000,35.700,1,941148.098,147108.251
3080.502,40.000,35.709,1,941161.248,147104.533
3081.493,40.000,35.800,1,941165.406,147254.213
3082.503,40.000,35.805,1,941181.032,147281.933
3083.495,40.000,35.900,1,941185.599,147301.442
3084.495,40.000,35.993,1,941195.051,147278.509
3085.488,40.000,36.000,1,941201.168,147363.328
3086.508,40.000,36.088,1,941208.322,147428.891
3087.516,40.000,36.100,1,941224.752,147319.956
3088.494,40.000,36.173,1,941239.949,147456.928
3089.502,40.000,36.268,1,941253.295,147422.423
3090.505,40.000,36.300,1,941274.184,147548.213
3091.491,40.000,36.360,1,941309.893,147458.679
3092.502,40.000,36.400,1,941338.314,147556.771
3093.500,40.000,36.447,1,941378.909,147634.558
3094.494,40.000,36.500,1,941415.024,147596.963
3095.474,40.000,36.535,1,941473.677,147679.107
3096.502,40.000,36.640,1,941532.181,147719.012
3097.496,40.000,36.700,1,941607.730,147764.840
3098.503,40.000,36.729,1,941699.199,147595.935
3099.496,40.000,36.821,1,941839.705,147776.361
3100.510,40.000,36.900,1,941994.799,147831.633
3101.510,40.000,36.906,1,942152.234,147901.394
3102.508,40.000,37.000,1,942326.523,147898.628
3103.505,40.000,37.000,1,942530.397,147900.108
3104.502,40.000,37.100,1,942812.578,147919.819
3105.510,40.000,37.191,1,942883.637,147947.237
3106.495,40.000,37.200,1,943255.586,147985.369
3107.502,40.000,37.287,1,943529.989,148038.486
3108.494,40.000,37.380,1,943782.801,148073.953
3109.496,40.000,37.474,1,943982.091,148171.812
3110.490,40.000,37.500,1,944421.463,148072.746
3111.503,40.000,37.565,1,944877.401,147928.644
3112.499,40.000,37.600,1,945162.255,148119.951
3113.492,40.000,37.651,1,945586.262,148220.716
3114.498,40.000,37.747,1,946024.957,148189.877
3115.515,40.000,37.854,1,946686.627,148274.870
3116.511,40.000,37.900,1,947187.246,148195.336
3117.494,40.000,37.941,1,947519.415,148123.734
3118.503,40.000,38.036,1,947965.490,148219.296
3119.505,40.000,38.100,1,948669.950,148414.258
3120.506,40.000,38.126,1,948791.264,148451.475
3121.496,40.000,38.222,1,949102.939,148510.603
3122.501,40.000,38.300,1,949607.197,148413.200
3123.492,40.000,38.305,1,949961.659,148495.923
3124.481,40.000,38.400,1,950221.970,148480.379
3125.493,40.000,38.402,1,950770.158,148587.192
3126.493,40.000,38.500,1,951359.587,148648.417
3127.501,40.000,38.597,1,951663.249,148673.438
3128.482,40.000,38.600,1,952087.651,148648.681
3129.504,40.000,38.692,1,952522.175,148703.661
3130.500,40.000,38.700,1,953011.460,148765.140
3131.511,40.000,38.773,1,953041.631,148753.090
3132.510,40.000,38.800,1,953163.185,148914.947
3133.503,40.000,38.860,1,953505.331,148898.248
3134.512,40.000,38.968,1,953633.406,148895.433
3135.496,40.000,39.000,1,953850.755,148892.212
3136.501,40.000,39.044,1,954127.484,148948.612
3137.497,40.000,39.100,1,954289.233,148899.148
3138.480,40.000,39.133,1,954440.802,148874.471
3139.491,40.000,39.228,1,954505.379,148907.306
3140.491,40.000,39.300,1,954604.944,148978.894
3141.496,40.000,39.320,1,954703.197,149084.513
3142.491,40.000,39.400,1,954682.554,149100.193
3143.500,40.000,39.400,1,954779.289,149129.436
3144.504,40.000,39.414,1,954817.570,148933.608
3145.499,40.000,39.500,1,954851.595,149053.681
3146.500,40.000,39.500,1,954906.857,149150.802
3147.499,40.000,39.500,1,954912.476,149160.753
3148.514,40.000,39.500,1,954951.307,149217.945
3149.500,40.000,39.598,1,954981.569,149209.864
3150.496,40.000,39.600,1,955023.502,149177.629
3151.490,40.000,39.600,1,955035.945,148965.499
3152.497,40.000,39.600,1,955047.121,149144.394
3153.501,40.000,39.683,1,955043.390,149264.172
3154.487,40.000,39.700,1,955056.306,149258.782
3155.489,40.000,39.700,1,955081.101,149276.720
3156.490,40.000,39.755,1,955096.465,149268.482
3157.490,40.000,39.800,1,955109.241,149329.911
3158.511,40.000,39.800,1,955113.528,149194.579
3159.504,40.000,39.851,1,955115.183,149189.587
3160.501,40.000,39.900,1,955132.675,149301.464
3161.507,40.000,39.900,1,955169.498,149304.177
3162.526,40.000,39.941,1,955150.429,149354.236
3163.515,40.000,40.000,1,955154.170,149382.592
3164.501,40.000,40.000,1,955172.067,149411.404
3165.504,40.000,40.038,1,955180.932,149436.082
3166.490,40.000,40.100,1,955177.986,149455.142
3167.494,40.000,40.100,1,955180.375,149444.558
3168.501,40.000,40.123,1,955188.330,149489.097
3169.502,40.000,40.200,1,955195.255,149395.637
3170.502,40.000,40.200,1,955196.574,149448.071
3171.488,40.000,40.209,1,955201.677,149469.492
3172.496,40.000,40.300,1,955205.361,149532.181
3173.504,40.000,40.300,1,955204.914,149540.672
3174.502,40.000,40.300,1,955210.478,149473.241
3175.504,40.000,40.300,1,955216.014,149552.359
3176.492,40.000,40.388,1,955218.176,149484.697
3177.496,40.000,40.400,1,955218.410,149492.202
3178.506,40.000,40.400,1,955223.120,149575.956
3179.505,40.000,40.400,1,955218.764,149445.414
3180.499,40.000,40.471,1,955222.789,149614.340
3181.511,40.000,40.500,1,955229.371,149534.868
3182.501,40.000,40.500,1,955233.346,149483.857
3183.508,40.000,40.500,1,955234.672,149497.893
3184.499,40.000,40.500,1,955238.499,149403.259
3185.514,40.000,40.543,1,955237.144,149527.133
3186.495,40.000,40.600,1,955236.093,149564.511
3187.493,40.000,40.600,1,955239.759,149504.167
3188.488,40.000,40.600,1,955244.797,149461.935
3189.493,40.000,40.600,1,955241.470,149499.281
3190.498,40.000,40.600,1,955244.422,149591.867
3191.498,40.000,40.600,1,955256.931,149568.639
3192.506,40.000,40.600,1,955268.079,149632.367
3193.490,40.000,40.604,1,955250.522,149630.200
3194.493,40.000,40.700,1,955246.984,149613.804
3195.520,40.000,40.700,1,955244.750,149598.298
3196.493,40.000,40.700,1,955254.377,149612.787
3197.507,40.000,40.700,1,955257.107,149543.483
3198.491,40.000,40.700,1,955256.191,149560.538
3199.506,40.000,40.700,1,955255.421,149498.865
3200.497,40.000,40.700,1,955250.683,149636.176
3201.515,40.000,40.700,1,955254.353,149674.500
3202.499,40.000,40.700,1,955252.933,149602.268
3203.487,40.000,40.700,1,955254.911,149618.770
3204.503,40.000,40.700,1,955252.154,149463.799
3205.502,40.000,40.761,1,955253.307,149624.552
3206.495,40.000,40.800,1,955254.929,149584.511
3207.487,40.000,40.800,1,955259.914,149527.979
3208.482,40.000,40.800,1,955255.980,149543.619
3209.496,40.000,40.800,1,955257.868,149631.571
3210.502,40.000,40.800,1,955255.517,149636.075
3211.511,40.000,40.800,1,955254.947,149608.378
3212.489,40.000,40.800,1,955260.343,149637.659
3213.504,40.000,40.800,1,955259.866,149632.104
3214.493,40.000,40.800,1,955252.537,149594.362
3215.491,40.000,40.800,1,955256.116,149599.865
3216.495,40.000,40.800,1,955243.771,149590.826
3217.504,40.000,40.799,1,955247.289,149552.016
3218.512,40.000,40.700,1,955245.320,149564.057
3219.493,40.000,40.700,1,955235.789,149578.511
3220.503,40.000,40.700,1,955238.570,149567.977
3221.503,40.000,40.700,1,955228.853,149538.100
3222.503,40.000,40.700,1,955230.532,149549.704
3223.508,40.000,40.700,1,955230.583,149540.096
3224.494,40.000,40.634,1,955224.049,149442.438
3225.482,40.000,40.600,1,955223.012,149397.417
3226.501,40.000,40.600,1,955223.096,149564.615
3227.498,40.000,40.600,1,955218.675,149559.869
3228.505,40.000,40.600,1,955225.143,149579.332
3229.496,40.000,40.600,1,955213.778,149608.430
3230.504,40.000,40.600,1,955212.386,149637.286
3231.493,40.000,40.600,1,955205.993,149474.207
3232.504,40.000,40.600,1,955202.736,149552.957
3233.498,40.000,40.600,1,955195.394,149550.771
3234.506,40.000,40.584,1,955196.599,149523.204
3235.505,40.000,40.500,1,955197.750,149384.798
3236.509,40.000,40.500,1,955192.246,149365.423
3237.519,40.000,40.500,1,955194.912,149464.708
3238.506,40.000,40.500,1,955203.773,149401.959
3239.503,40.000,40.500,1,955196.120,149415.501
3240.490,40.000,40.500,1,955193.882,149353.261
3241.479,40.000,40.500,1,955194.925,149427.362
3242.495,40.000,40.500,1,955187.847,149350.233
3243.494,40.000,40.500,1,955184.902,149386.833
3244.508,40.000,40.500,1,955180.502,149380.204
3245.501,40.000,40.434,1,955181.545,149372.691
3246.492,40.000,40.400,1,955177.954,149309.417
3247.510,40.000,40.400,1,955173.684,149268.982
3248.497,40.000,40.400,1,955168.202,149324.720
3249.493,40.000,40.400,1,955173.486,149317.422
3250.507,40.000,40.400,1,955171.709,149189.461
3251.515,40.000,40.400,1,955159.567,149339.451
3252.498,40.000,40.400,1,955167.152,149326.336
3253.503,40.000,40.400,1,955158.974,149302.174
3254.498,40.000,40.400,1,955151.230,149308.328
3255.492,40.000,40.375,1,955137.120,149286.431
3256.507,40.000,40.300,1,955136.758,149279.287
3257.498,40.000,40.300,1,955134.651,149234.015
3258.489,40.000,40.300,1,955129.582,149260.669
3259.480,40.000,40.300,1,955128.982,149270.547
3260.486,40.000,40.300,1,955116.838,149272.234
3261.500,40.000,40.300,1,955123.272,149246.749
3262.489,40.000,40.300,1,955100.586,149238.375
3263.505,40.000,40.300,1,955109.771,149202.366
3264.506,40.000,40.209,1,955090.466,149202.258
3265.521,40.000,40.200,1,955078.274,149097.844
3266.487,40.000,40.200,1,955078.875,149064.353
3267.503,40.000,40.200,1,955077.347,149207.850
3268.507,40.000,40.200,1,955056.081,149023.410
3269.495,40.000,40.200,1,955058.499,149153.853
3270.512,40.000,40.200,1,955112.287,149044.531
3271.504,40.000,40.200,1,955019.456,149097.208
3272.495,40.000,40.161,1,955027.293,149157.199
3273.499,40.000,40.100,1,955037.037,149046.489
3274.504,40.000,40.100,1,955046.817,149169.208
3275.502,40.000,40.100,1,955064.837,148979.619
3276.502,40.000,40.100,1,955009.748,149113.538
3277.497,40.000,40.100,1,954982.621,149034.853
3278.506,40.000,40.100,1,954981.256,149017.413
3279.512,40.000,40.100,1,954961.742,149069.744
3280.489,40.000,40.094,1,954950.247,149004.003
3281.502,40.000,40.000,1,954911.228,148996.507
3282.492,40.000,40.000,1,954842.072,149072.421
3283.492,40.000,40.000,1,954812.312,149053.317
3284.506,40.000,39.901,1,954663.263,148786.268
3285.500,40.000,39.900,1,954693.146,148910.484
3286.496,40.000,39.900,1,954769.947,149006.330
3287.500,40.000,39.819,1,954589.739,148988.329
3288.503,40.000,39.800,1,954532.896,148999.029
3289.492,40.000,39.800,1,954408.954,149005.764
3290.505,40.000,39.731,1,954352.397,148924.217
3291.491,40.000,39.700,1,954306.467,148785.201
3292.492,40.000,39.700,1,954242.250,148879.110
3293.488,40.000,39.639,1,954171.493,148882.073
3294.496,40.000,39.600,1,954061.381,148883.728
3295.509,40.000,39.600,1,953984.546,148874.918
3296.510,40.000,39.600,1,953898.443,148791.785
3297.510,40.000,39.558,1,953765.214,148619.373
3298.501,40.000,39.500,1,953768.259,148753.329
3299.501,40.000,39.500,1,953795.151,148791.148
3300.510,40.000,39.500,1,953673.061,148707.686
3301.510,40.000,39.500,1,953602.948,148794.144
3302.503,40.000,39.500,1,953469.029,148810.552
3303.494,40.000,39.490,1,953380.540,148808.318
3304.499,40.000,39.400,1,953224.748,148788.819
3305.497,40.000,39.400,1,953276.727,148717.803
3306.499,40.000,39.400,1,953159.480,148526.924
3307.497,40.000,39.400,1,953123.102,148554.478
3308.489,40.000,39.400,1,953085.587,148772.153
3309.498,40.000,39.400,1,952954.511,148759.797
3310.497,40.000,39.400,1,952988.357,148605.103
3311.507,40.000,39.311,1,952873.908,148729.267
3312.502,40.000,39.300,1,952746.382,148616.698
3313.499,40.000,39.300,1,952549.893,148505.362
3314.490,40.000,39.300,1,952675.974,148694.028
3315.501,40.000,39.300,1,952600.564,148711.278
3316.496,40.000,39.300,1,952429.305,148704.030
3317.507,40.000,39.300,1,952429.639,148726.574
3318.488,40.000,39.300,1,952406.256,148779.762
3319.512,40.000,39.300,1,952367.693,148669.612
3320.510,40.000,39.300,1,952261.081,148696.190
3321.494,40.000,39.300,1,952202.311,148714.223
3322.498,40.000,39.290,1,952226.832,148748.715
3323.493,40.000,39.200,1,952264.950,148728.548
3324.490,40.000,39.200,1,952296.370,148726.880
3325.504,40.000,39.200,1,952168.170,148682.114
3326.496,40.000,39.200,1,952088.503,148544.734
3327.500,40.000,39.200,1,951954.532,148727.742
3328.500,40.000,39.200,1,951891.014,148711.732
3329.485,40.000,39.200,1,951993.459,148728.878
3330.508,40.000,39.200,1,952019.995,148674.351
3331.506,40.000,39.200,1,952010.278,148671.212
3332.509,40.000,39.200,1,951978.764,148663.521
3333.512,40.000,39.200,1,951745.458,148690.351
3334.509,40.000,39.200,1,951769.028,148651.240
3335.502,40.000,39.200,1,951872.328,148419.280
3336.494,40.000,39.200,1,951957.627,148712.789
3337.502,40.000,39.200,1,951924.284,148729.176
3338.489,40.000,39.200,1,951719.515,148673.884
3339.501,40.000,39.200,1,951671.030,148693.681
3340.507,40.000,39.200,1,951786.016,148720.070
3341.503,40.000,39.166,1,951854.783,148722.653
3342.501,40.000,39.100,1,951803.860,148630.360
3343.486,40.000,39.100,1,951873.180,148599.329
3344.502,40.000,39.100,1,952025.254,148727.113
3345.508,40.000,39.100,1,952080.704,148719.968
3346.501,40.000,39.100,1,952032.010,148766.466
3347.501,40.000,39.100,1,951946.083,148576.928
3348.497,40.000,39.100,1,951839.812,148557.698
3349.505,40.000,39.100,1,951741.431,148740.416
3350.495,40.000,39.100,1,951778.994,148685.452
3351.492,40.000,39.100,1,951849.198,148685.981
3352.501,40.000,39.100,1,951735.570,148472.986
3353.499,40.000,39.100,1,952004.682,148408.228
3354.496,40.000,39.100,1,951938.445,148598.027
3355.489,40.000,39.100,1,952076.500,148750.569
3356.503,40.000,39.100,1,951884.449,148685.748
3357.488,40.000,39.100,1,951842.107,148690.503
3358.506,40.000,39.100,1,951969.432,148705.155
3359.506,40.000,39.100,1,951930.103,148753.441
3360.487,40.000,39.100,1,952339.771,148692.188
3361.491,40.000,39.100,1,952252.555,148744.331
3362.501,40.000,39.100,1,951870.131,148672.000
3363.496,40.000,39.100,1,951963.993,148782.831
3364.490,40.000,39.100,1,952051.564,148793.079
3365.501,40.000,39.100,1,951977.895,148651.492
3366.504,40.000,39.100,1,952006.827,148690.078
3367.484,40.000,39.100,1,951885.882,148753.935
3368.497,40.000,39.100,1,951924.204,148683.712
3369.510,40.000,39.100,1,952040.011,148758.315
3370.499,40.000,39.100,1,952012.114,148791.031
3371.504,40.000,39.100,1,952096.643,148782.011
3372.492,40.000,39.100,1,952162.758,148757.768
3373.505,40.000,39.100,1,952111.516,148552.714
3374.512,40.000,39.186,1,952255.536,148565.371
3375.512,40.000,39.200,1,952333.004,148747.490
3376.499,40.000,39.200,1,952337.804,148761.557
3377.496,40.000,39.200,1,952299.826,148509.591
3378.496,40.000,39.200,1,952418.206,148718.862
3379.501,40.000,39.200,1,952390.562,148793.584
3380.499,40.000,39.200,1,952397.063,148789.515
3381.498,40.000,39.200,1,952622.915,148760.678
3382.503,40.000,39.200,1,952726.084,148764.678
3383.505,40.000,39.200,1,952735.236,148752.516
3384.504,40.000,39.200,1,952671.509,148713.452
3385.489,40.000,39.200,1,952793.540,148752.027
3386.490,40.000,39.200,1,952909.701,148743.399
3387.497,40.000,39.200,1,952778.313,148541.723
3388.505,40.000,39.200,1,952820.868,148720.355
3389.502,40.000,39.200,1,952876.886,148804.533
3390.494,40.000,39.200,1,952833.786,148727.115
3391.501,40.000,39.200,1,952904.329,148706.786
3392.498,40.000,39.200,1,952928.427,148647.608
3393.507,40.000,39.200,1,952984.214,148759.959
3394.503,40.000,39.200,1,953039.182,148816.968
3395.490,40.000,39.200,1,952892.717,148796.579
3396.497,40.000,39.294,1,952778.080,148561.110
3397.492,40.000,39.300,1,952781.472,148795.270
3398.495,40.000,39.223,1,952824.813,148771.155
3399.492,40.000,39.200,1,952681.336,148773.643
3400.496,40.000,39.200,1,952790.618,148761.704
3401.498,40.000,39.200,1,952724.579,148751.213
3402.487,40.000,39.200,1,952634.389,148717.112
3403.517,40.000,39.200,1,952588.845,148743.953
3404.504,40.000,39.135,1,952397.340,148700.407
3405.502,40.000,39.100,1,952411.462,148775.163
3406.501,40.000,39.100,1,952380.722,148713.994
3407.499,40.000,39.100,1,952430.864,148527.463
3408.500,40.000,39.100,1,952358.292,148659.074
3409.506,40.000,39.100,1,952432.770,148722.197
3410.504,40.000,39.100,1,952330.934,148702.426
3411.511,40.000,39.100,1,952750.289,148712.433
3412.500,40.000,39.100,1,952676.742,148655.557
3413.493,40.000,39.100,1,952767.904,148689.154
3414.493,40.000,39.100,1,952605.539,148708.086
3415.496,40.000,39.100,1,952677.781,148551.231
3416.501,40.000,39.100,1,952592.887,148689.302
3417.500,40.000,39.100,1,952951.042,148685.689
3418.498,40.000,39.100,1,952605.608,148760.597
3419.509,40.000,39.100,1,952554.003,148698.922
3420.503,40.000,39.100,1,952590.578,148630.516
3421.507,40.000,39.100,1,952826.738,148717.770
3422.503,40.000,39.100,1,952785.168,148559.768
3423.499,40.000,39.100,1,952762.809,148751.176
3424.501,40.000,39.100,1,952809.244,148718.123
3425.500,40.000,39.100,1,952851.964,148754.884
3426.510,40.000,39.100,1,952886.644,148675.820
3427.501,40.000,39.100,1,952773.529,148756.684
3428.499,40.000,39.100,1,952831.873,148739.210
3429.506,40.000,39.100,1,952983.074,148772.205
3430.507,40.000,39.164,1,952977.188,148651.068
3431.511,40.000,39.200,1,952886.114,148757.836
3432.494,40.000,39.200,1,953165.918,148653.632
3433.504,40.000,39.200,1,953163.133,148719.402
3434.497,40.000,39.200,1,953211.651,148671.328
3435.491,40.000,39.200,1,953149.395,148560.853
3436.487,40.000,39.200,1,953218.706,148611.927
3437.500,40.000,39.200,1,953213.788,148759.359
3438.498,40.000,39.200,1,953087.453,148617.820
3439.494,40.000,39.200,1,953251.737,148741.836
3440.500,40.000,39.225,1,953206.748,148597.650
3441.510,40.000,39.300,1,953333.464,148796.273
3442.499,40.000,39.300,1,953420.317,148784.476
3443.499,40.000,39.300,1,953426.312,148574.945
3444.489,40.000,39.300,1,953518.886,148838.779
3445.509,40.000,39.300,1,953599.885,148855.866
3446.494,40.000,39.300,1,953636.744,148800.235
3447.514,40.000,39.300,1,953473.480,148848.587
3448.511,40.000,39.300,1,953559.943,148871.748
3449.502,40.000,39.300,1,953591.920,148912.280
3450.512,40.000,39.300,1,953653.133,148939.479
3451.512,40.000,39.300,1,953650.073,148853.911
3452.501,40.000,39.374,1,953657.460,148898.006
3453.500,40.000,39.400,1,953715.344,148810.197
3454.487,40.000,39.400,1,953861.203,148912.036
3455.501,40.000,39.400,1,953858.598,148896.435
3456.504,40.000,39.400,1,954073.335,148792.778
3457.495,40.000,39.400,1,954012.800,148905.184
3458.492,40.000,39.400,1,953996.625,148926.808
3459.503,40.000,39.400,1,954115.149,148902.965
3460.499,40.000,39.400,1,954142.983,148826.730
3461.497,40.000,39.400,1,954094.844,148744.436
3462.491,40.000,39.400,1,954076.733,148795.792
3463.505,40.000,39.432,1,954195.668,148831.958
3464.486,40.000,39.500,1,954358.466,148969.335
3465.507,40.000,39.500,1,954181.760,148879.266
3466.506,40.000,39.500,1,954199.088,148805.272
3467.512,40.000,39.500,1,954230.725,148821.231
3468.497,40.000,39.500,1,954331.557,148938.703
3469.501,40.000,39.500,1,954293.878,148849.173
3470.494,40.000,39.500,1,954327.103,148900.878
3471.501,40.000,39.500,1,954430.909,148944.924
3472.497,40.000,39.500,1,954398.869,148891.253
3473.492,40.000,39.500,1,954420.523,148987.583
3474.499,40.000,39.500,1,954385.157,149002.757
3475.499,40.000,39.500,1,954480.091,148984.266
3476.496,40.000,39.581,1,954433.055,148991.172
3477.492,40.000,39.600,1,954487.927,149010.070
3478.489,40.000,39.600,1,954494.256,149043.734
3479.506,40.000,39.600,1,954494.107,148908.865
3480.509,40.000,39.600,1,954449.905,148866.359
3481.507,40.000,39.600,1,954524.045,149045.135
3482.498,40.000,39.600,1,954533.130,148978.722
3483.500,40.000,39.600,1,954581.413,149082.433
3484.503,40.000,39.600,1,954601.738,149071.321
3485.494,40.000,39.600,1,954705.592,149060.231
3486.512,40.000,39.639,1,954663.646,149149.539
3487.509,40.000,39.700,1,954697.175,149117.061
3488.509,40.000,39.700,1,954697.027,149114.003
3489.496,40.000,39.700,1,954693.638,149039.968
3490.498,40.000,39.700,1,954709.079,149115.221
3491.487,40.000,39.700,1,954708.983,149115.549
3492.498,40.000,39.700,1,954770.097,149041.792
3493.494,40.000,39.700,1,954799.682,149069.049
3494.489,40.000,39.700,1,954808.254,149076.424
3495.501,40.000,39.700,1,954774.224,148916.090
3496.496,40.000,39.700,1,954800.768,149138.226
3497.509,40.000,39.700,1,954818.919,149110.383
3498.512,40.000,39.700,1,954856.450,149145.790
3499.500,40.000,39.700,1,954815.383,149262.472
3500.506,40.000,39.787,1,954784.241,149251.777
3501.492,40.000,39.800,1,954832.137,149295.054
3502.509,40.000,39.800,1,954824.410,149176.392
3503.504,40.000,39.800,1,954870.261,149180.822
3504.502,40.000,39.800,1,954853.178,149184.175
3505.514,40.000,39.800,1,954836.566,149188.413
3506.496,40.000,39.800,1,954841.917,149058.512
3507.497,40.000,39.800,1,954867.092,149172.117
3508.495,40.000,39.800,1,954890.545,149008.883
3509.507,40.000,39.800,1,954888.603,149164.208
3510.497,40.000,39.800,1,954879.181,149142.144
3511.506,40.000,39.800,1,954884.291,149115.276
3512.498,40.000,39.800,1,954872.833,149140.665
3513.497,40.000,39.800,1,954834.815,149160.249
3514.487,40.000,39.800,1,954858.039,149138.382
3515.491,40.000,39.800,1,954856.824,149118.635
3516.493,40.000,39.800,1,954829.200,149197.577
3517.487,40.000,39.800,1,954846.357,149163.507
3518.509,40.000,39.800,1,954836.111,149093.013
3519.489,40.000,39.800,1,954796.025,149144.659
3520.508,40.000,39.800,1,954785.359,149171.192
3521.493,40.000,39.720,1,954827.399,149061.883
3522.501,40.000,39.700,1,954762.275,149089.930
3523.517,40.000,39.700,1,954727.552,149123.190
3524.510,40.000,39.700,1,954672.769,149041.834
3525.521,40.000,39.700,1,954701.147,149128.528
3526.516,40.000,39.700,1,954700.385,149154.799
3527.517,40.000,39.700,1,954684.210,149120.362
3528.494,40.000,39.700,1,954677.026,149075.320
3529.507,40.000,39.700,1,954684.408,149044.805
3530.496,40.000,39.700,1,954673.742,149133.764
3531.505,40.000,39.700,1,954675.337,149136.688
3532.495,40.000,39.700,1,954674.146,149165.882
3533.492,40.000,39.700,1,954681.597,149120.441
3534.496,40.000,39.700,1,954755.587,148943.253
3535.493,40.000,39.700,1,954690.014,149072.683
3536.504,40.000,39.700,1,954703.757,149076.794
3537.505,40.000,39.700,1,954671.715,149072.655
3538.498,40.000,39.700,1,954666.298,148981.337
3539.508,40.000,39.700,1,954662.767,148932.667
3540.507,40.000,39.700,1,954692.244,149044.931
3541.496,40.000,39.700,1,954688.806,148987.107
3542.501,40.000,39.700,1,954678.290,149084.820
3543.494,40.000,39.700,1,954637.557,149022.365
3544.502,40.000,39.700,1,954719.016,148860.248
3545.494,40.000,39.700,1,954710.222,148963.387
3546.482,40.000,39.700,1,954734.979,148910.247
3547.503,40.000,39.700,1,954718.818,149035.834
3548.498,40.000,39.700,1,954659.056,148955.919
3549.504,40.000,39.700,1,954667.203,148991.015
3550.499,40.000,39.700,1,954690.188,149013.308
3551.496,40.000,39.700,1,954654.021,149007.228
3552.505,40.000,39.700,1,954669.960,149024.397
3553.527,40.000,39.700,1,954642.351,149033.728
3554.505,40.000,39.700,1,954667.250,149019.529
3555.502,40.000,39.700,1,954657.842,148880.280
3556.500,40.000,39.700,1,954682.543,149018.765
3557.500,40.000,39.700,1,954677.734,148974.500
3558.508,40.000,39.700,1,954734.425,148827.178
3559.501,40.000,39.700,1,954732.251,148914.956
3560.505,40.000,39.700,1,954721.729,149041.398
3561.488,40.000,39.700,1,954664.131,149065.812
3562.480,40.000,39.700,1,954662.618,149098.973
3563.506,40.000,39.700,1,954669.722,149074.011
3564.490,40.000,39.700,1,954674.414,148957.523
3565.496,40.000,39.700,1,954645.363,149091.428
3566.498,40.000,39.794,1,954673.107,149101.226
3567.500,40.000,39.800,1,954668.276,149082.145
3568.488,40.000,39.800,1,954691.081,149113.217
3569.503,40.000,39.800,1,954717.369,148907.749
3570.515,40.000,39.800,1,954693.476,148885.644
3571.508,40.000,39.800,1,954719.439,148896.947
3572.515,40.000,39.800,1,954673.835,148979.738
3573.501,40.000,39.800,1,954663.539,149081.222
3574.491,40.000,39.800,1,954706.118,149141.211
3575.485,40.000,39.800,1,954732.637,149198.077
3576.504,40.000,39.800,1,954739.522,149205.231
3577.498,40.000,39.800,1,954707.056,149293.692
3578.506,40.000,39.800,1,954740.320,149284.231
3579.510,45.000,39.800,1,954714.410,149182.662
3580.487,45.000,39.800,1,954721.854,149163.662
3581.491,45.000,39.800,1,954718.359,149176.873
3582.496,45.000,39.800,1,954700.544,149187.485
3583.495,45.000,39.800,1,954709.005,149068.223
3584.485,45.000,39.800,1,954676.896,149069.418
3585.501,45.000,39.800,1,954702.031,149061.552
3586.496,45.000,39.800,1,954682.989,148972.313
3587.486,45.000,39.800,1,954751.932,149049.573
3588.505,45.000,39.800,1,954797.652,149096.262
3589.511,45.000,39.800,1,954783.117,149095.117
3590.500,45.000,39.800,1,954824.748,149177.689
3591.514,45.000,39.800,1,954817.778,149138.332
3592.509,45.000,39.885,1,954851.579,149044.221
3593.501,45.000,39.900,1,954818.790,149075.096
3594.487,45.000,39.900,1,954873.323,148977.739
3595.506,45.000,39.900,1,954888.936,149135.724
3596.490,45.000,39.900,1,954904.231,149124.036
3597.516,45.000,39.900,1,954946.981,149108.369
3598.511,45.000,39.953,1,954943.972,149162.861
3599.504,45.000,40.000,1,954977.141,149179.593
3600.518,45.000,40.000,1,954993.744,149196.670
3601.503,45.000,40.000,1,955032.560,149175.630
3602.494,45.000,40.033,1,955035.573,149055.250
3603.499,45.000,40.100,1,955039.604,148988.480
3604.483,45.000,40.116,1,955058.595,149074.716
3605.512,45.000,40.200,1,955089.031,149167.758
3606.497,45.000,40.200,1,955103.869,149240.945
3607.498,45.000,40.206,1,955121.061,149198.775
3608.485,45.000,40.300,1,955138.254,149255.728
3609.484,45.000,40.300,1,955141.750,149183.207
3610.489,45.000,40.388,1,955162.220,149227.848
3611.500,45.000,40.400,1,955170.221,149377.678
3612.501,45.000,40.400,1,955181.005,149222.543
3613.487,45.000,40.472,1,955186.970,149388.872
3614.502,45.000,40.500,1,955196.567,149393.320
3615.507,45.000,40.558,1,955204.471,149367.044
3616.500,45.000,40.600,1,955212.522,149389.374
3617.507,45.000,40.651,1,955220.188,149391.591
3618.507,45.000,40.700,1,955226.379,149314.613
3619.502,45.000,40.740,1,955232.383,149381.153
3620.502,45.000,40.800,1,955240.709,149399.093
3621.501,45.000,40.832,1,955250.978,149569.808
3622.498,45.000,40.900,1,955258.961,149593.770
3623.504,45.000,40.923,1,955268.436,149622.130
3624.490,45.000,41.019,1,955280.660,149684.810
3625.487,45.000,41.100,1,955290.544,149677.531
3626.510,45.000,41.110,1,955310.694,149760.261
3627.499,45.000,41.200,1,955322.545,149762.891
3628.511,45.000,41.204,1,955347.860,149719.953
3629.508,45.000,41.301,1,955434.603,149827.310
3630.506,45.000,41.400,1,955438.418,149839.436
3631.495,45.000,41.400,1,955473.222,149842.827
3632.503,45.000,41.491,1,955508.358,149905.022
3633.491,45.000,41.500,1,955580.029,149923.878
3634.505,45.000,41.573,1,955734.401,149879.495
3635.509,45.000,41.600,1,955870.691,149979.812
3636.493,45.000,41.668,1,956019.236,150033.437
3637.501,45.000,41.763,1,956029.572,150041.028
3638.488,45.000,41.800,1,956174.013,150103.995
3639.497,45.000,41.849,1,956450.848,150170.355
3640.498,45.000,41.949,1,956514.932,150165.076
3641.505,45.000,42.044,1,956689.189,150061.689
3642.512,45.000,42.100,1,956902.115,150183.570
3643.502,45.000,42.133,1,957161.151,150257.560
3644.500,45.000,42.200,1,957455.900,150187.193
3645.513,45.000,42.221,1,957708.867,150341.873
3646.515,45.000,42.325,1,957889.829,150303.145
3647.492,45.000,42.400,1,958284.651,150407.916
3648.510,45.000,42.401,1,958800.440,150372.717
3649.496,45.000,42.504,1,959243.003,150439.389
3650.500,45.000,42.600,1,959250.386,150502.364
3651.501,45.000,42.600,1,959924.096,150504.660
3652.489,45.000,42.699,1,960359.653,150409.236
3653.492,45.000,42.700,1,960703.416,150500.859
3654.492,45.000,42.788,1,961094.767,150559.279
3655.496,45.000,42.800,1,961494.084,150606.411
3656.506,45.000,42.878,1,962035.587,150508.502
3657.507,45.000,42.971,1,962596.226,150683.030
3658.498,45.000,43.000,1,962907.156,150722.437
3659.493,45.000,43.063,1,963455.920,150754.396
3660.509,45.000,43.156,1,963887.252,150821.318
3661.501,45.000,43.200,1,964369.745,150698.973
3662.511,45.000,43.255,1,965259.941,150899.336
3663.506,45.000,43.348,1,965195.103,150915.646
3664.499,45.000,43.400,1,965701.139,150913.735
3665.497,45.000,43.438,1,966234.579,150978.177
3666.506,45.000,43.500,1,966277.805,150978.495
3667.505,45.000,43.529,1,966564.130,151009.816
3668.508,45.000,43.633,1,966895.200,151083.893
3669.503,45.000,43.700,1,967262.496,151050.389
3670.501,45.000,43.714,1,967499.508,151081.863
3671.497,45.000,43.800,1,967638.357,151086.182
3672.504,45.000,43.807,1,967962.274,151137.734
3673.497,45.000,43.901,1,968054.059,151077.031
3674.492,45.000,44.000,1,968223.280,151168.320
3675.497,45.000,44.000,1,968385.677,151139.586
3676.495,45.000,44.094,1,968533.267,151177.253
3677.500,45.000,44.100,1,968625.897,151251.360
3678.492,45.000,44.179,1,968690.228,151280.821
3679.498,45.000,44.200,1,968797.970,151305.332
3680.504,45.000,44.275,1,968894.186,151232.447
3681.505,45.000,44.300,1,969011.764,151273.643
3682.504,45.000,44.371,1,969098.192,151146.386
3683.499,45.000,44.400,1,969200.804,151368.271
3684.504,45.000,44.460,1,969248.970,151327.626
3685.509,45.000,44.500,1,969313.701,151467.637
3686.519,45.000,44.557,1,969349.066,151477.752
3687.505,45.000,44.600,1,969412.893,151484.568
3688.501,45.000,44.643,1,969459.211,151577.606
3689.498,45.000,44.700,1,969464.924,151499.207
3690.507,45.000,44.742,1,969525.086,151571.090
3691.508,45.000,44.800,1,969550.620,151587.836
3692.501,45.000,44.800,1,969563.844,151565.265
3693.499,45.000,44.828,1,969582.480,151737.607
3694.491,45.000,44.900,1,969632.423,151603.644
3695.501,45.000,44.923,1,969647.453,151584.207
3696.498,45.000,45.000,1,969634.164,151692.799
3697.502,45.000,45.000,1,969647.258,151716.486
3698.513,45.000,45.007,1,969655.347,151729.645
3699.494,45.000,45.100,1,969662.599,151718.128
3700.503,45.000,45.100,1,969668.109,151695.442
3701.503,45.000,45.100,1,969673.323,151830.975
3702.498,45.000,45.186,1,969683.777,151729.771
3703.501,45.000,45.200,1,969686.249,151778.677
3704.507,45.000,45.200,1,969692.148,151633.528
3705.496,45.000,45.273,1,969696.058,151735.895
3706.492,45.000,45.300,1,969698.441,151707.175
3707.491,45.000,45.300,1,969702.953,151791.407
3708.485,45.000,45.363,1,969704.976,151791.524
3709.499,45.000,45.400,1,969708.209,151815.944
3710.500,45.000,45.400,1,969703.715,151758.483
3711.511,45.000,45.400,1,969707.170,151806.105
3712.506,45.000,45.448,1,969711.194,151812.146
3713.497,45.000,45.500,1,969713.422,151846.086
3714.500,45.000,45.500,1,969713.748,151848.507
3715.498,45.000,45.536,1,969715.675,151943.696
3716.515,45.000,45.600,1,969718.858,151973.500
3717.497,45.000,45.600,1,969721.102,152019.196
3718.494,45.000,45.600,1,969727.451,151987.164
3719.501,45.000,45.600,1,969730.685,152041.946
3720.483,45.000,45.622,1,969736.132,152058.129
3721.503,45.000,45.700,1,969735.120,152076.265
3722.496,45.000,45.700,1,969741.077,152001.791
3723.495,45.000,45.700,1,969741.674,152026.463
3724.499,45.000,45.700,1,969751.705,152096.481
3725.484,45.000,45.700,1,969758.826,152105.067
3726.485,45.000,45.789,1,969758.214,152063.819
3727.495,45.000,45.800,1,969755.608,152100.905
3728.503,45.000,45.800,1,969752.931,152123.760
3729.491,45.000,45.800,1,969754.061,152096.720
3730.504,45.000,45.800,1,969746.653,152067.969
3731.504,45.000,45.800,1,969747.120,152039.625
3732.500,45.000,45.800,1,969746.841,152014.547
3733.512,45.000,45.800,1,969743.063,151950.920
3734.504,45.000,45.800,1,969747.357,152033.840
3735.501,45.000,45.800,1,969744.620,152008.319
3736.495,45.000,45.800,1,969744.723,152000.205
3737.492,45.000,45.800,1,969734.111,152026.113
3738.486,45.000,45.800,1,969731.178,151942.858
3739.488,45.000,45.800,1,969732.993,151865.038
3740.503,45.000,45.800,1,969729.177,151922.514
3741.492,45.000,45.800,1,969724.288,151925.187
3742.500,45.000,45.800,1,969728.417,151974.019
3743.495,45.000,45.800,1,969729.206,151966.555
3744.500,45.000,45.800,1,969730.876,151915.823
3745.505,45.000,45.800,1,969722.839,151871.371
3746.507,45.000,45.800,1,969725.429,151730.922
3747.500,45.000,45.800,1,969716.468,151907.487
3748.499,45.000,45.800,1,969713.588,151955.971
3749.508,45.000,45.708,1,969710.324,151938.599
3750.494,45.000,45.700,1,969704.986,151908.579
3751.488,45.000,45.700,1,969703.661,151923.062
3752.499,45.000,45.700,1,969697.967,151829.550
3753.494,45.000,45.616,1,969697.964,151882.733
3754.500,45.000,45.600,1,969695.373,151797.790
3755.498,45.000,45.600,1,969690.176,151807.946
3756.491,45.000,45.600,1,969685.373,151840.670
3757.485,45.000,45.543,1,969682.285,151840.407
3758.491,45.000,45.500,1,969679.502,151792.958
3759.502,45.000,45.500,1,969677.880,151860.450
3760.507,45.000,45.500,1,969673.037,151784.094
3761.502,45.000,45.500,1,969669.863,151717.840
3762.500,45.000,45.500,1,969668.392,151687.520
3763.499,45.000,45.465,1,969662.714,151641.240
3764.500,45.000,45.400,1,969658.370,151716.464
3765.503,45.000,45.400,1,969656.578,151666.672
3766.500,45.000,45.400,1,969651.362,151621.670
3767.504,45.000,45.400,1,969644.018,151673.764
3768.496,45.000,45.400,1,969645.964,151579.487
3769.505,45.000,45.400,1,969628.793,151625.292
3770.501,45.000,45.400,1,969636.417,151581.285
3771.500,45.000,45.400,1,969620.386,151609.013
3772.513,45.000,45.400,1,969611.006,151544.469
3773.499,45.000,45.307,1,969594.918,151593.671
3774.495,45.000,45.300,1,969595.193,151568.003
3775.501,45.000,45.300,1,969593.231,151455.555
3776.488,45.000,45.300,1,969585.239,151646.302
3777.496,45.000,45.300,1,969577.694,151701.239
3778.492,45.000,45.300,1,969560.725,151714.825
3779.481,45.000,45.300,1,969573.056,151556.358
3780.492,45.000,45.300,1,969576.240,151608.200
3781.502,45.000,45.248,1,969556.585,151530.346
3782.485,45.000,45.200,1,969554.988,151502.740
3783.485,45.000,45.200,1,969531.613,151518.879
3784.504,45.000,45.200,1,969534.065,151542.482
3785.505,45.000,45.200,1,969524.420,151538.965
3786.511,45.000,45.200,1,969508.591,151544.647
3787.504,45.000,45.200,1,969493.067,151454.963
3788.506,45.000,45.200,1,969487.555,151534.546
3789.501,45.000,45.200,1,969479.058,151550.026
3790.495,45.000,45.100,1,969455.351,151501.794
3791.506,45.000,45.100,1,969457.983,151502.137
3792.500,45.000,45.100,1,969448.165,151548.108
3793.500,45.000,45.100,1,969461.970,151597.806
3794.492,45.000,45.100,1,969449.935,151476.831
3795.489,45.000,45.100,1,969438.739,151482.250
3796.512,45.000,45.100,1,969430.371,151512.597
3797.491,45.000,45.100,1,969452.712,151498.569
3798.512,45.000,45.038,1,969383.746,151502.929
3799.501,45.000,45.000,1,969395.141,151514.123
3800.500,45.000,45.000,1,969346.081,151496.257
3801.507,45.000,45.000,1,969308.022,151443.942
3802.515,45.000,45.000,1,969307.942,151483.231
3803.501,45.000,45.000,1,969311.341,151514.339
3804.505,45.000,45.000,1,969279.026,151467.867
3805.510,45.000,44.965,1,969237.197,151329.344
3806.505,45.000,44.900,1,969279.989,151394.937
3807.495,45.000,44.900,1,969254.713,151376.167
3808.493,45.000,44.900,1,969222.865,151441.439
3809.484,45.000,44.900,1,969179.221,151438.687
3810.484,45.000,44.900,1,969076.061,151264.055
3811.495,45.000,44.900,1,969046.383,151360.501
3812.488,45.000,44.899,1,969002.402,151351.224
3813.498,45.000,44.800,1,969054.820,151224.106
3814.500,45.000,44.800,1,969034.937,151246.534
3815.510,45.000,44.800,1,968962.495,151277.007
3816.502,45.000,44.800,1,968939.262,151254.980
3817.500,45.000,44.800,1,968940.812,151334.259
3818.502,45.000,44.800,1,968865.603,151285.277
3819.507,45.000,44.800,1,968895.569,151307.393
3820.500,45.000,44.800,1,968879.281,151280.418
3821.497,45.000,44.732,1,968866.421,151300.532
3822.505,45.000,44.700,1,968830.855,151294.258
3823.503,45.000,44.700,1,968792.323,151262.082
3824.488,45.000,44.700,1,968754.040,151178.059
3825.491,45.000,44.700,1,968705.315,151236.601
3826.498,45.000,44.700,1,968737.820,151301.824
3827.495,45.000,44.700,1,968695.662,151280.262
3828.501,45.000,44.700,1,968641.400,151264.948
3829.500,45.000,44.672,1,968584.599,151330.049
3830.496,45.000,44.600,1,968639.095,151269.605
3831.518,45.000,44.600,1,968510.880,151310.136
3832.500,45.000,44.600,1,968459.600,151210.094
3833.510,45.000,44.600,1,968488.026,151322.226
3834.503,45.000,44.600,1,968379.975,151312.262
3835.505,45.000,44.600,1,968639.458,151246.383
3836.494,45.000,44.600,1,968939.635,151144.151
3837.494,45.000,44.600,1,968871.952,151308.800
3838.515,45.000,44.514,1,968680.517,151162.385
3839.508,45.000,44.500,1,968293.633,151253.700
3840.515,45.000,44.500,1,968318.259,151248.695
3841.511,45.000,44.500,1,968176.237,151231.868
3842.500,45.000,44.500,1,968142.807,151234.897
3843.501,45.000,44.500,1,968220.518,151236.103
3844.495,45.000,44.500,1,968157.707,151219.365
3845.492,45.000,44.500,1,968011.040,151245.073
3846.495,45.000,44.500,1,968070.490,151220.303
3847.500,45.000,44.453,1,968146.814,151332.068
3848.499,45.000,44.400,1,967972.651,151217.356
3849.501,45.000,44.400,1,968026.801,151043.998
3850.484,45.000,44.400,1,968055.567,151076.960
3851.500,45.000,44.400,1,968015.463,150895.128
3852.506,45.000,44.400,1,968004.845,151094.422
3853.505,45.000,44.400,1,967990.852,151137.241
3854.510,45.000,44.400,1,967879.266,151091.080
3855.509,45.000,44.400,1,967898.323,150925.323
3856.496,45.000,44.400,1,967726.551,151021.652
3857.489,45.000,44.399,1,967785.505,151069.842
3858.490,45.000,44.300,1,967805.722,151101.826
3859.497,45.000,44.300,1,967656.404,151068.812
3860.499,45.000,44.300,1,967606.011,151052.958
3861.505,45.000,44.300,1,967704.078,151042.631
3862.498,45.000,44.300,1,967599.696,151003.086
3863.503,45.000,44.300,1,967291.346,151063.316
3864.501,45.000,44.300,1,967318.142,151056.061
3865.494,45.000,44.300,1,967332.992,151056.888
3866.506,45.000,44.300,1,967220.944,151066.485
3867.502,45.000,44.300,1,967310.010,150962.073
3868.516,45.000,44.300,1,967357.546,151048.965
3869.512,45.000,44.250,1,967275.810,151060.470
3870.505,45.000,44.200,1,967237.387,151016.104
3871.504,45.000,44.200,1,967233.585,151016.452
3872.510,45.000,44.200,1,967213.946,151042.708
3873.499,45.000,44.200,1,967139.278,151064.465
3874.496,45.000,44.200,1,967156.887,151036.566
3875.504,45.000,44.200,1,967156.547,151045.917
3876.501,45.000,44.200,1,967098.596,151009.704
3877.503,45.000,44.200,1,967063.468,150995.554
3878.506,45.000,44.200,1,967285.745,150968.177
3879.499,45.000,44.200,1,967028.895,151046.637
3880.507,45.000,44.200,1,967093.389,151087.763
3881.491,45.000,44.200,1,967103.943,151053.858
3882.503,45.000,44.200,1,967411.735,151031.779
3883.507,45.000,44.200,1,967761.684,151010.380
3884.515,45.000,44.200,1,967845.966,151035.802
3885.497,45.000,44.125,1,967786.209,150998.651
3886.498,45.000,44.100,1,967765.317,150993.225
3887.499,45.000,44.100,1,967701.148,150877.713
3888.487,45.000,44.100,1,967147.216,150979.645
3889.512,45.000,44.100,1,967013.701,150972.982
3890.509,45.000,44.100,1,966982.176,151026.661
3891.492,45.000,44.100,1,967046.263,150978.192
3892.490,45.000,44.100,1,967086.821,150918.157
3893.496,45.000,44.100,1,966969.482,150929.792
3894.479,45.000,44.100,1,967006.702,150971.455
3895.497,45.000,44.100,1,966950.562,151091.549
3896.505,45.000,44.100,1,967015.977,151097.931
3897.508,45.000,44.100,1,967132.829,151096.415
3898.515,45.000,44.100,1,967157.148,150933.786
3899.495,45.000,44.100,1,967086.545,151018.357
3900.491,45.000,44.100,1,967087.488,151014.527
3901.502,45.000,44.100,1,967105.583,151044.611
3902.490,45.000,44.100,1,967376.951,151084.576
3903.503,45.000,44.100,1,967192.905,151089.007
3904.507,45.000,44.100,1,967185.396,151057.492
3905.499,45.000,44.100,1,967099.443,151048.676
3906.501,45.000,44.100,1,967303.738,151081.075
3907.504,45.000,44.100,1,967140.851,151160.065
3908.501,45.000,44.100,1,967119.482,150895.320
3909.503,45.000,44.100,1,967005.159,151080.659
3910.518,45.000,44.100,1,967151.088,151095.862
3911.498,45.000,44.100,1,967219.228,151087.570
3912.510,45.000,44.100,1,967214.876,151063.082
3913.503,45.000,44.100,1,966961.171,151072.386
3914.523,45.000,44.100,1,967102.788,151101.336
3915.512,45.000,44.100,1,967105.526,151028.615
3916.507,45.000,44.100,1,967154.335,151088.402
3917.492,45.000,44.100,1,967128.641,151091.817
3918.496,45.000,44.100,1,967167.887,151099.086
3919.485,45.000,44.100,1,967027.028,151038.034
3920.518,45.000,44.100,1,967199.704,151199.499
3921.526,45.000,44.100,1,967318.406,151035.911
3922.495,45.000,44.100,1,967259.310,151015.098
3923.496,45.000,44.100,1,967212.367,151107.618
3924.501,45.000,44.100,1,967101.775,151069.504
3925.496,45.000,44.100,1,967230.506,151084.575
3926.509,45.000,44.100,1,967217.656,151077.130
3927.499,45.000,44.100,1,967324.033,151038.016
3928.498,45.000,44.100,1,967222.663,150930.971
3929.481,45.000,44.100,1,967050.259,151098.246
3930.496,45.000,44.100,1,966941.620,151132.893
3931.498,45.000,44.100,1,967321.551,151019.008
3932.502,45.000,44.100,1,967349.452,151126.765
3933.509,45.000,44.100,1,967270.247,151140.018
3934.504,45.000,44.100,1,967289.964,151171.271
3935.519,45.000,44.100,1,967448.837,151162.744
3936.510,45.000,44.100,1,967439.056,151009.700
3937.503,45.000,44.100,1,967385.533,151159.238
3938.494,45.000,44.100,1,967586.325,151130.283
3939.506,45.000,44.100,1,967449.857,151063.850
3940.500,45.000,44.126,1,967692.504,150893.525
3941.492,45.000,44.200,1,967725.292,151058.290
3942.505,45.000,44.200,1,967893.487,151175.636
3943.501,45.000,44.200,1,967834.769,151088.128
3944.496,45.000,44.200,1,967883.465,151060.932
3945.495,45.000,44.200,1,967856.633,151186.985
3946.502,45.000,44.200,1,967887.509,151177.246
3947.501,45.000,44.200,1,967894.799,151139.490
3948.499,45.000,44.200,1,967918.425,151149.391
3949.502,45.000,44.200,1,967902.627,151038.069
3950.491,45.000,44.200,1,967855.522,151138.378
3951.508,45.000,44.200,1,967787.809,151136.988
3952.485,45.000,44.200,1,967941.594,151071.303
3953.503,45.000,44.200,1,967929.387,151160.963
3954.506,45.000,44.200,1,967956.243,151132.270
3955.503,45.000,44.200,1,967981.979,151165.173
3956.497,45.000,44.200,1,967999.531,151141.797
3957.491,45.000,44.200,1,967949.816,151076.690
3958.507,45.000,44.200,1,968034.838,151122.630
3959.497,45.000,44.200,1,968012.740,151249.359
3960.493,45.000,44.200,1,968033.360,151138.898
3961.499,45.000,44.200,1,968114.401,151307.402
3962.497,45.000,44.240,1,968128.660,151184.121
3963.497,45.000,44.300,1,968096.322,151133.594
3964.499,45.000,44.300,1,968204.101,151062.115
3965.506,45.000,44.300,1,968153.030,151196.109
3966.505,45.000,44.300,1,968139.777,151228.351
3967.505,45.000,44.300,1,968180.195,151268.375
3968.502,45.000,44.300,1,968188.183,151254.232
3969.496,45.000,44.300,1,968236.746,151195.199
3970.495,45.000,44.300,1,968201.823,151197.005
3971.504,45.000,44.300,1,968287.786,151182.768
3972.495,45.000,44.300,1,968314.709,151199.302
3973.504,45.000,44.300,1,968302.929,151216.278
3974.501,45.000,44.300,1,968341.541,151134.717
3975.497,45.000,44.300,1,968361.885,151205.905
3976.487,45.000,44.300,1,968394.278,151170.906
3977.491,45.000,44.300,1,968512.603,151270.829
3978.492,45.000,44.300,1,968476.721,151300.211
3979.498,45.000,44.374,1,968551.399,151309.240
3980.493,45.000,44.400,1,968543.543,151274.875
3981.496,45.000,44.400,1,968605.308,151168.485
3982.496,45.000,44.400,1,968608.535,151181.414
3983.507,45.000,44.400,1,968658.412,151318.085
3984.894,45.000,44.400,1,968611.129,151149.123
3985.491,45.000,44.400,1,968588.498,151251.347
3986.500,45.000,44.400,1,968700.528,151232.449
3987.501,45.000,44.400,1,968710.609,151280.121
3988.502,45.000,44.400,1,968687.103,151319.435
3989.504,45.000,44.400,1,968670.199,151335.684
3990.492,45.000,44.400,1,968683.177,151102.941
3991.492,45.000,44.400,1,968689.766,151227.953
3992.492,45.000,44.400,1,968711.664,151331.578
3993.498,45.000,44.400,1,968752.060,151332.306
3994.506,45.000,44.400,1,968817.433,151331.166
3995.497,45.000,44.400,1,968732.856,151292.638
3996.510,45.000,44.400,1,968910.520,151289.912
3997.508,45.000,44.400,1,969013.294,151289.314
3998.500,45.000,44.400,1,969009.865,151292.127
3999.512,45.000,44.400,1,968990.861,151284.761
4000.509,45.000,44.491,1,969037.323,151248.587
4001.511,45.000,44.500,1,969063.068,151290.639
4002.500,45.000,44.500,1,969068.879,151259.592
4003.500,45.000,44.500,1,969165.139,151312.103
4004.511,45.000,44.500,1,969163.839,151192.218
4005.505,45.000,44.500,1,969144.483,151215.809
4006.501,45.000,44.500,1,969207.278,151307.342
4007.495,45.000,44.500,1,969171.196,151318.898
4008.497,45.000,44.500,1,969186.908,151323.487
4009.498,45.000,44.500,1,969224.192,151332.911
4010.501,45.000,44.500,1,969208.206,151286.060
4011.494,45.000,44.500,1,969194.411,151364.122
4012.498,45.000,44.500,1,969204.408,151303.605
4013.494,45.000,44.500,1,969244.732,151369.050
4014.500,45.000,44.500,1,969256.412,151336.662
4015.492,45.000,44.500,1,969245.319,151369.455
4016.506,45.000,44.500,1,969263.620,151308.251
4017.509,45.000,44.500,1,969253.456,151263.208
4018.503,45.000,44.500,1,969243.785,151299.502
4019.493,45.000,44.512,1,969278.251,151317.971
4020.502,45.000,44.600,1,969279.468,151427.399
4021.498,45.000,44.600,1,969313.125,151328.659
4022.494,45.000,44.600,1,969323.507,151386.386
4023.506,45.000,44.600,1,969332.541,151320.224
4024.499,45.000,44.600,1,969330.507,151323.298
4025.501,45.000,44.600,1,969351.369,151357.623
4026.496,45.000,44.600,1,969329.559,151405.749
4027.504,45.000,44.600,1,969380.185,151383.351
4028.497,45.000,44.600,1,969342.859,151367.858
4029.504,45.000,44.600,1,969361.811,151290.500
4030.504,45.000,44.600,1,969353.572,151393.872
4031.502,45.000,44.600,1,969347.877,151346.312
4032.514,45.000,44.600,1,969280.761,151429.724
4033.485,45.000,44.600,1,969291.389,151443.469
4034.493,45.000,44.600,1,969262.519,151446.609
4035.500,45.000,44.600,1,969297.330,151289.008
4036.511,45.000,44.600,1,969314.193,151380.524
4037.502,45.000,44.600,1,969272.096,151398.261
4038.495,45.000,44.600,1,969267.129,151419.020
4039.501,45.000,44.600,1,969275.197,151373.864
4040.501,45.000,44.600,1,969246.766,151331.950
4041.504,45.000,44.600,1,969213.365,151347.051
4042.499,45.000,44.600,1,969224.977,151419.747
4043.515,45.000,44.600,1,969181.138,151334.541
4044.500,45.000,44.600,1,969200.416,151225.794
4045.503,45.000,44.600,1,969203.185,151256.160
4046.497,45.000,44.600,1,969197.666,151363.312
4047.506,45.000,44.600,1,969179.348,151234.786
4048.498,45.000,44.600,1,969198.042,151393.478
4049.498,45.000,44.700,1,969184.438,151387.824
4050.505,45.000,44.700,1,969232.812,151399.182
4051.493,45.000,44.700,1,969186.507,151230.959
4052.487,45.000,44.700,1,969231.259,151373.122
4053.497,45.000,44.700,1,969248.507,151334.412
4054.507,45.000,44.700,1,969221.040,151375.256
4055.497,45.000,44.700,1,969228.994,151424.119
4056.498,45.000,44.700,1,969214.339,151414.203
4057.501,45.000,44.700,1,969241.743,151429.134
4058.500,45.000,44.700,1,969227.003,151430.658
4059.509,45.000,44.700,1,969234.043,151436.342
4060.502,45.000,44.700,1,969252.052,151329.583
4061.495,45.000,44.700,1,969253.259,151424.796
4062.491,45.000,44.700,1,969226.424,151426.995
4063.493,45.000,44.700,1,969223.007,151425.390
4064.502,45.000,44.700,1,969250.902,151270.226
4065.492,45.000,44.700,1,969217.762,151411.654
4066.492,45.000,44.700,1,969230.304,151444.612
4067.503,45.000,44.700,1,969276.741,151403.669
4068.516,45.000,44.700,1,969252.321,151427.296
4069.504,45.000,44.700,1,969285.169,151433.102
4070.507,45.000,44.700,1,969290.101,151393.141
4071.517,45.000,44.700,1,969315.287,151408.195
4072.508,45.000,44.700,1,969306.171,151456.736
4073.498,45.000,44.700,1,969347.319,151386.380
4074.501,45.000,44.700,1,969313.658,151421.997
4075.512,45.000,44.700,1,969291.312,151400.181
4076.498,45.000,44.700,1,969287.727,151349.198
4077.501,45.000,44.700,1,969283.771,151391.659
4078.497,45.000,44.700,1,969285.661,151367.094
4079.501,45.000,44.700,1,969311.425,151276.310
4080.497,45.000,44.700,1,969317.662,151299.035
4081.499,45.000,44.700,1,969315.530,151321.238
4082.501,45.000,44.700,1,969313.220,151374.760
4083.495,45.000,44.700,1,969298.574,151368.188
4084.496,45.000,44.700,1,969305.217,151365.744
4085.504,45.000,44.700,1,969315.811,151280.943
4086.507,45.000,44.700,1,969325.759,151391.549
4087.498,45.000,44.700,1,969331.058,151445.345
4088.497,45.000,44.700,1,969334.771,151437.403
4089.498,45.000,44.700,1,969322.577,151437.285
4090.503,45.000,44.700,1,969330.947,151379.795
4091.502,45.000,44.700,1,969297.362,151447.814
4092.510,45.000,44.700,1,969299.286,151435.784
4093.496,45.000,44.700,1,969326.327,151388.081
4094.501,45.000,44.700,1,969327.675,151450.063
4095.515,45.000,44.700,1,969357.273,151505.259
4096.498,45.000,44.700,1,969360.385,151489.111
4097.485,45.000,44.700,1,969346.117,151389.164
4098.499,45.000,44.700,1,969413.075,151466.271
4099.504,45.000,44.700,1,969361.130,151416.304
4100.493,45.000,44.700,1,969356.323,151348.551
4101.501,45.000,44.700,1,969372.531,151416.036
4102.497,45.000,44.700,1,969349.023,151306.728
4103.509,45.000,44.700,1,969366.607,151420.506
4104.507,45.000,44.700,1,969331.176,151545.654
4105.507,45.000,44.700,1,969354.270,151326.424
4106.505,45.000,44.700,1,969376.578,151373.875
4107.495,45.000,44.700,1,969365.527,151444.891
4108.499,45.000,44.700,1,969381.298,151445.211
4109.509,45.000,44.700,1,969357.793,151333.477
4110.506,45.000,44.700,1,969402.975,151239.600
4111.508,45.000,44.700,1,969387.048,151464.354
4112.509,45.000,44.700,1,969366.681,151453.340
4113.506,45.000,44.700,1,969333.926,151434.451
4114.509,45.000,44.700,1,969364.163,151446.350
4115.504,45.000,44.700,1,969321.708,151387.890
4116.499,45.000,44.700,1,969368.717,151417.434
4117.501,45.000,44.700,1,969408.032,151453.622
4118.502,45.000,44.700,1,969364.516,151412.257
4119.501,45.000,44.700,1,969370.379,151440.320
4120.505,45.000,44.700,1,969354.269,151453.387
4121.496,45.000,44.700,1,969351.839,151405.319
4122.505,45.000,44.700,1,969350.487,151373.197
4123.497,45.000,44.700,1,969367.308,151329.441
4124.511,45.000,44.700,1,969355.519,151299.848
4125.503,45.000,44.700,1,969370.667,151342.666
4126.501,45.000,44.700,1,969353.202,151421.105
4127.514,45.000,44.700,1,969351.712,151436.010
4128.504,45.000,44.700,1,969287.195,151438.105
4129.502,45.000,44.700,1,969297.845,151415.680
4130.493,45.000,44.700,1,969317.978,151309.586
4131.507,45.000,44.700,1,969333.541,151450.686
4132.498,45.000,44.700,1,969294.761,151334.000
4133.507,45.000,44.700,1,969290.987,151376.570
4134.501,45.000,44.700,1,969253.682,151365.406
4135.500,45.000,44.700,1,969241.160,151366.220
4136.507,45.000,44.700,1,969265.821,151432.854
4137.487,45.000,44.700,1,969256.641,151421.792
4138.495,45.000,44.700,1,969267.520,151352.389
4139.495,45.000,44.700,1,969215.678,151376.552
4140.498,45.000,44.700,1,969303.885,151382.223
4141.500,50.000,44.700,1,969203.631,151439.450
4142.506,50.000,44.700,1,969224.170,151369.463
4143.503,50.000,44.700,1,969279.090,151400.678
4144.502,50.000,44.700,1,969271.486,151349.244
4145.509,50.000,44.700,1,969263.123,151367.251
4146.502,50.000,44.700,1,969206.919,151359.511
4147.504,50.000,44.700,1,969252.272,151342.205
4148.504,50.000,44.700,1,969231.814,151375.203
4149.503,50.000,44.700,1,969294.397,151385.586
4150.505,50.000,44.700,1,969352.746,151283.388
4151.496,50.000,44.700,1,969319.457,151241.717
4152.499,50.000,44.700,1,969319.830,151387.170
4153.498,50.000,44.700,1,969318.445,151395.536
4154.499,50.000,44.700,1,969317.808,151341.637
4155.499,50.000,44.700,1,969365.839,151400.046
4156.500,50.000,44.751,1,969380.227,151425.615
4157.517,50.000,44.800,1,969382.464,151345.000
4158.505,50.000,44.800,1,969390.707,151406.453
4159.503,50.000,44.800,1,969427.851,151352.866
4160.506,50.000,44.800,1,969438.746,151298.435
4161.509,50.000,44.839,1,969422.561,151455.831
4162.489,50.000,44.900,1,969458.659,151473.481
4163.494,50.000,44.900,1,969504.211,151463.556
4164.508,50.000,44.900,1,969518.817,151390.094
4165.506,50.000,44.920,1,969525.276,151477.093
4166.501,50.000,45.000,1,969542.544,151445.222
4167.500,50.000,45.000,1,969556.022,151437.248
4168.497,50.000,45.009,1,969590.528,151422.346
4169.500,50.000,45.100,1,969585.844,151442.345
4170.500,50.000,45.100,1,969603.432,151526.933
4171.503,50.000,45.193,1,969616.455,151501.788
4172.506,50.000,45.200,1,969623.430,151543.176
4173.498,50.000,45.200,1,969629.477,151675.436
4174.494,50.000,45.286,1,969645.755,151668.700
4175.501,50.000,45.300,1,969653.756,151702.847
4176.507,50.000,45.300,1,969660.954,151723.390
4177.518,50.000,45.370,1,969665.044,151715.651
4178.500,50.000,45.400,1,969669.182,151731.362
4179.499,50.000,45.463,1,969678.006,151740.570
4180.495,50.000,45.500,1,969680.983,151770.298
4181.515,50.000,45.552,1,969687.431,151809.994
4182.487,50.000,45.600,1,969695.296,151876.157
4183.486,50.000,45.641,1,969699.506,151821.986
4184.494,50.000,45.700,1,969702.578,151871.216
4185.495,50.000,45.736,1,969713.504,151873.431
4186.501,50.000,45.800,1,969721.200,151866.344
4187.493,50.000,45.830,1,969725.762,151868.534
4188.503,50.000,45.900,1,969738.550,151874.750
4189.512,50.000,45.928,1,969777.412,151953.403
4190.508,50.000,46.000,1,969823.126,152031.245
4191.505,50.000,46.011,1,969861.123,151939.260
4192.500,50.000,46.109,1,969890.686,152056.453
4193.492,50.000,46.200,1,969940.759,152050.539
4194.499,50.000,46.201,1,969998.778,152088.339
4195.514,50.000,46.300,1,970022.409,152158.160
4196.509,50.000,46.300,1,969969.518,152209.417
4197.499,50.000,46.387,1,969999.241,152158.748
4198.495,50.000,46.484,1,970035.754,152210.325
4199.500,50.000,46.500,1,970117.425,152276.589
4200.493,50.000,46.569,1,970215.717,152297.442
4201.497,50.000,46.666,1,970342.852,152196.632
4202.496,50.000,46.761,1,970493.865,152317.365
4203.491,50.000,46.800,1,970706.435,152333.425
4204.498,50.000,46.850,1,970921.716,152418.983
4205.494,50.000,46.900,1,971051.683,152386.179
4206.492,50.000,46.944,1,971311.159,152510.439
4207.491,50.000,47.040,1,971459.602,152428.630
4208.501,50.000,47.100,1,971618.307,152558.228
4209.504,50.000,47.136,1,971843.706,152581.697
4210.504,50.000,47.200,1,972238.565,152576.256
4211.492,50.000,47.222,1,972565.864,152606.545
4212.501,50.000,47.329,1,972834.920,152582.366
4213.498,50.000,47.400,1,973167.101,152597.250
4214.499,50.000,47.420,1,973647.175,152745.266
4215.500,50.000,47.504,1,973938.822,152737.967
4216.494,50.000,47.600,1,974346.169,152790.672
4217.527,50.000,47.611,1,974711.126,152816.594
4218.505,50.000,47.700,1,975122.923,152864.982
4219.498,50.000,47.700,1,975418.611,152892.846
4220.501,50.000,47.792,1,975844.064,152946.122
4221.505,50.000,47.890,1,976379.977,152959.883
4222.497,50.000,47.900,1,976896.178,153047.890
4223.497,50.000,47.980,1,977186.144,153064.136
4224.500,50.000,48.078,1,977639.958,153047.472
4225.497,50.000,48.100,1,978020.348,153120.923
4226.499,50.000,48.160,1,978474.129,153136.113
4227.506,50.000,48.200,1,979010.054,153137.521
4228.499,50.000,48.254,1,979338.649,153200.916
4229.502,50.000,48.355,1,979663.325,153160.647
4230.514,50.000,48.400,1,980125.515,153217.494
4231.492,50.000,48.443,1,980392.621,153265.181
4232.501,50.000,48.500,1,980865.598,153248.404
4233.503,50.000,48.538,1,981080.710,153323.369
4234.500,50.000,48.600,1,981352.704,153368.276
4235.502,50.000,48.622,1,981691.602,153415.225
4236.511,50.000,48.720,1,981929.536,153462.526
4237.504,50.000,48.800,1,982792.139,153450.072
4238.508,50.000,48.812,1,983132.171,153438.160
4239.509,50.000,48.900,1,983246.508,153435.707
4240.493,50.000,48.908,1,983403.213,153469.924
4241.502,50.000,49.000,1,983552.216,153454.764
4242.501,50.000,49.000,1,983675.847,153478.158
4243.504,50.000,49.100,1,983845.612,153471.812
4244.505,50.000,49.100,1,984017.989,153429.495
4245.514,50.000,49.194,1,984044.740,153559.266
4246.499,50.000,49.200,1,984121.783,153604.738
4247.496,50.000,49.286,1,984032.919,153662.597
4248.503,50.000,49.300,1,984197.573,153570.766
4249.500,50.000,49.370,1,984254.658,153659.029
4250.506,50.000,49.400,1,984274.120,153715.944
4251.510,50.000,49.459,1,984320.953,153662.517
4252.497,50.000,49.500,1,984372.631,153717.338
4253.497,50.000,49.548,1,984396.636,153763.969
4254.490,50.000,49.600,1,984426.996,153763.898
4255.493,50.000,49.600,1,984443.699,153796.039
4256.501,50.000,49.639,1,984447.549,153826.317
4257.512,50.000,49.700,1,984470.217,153811.215
4258.495,50.000,49.727,1,984509.164,153795.160
4259.498,50.000,49.800,1,984519.197,153883.546
4260.506,50.000,49.828,1,984524.888,153892.312
4261.512,50.000,49.900,1,984483.027,153759.613
4262.513,50.000,49.900,1,984481.081,153911.349
4263.507,50.000,49.913,1,984496.124,153864.672
4264.508,50.000,50.000,1,984510.891,153889.527
4265.502,50.000,50.006,1,984527.122,153929.280
4266.507,50.000,50.100,1,984535.973,153928.172
4267.501,50.000,50.100,1,984549.225,153943.351
4268.505,50.000,50.100,1,984551.357,153963.435
4269.496,50.000,50.100,1,984565.385,154024.168
4270.497,50.000,50.184,1,984565.285,154029.925
4271.496,50.000,50.200,1,984577.204,153984.502
4272.502,50.000,50.200,1,984579.176,154057.277
4273.505,50.000,50.272,1,984590.978,153986.631
4274.511,50.000,50.300,1,984589.288,154017.062
4275.516,50.000,50.300,1,984595.057,154100.967
4276.500,50.000,50.366,1,984598.250,154066.532
4277.507,50.000,50.400,1,984596.544,154082.603
4278.501,50.000,50.400,1,984596.729,154056.196
4279.493,50.000,50.400,1,984599.177,154058.927
4280.489,50.000,50.445,1,984601.030,154076.761
4281.502,50.000,50.500,1,984603.573,154127.791
4282.512,50.000,50.500,1,984608.209,154121.756
4283.500,50.000,50.500,1,984608.323,154109.258
4284.499,50.000,50.528,1,984609.495,154129.984
4285.505,50.000,50.600,1,984613.235,154137.447
4286.516,50.000,50.600,1,984614.283,154171.396
4287.505,50.000,50.600,1,984617.824,154175.386
4288.498,50.000,50.600,1,984623.654,154169.992
4289.496,50.000,50.600,1,984624.014,154228.109
4290.506,50.000,50.604,1,984622.536,154236.378
4291.502,50.000,50.700,1,984627.512,154214.626
4292.496,50.000,50.700,1,984624.086,154246.299
4293.496,50.000,50.700,1,984629.247,154252.091
4294.496,50.000,50.700,1,984631.900,154256.654
4295.508,50.000,50.700,1,984632.991,154194.243
4296.511,50.000,50.700,1,984651.098,154280.089
4297.505,50.000,50.700,1,984653.299,154303.392
4298.496,50.000,50.771,1,984639.293,154239.618
4299.495,50.000,50.800,1,984626.088,154256.700
4300.493,50.000,50.800,1,984626.882,154214.349
4301.490,50.000,50.800,1,984624.633,154253.228
4302.498,50.000,50.800,1,984621.356,154278.012
4303.504,50.000,50.800,1,984621.811,154284.882
4304.511,50.000,50.759,1,984628.271,154260.938
4305.498,50.000,50.700,1,984621.404,154269.839
4306.494,50.000,50.700,1,984618.376,154296.748
4307.508,50.000,50.700,1,984618.879,154270.903
4308.492,50.000,50.700,1,984620.546,154235.048
4309.493,50.000,50.700,1,984621.037,154269.007
4310.501,50.000,50.700,1,984620.727,154294.872
4311.502,50.000,50.700,1,984619.584,154208.892
4312.496,50.000,50.700,1,984619.178,154174.812
4313.518,50.000,50.700,1,984617.162,154157.449
4314.507,50.000,50.700,1,984616.094,154125.110
4315.499,50.000,50.700,1,984615.076,154101.205
4316.497,50.000,50.700,1,984612.357,154220.452
4317.492,50.000,50.700,1,984610.952,154147.800
4318.496,50.000,50.700,1,984612.299,154176.469
4319.490,50.000,50.700,1,984605.358,154194.585
4320.488,50.000,50.700,1,984607.778,154136.328
4321.506,50.000,50.700,1,984604.745,154200.171
4322.512,50.000,50.700,1,984605.588,154146.432
4323.496,50.000,50.700,1,984606.075,154157.016
4324.499,50.000,50.700,1,984603.551,154086.026
4325.500,50.000,50.700,1,984602.546,154126.776
4326.481,50.000,50.700,1,984601.269,154012.789
4327.497,50.000,50.700,1,984601.709,154066.014
4328.494,50.000,50.700,1,984599.854,154002.445
4329.502,50.000,50.700,1,984596.123,154066.671
4330.500,50.000,50.666,1,984590.378,154073.356
4331.501,50.000,50.600,1,984588.592,153969.114
4332.497,50.000,50.600,1,984581.813,154003.277
4333.492,50.000,50.600,1,984578.480,153999.029
4334.483,50.000,50.586,1,984575.259,153983.616
4335.507,50.000,50.500,1,984578.085,154010.593
4336.494,50.000,50.500,1,984579.261,153955.244
4337.505,50.000,50.500,1,984574.018,154015.810
4338.497,50.000,50.500,1,984566.580,153949.695
4339.497,50.000,50.500,1,984557.152,153984.588
4340.509,50.000,50.415,1,984538.682,153948.987
4341.501,50.000,50.400,1,984532.745,153925.734
4342.492,50.000,50.400,1,984526.064,153887.802
4343.499,50.000,50.400,1,984518.436,153962.498
4344.500,50.000,50.400,1,984502.198,153917.793
4345.507,50.000,50.400,1,984496.083,153895.421
4346.497,50.000,50.344,1,984496.143,153892.155
4347.505,50.000,50.300,1,984487.192,153858.029
4348.499,50.000,50.300,1,984476.789,153828.271
4349.513,50.000,50.300,1,984462.228,153961.519
4350.497,50.000,50.300,1,984456.432,153862.712
4351.482,50.000,50.300,1,984439.888,153845.626
4352.516,50.000,50.287,1,984424.152,153818.356
4353.502,50.000,50.200,1,984411.755,153829.565
4354.520,50.000,50.200,1,984387.563,153823.945
4355.505,50.000,50.200,1,984384.280,153874.586
4356.502,50.000,50.200,1,984371.706,153745.452
4357.504,50.000,50.200,1,984301.725,153799.014
4358.516,50.000,50.200,1,984223.633,153785.676
4359.491,50.000,50.102,1,984306.547,153777.013
4360.505,50.000,50.100,1,984230.120,153767.611
4361.494,50.000,50.100,1,984238.649,153709.542
4362.498,50.000,50.100,1,984174.416,153723.415
4363.517,50.000,50.100,1,984179.589,153790.163
4364.505,50.000,50.100,1,984173.425,153734.495
4365.507,50.000,50.100,1,984145.271,153781.881
4366.507,50.000,50.032,1,984119.504,153767.577
4367.498,50.000,50.000,1,984082.666,153757.198
4368.506,50.000,50.000,1,984038.095,153699.055
4369.507,50.000,50.000,1,984039.884,153745.545
4370.501,50.000,50.000,1,983953.678,153647.058
4371.503,50.000,50.000,1,983931.149,153695.824
4372.515,50.000,49.956,1,983935.043,153711.274
4373.509,50.000,49.900,1,983887.023,153637.187
4374.501,50.000,49.900,1,983889.707,153719.105
4375.493,50.000,49.900,1,983817.344,153696.507
4376.504,50.000,49.900,1,983800.477,153685.529
4377.497,50.000,49.900,1,983818.449,153710.523
4378.495,50.000,49.889,1,983840.821,153716.302
4379.504,50.000,49.800,1,983748.213,153563.225
4380.490,50.000,49.800,1,983762.776,153665.909
4381.513,50.000,49.800,1,983770.056,153753.291
4382.510,50.000,49.800,1,983803.945,153713.035
4383.503,50.000,49.800,1,983788.877,153644.771
4384.497,50.000,49.800,1,983641.873,153678.496
4385.495,50.000,49.800,1,983465.973,153683.171
4386.495,50.000,49.708,1,983412.152,153676.501
4387.501,50.000,49.700,1,983474.458,153659.305
4388.499,50.000,49.700,1,983559.590,153606.235
4389.481,50.000,49.700,1,983452.060,153634.261
4390.502,50.000,49.700,1,983494.920,153563.057
4391.489,50.000,49.700,1,983488.493,153582.831
4392.504,50.000,49.638,1,983395.363,153595.201
4393.500,50.000,49.600,1,983328.454,153451.902
4394.503,50.000,49.600,1,983323.269,153654.584
4395.494,50.000,49.600,1,983329.145,153589.148
4396.509,50.000,49.600,1,983065.508,153610.260
4397.493,50.000,49.600,1,982942.954,153568.796
4398.492,50.000,49.600,1,982979.296,153536.204
4399.483,50.000,49.572,1,982897.417,153581.969
4400.489,50.000,49.500,1,982878.771,153540.198
4401.499,50.000,49.500,1,982715.679,153484.919
4402.498,50.000,49.500,1,982745.477,153421.380
4403.501,50.000,49.500,1,982619.525,153382.768
4404.511,50.000,49.500,1,982572.334,153453.296
4405.504,50.000,49.500,1,982581.401,153463.388
4406.506,50.000,49.500,1,982471.648,153465.266
4407.505,50.000,49.493,1,982437.995,153393.768
4408.504,50.000,49.400,1,982513.546,153420.574
4409.501,50.000,49.400,1,982410.158,153465.051
4410.492,50.000,49.400,1,982281.430,153407.166
4411.503,50.000,49.400,1,982428.913,153394.013
4412.500,50.000,49.400,1,982472.056,153347.893
4413.500,50.000,49.400,1,982364.813,153431.509
4414.503,50.000,49.400,1,982257.012,153436.949
4415.499,50.000,49.329,1,982273.153,153423.728
4416.498,50.000,49.300,1,982108.836,153372.594
4417.508,50.000,49.300,1,982304.111,153385.278
4418.507,50.000,49.300,1,982207.364,153425.657
4419.497,50.000,49.300,1,982322.012,153440.916
4420.495,50.000,49.300,1,982219.982,153305.273
4421.496,50.000,49.300,1,982185.015,153310.939
4422.505,50.000,49.300,1,982288.329,153384.185
4423.507,50.000,49.300,1,982003.930,153298.545
4424.508,50.000,49.255,1,982075.778,153329.757
4425.494,50.000,49.200,1,981846.993,153378.820
4426.505,50.000,49.200,1,981770.768,153271.425
4427.505,50.000,49.200,1,981883.343,153352.762
4428.502,50.000,49.200,1,981799.035,153260.309
4429.495,50.000,49.200,1,981722.053,153330.324
4430.499,50.000,49.200,1,981701.319,153312.056
4431.500,50.000,49.200,1,981630.189,153296.638
4432.504,50.000,49.200,1,981523.809,153247.440
4433.495,50.000,49.200,1,981418.556,153238.251
4434.503,50.000,49.200,1,981383.461,153326.141
4435.513,50.000,49.104,1,981341.025,153340.790
4436.507,50.000,49.100,1,981369.717,153339.245
4437.511,50.000,49.100,1,981479.009,153354.571
4438.506,50.000,49.100,1,981345.547,153369.518
4439.496,50.000,49.100,1,981277.953,153355.004
4440.499,50.000,49.100,1,981217.736,153357.799
4441.503,50.000,49.100,1,981102.196,153240.020
4442.505,50.000,49.100,1,981112.431,153307.234
4443.503,50.000,49.100,1,980995.546,153327.062
4444.488,50.000,49.100,1,980895.502,153320.833
4445.499,50.000,49.100,1,981006.680,153212.809
4446.499,50.000,49.100,1,980949.534,153249.863
4447.504,50.000,49.100,1,981029.818,153360.656
4448.497,50.000,49.100,1,980858.370,153262.278
4449.493,50.000,49.061,1,980765.635,153259.785
4450.505,50.000,49.000,1,980925.507,153224.871
4451.495,50.000,49.000,1,980914.767,153333.050
4452.492,50.000,49.000,1,980946.724,153266.621
4453.496,50.000,49.000,1,980997.612,153387.251
4454.501,50.000,49.000,1,980800.334,153368.866
4455.504,50.000,49.000,1,980829.377,153323.151
4456.495,50.000,49.000,1,980732.387,153306.239
4457.516,50.000,49.000,1,980895.701,153409.224
4458.520,50.000,49.000,1,981194.452,153409.391
4459.512,50.000,49.000,1,981267.844,153349.527
4460.506,50.000,49.000,1,981151.637,153361.887
4461.497,50.000,49.000,1,981177.364,153360.941
4462.512,50.000,49.000,1,981135.985,153381.960
4463.498,50.000,49.000,1,981000.086,153265.375
4464.499,50.000,49.000,1,981164.074,153292.183
4465.492,50.000,49.000,1,981049.765,153414.063
4466.511,50.000,49.000,1,981140.867,153342.114
4467.511,50.000,49.000,1,981225.603,153257.495
4468.492,50.000,49.000,1,981134.062,153279.978
4469.505,50.000,49.000,1,981182.717,153287.937
4470.499,50.000,49.000,1,981233.849,153109.810
4471.503,50.000,49.000,1,981147.381,153283.300
4472.496,50.000,49.000,1,981131.591,153235.202
4473.485,50.000,49.000,1,981089.461,153257.134
4474.495,50.000,49.000,1,980853.748,153305.524
4475.505,50.000,49.000,1,980741.859,153335.988
4476.508,50.000,49.000,1,980742.321,153354.771
4477.498,50.000,49.000,1,980971.912,153348.012
4478.500,50.000,49.000,1,980799.587,153380.276
4479.501,50.000,49.000,1,980865.315,153368.145
4480.499,50.000,49.000,1,981150.453,153257.315
4481.502,50.000,49.000,1,981142.918,153242.503
4482.515,50.000,49.000,1,981082.035,153367.677
4483.506,50.000,49.000,1,981244.494,153360.728
4484.511,50.000,49.000,1,981176.881,153352.215
4485.518,50.000,49.000,1,981196.278,153398.677
4486.509,50.000,49.000,1,981220.436,153372.013
4487.494,50.000,49.000,1,981251.955,153363.101
4488.493,50.000,49.000,1,981310.888,153256.933
4489.499,50.000,49.000,1,981362.550,153304.922
4490.499,50.000,49.000,1,981384.719,153414.567
4491.500,50.000,49.000,1,981438.141,153364.602
4492.500,50.000,49.000,1,981700.472,153349.672
4493.506,50.000,49.000,1,981432.394,153358.407
4494.507,50.000,49.000,1,981436.256,153186.124
4495.500,50.000,49.000,1,981482.604,153283.089
4496.505,50.000,49.000,1,981565.472,153359.117
4497.501,50.000,49.000,1,981477.675,153186.029
4498.502,50.000,49.000,1,981702.611,153301.398
4499.511,50.000,49.000,1,981568.046,153277.092
4500.502,50.000,49.000,1,981621.110,153354.359
4501.497,50.000,49.000,1,981680.752,153357.968
4502.494,50.000,49.000,1,981693.886,153245.207
4503.506,50.000,49.005,1,981686.080,153300.066
4504.507,50.000,49.100,1,981697.954,153307.589
4505.499,50.000,49.100,1,981732.881,153287.886
4506.494,50.000,49.100,1,981894.784,153183.316
4507.506,50.000,49.100,1,981783.346,153294.341
4508.505,50.000,49.100,1,981801.464,153289.374
4509.498,50.000,49.100,1,981704.950,153275.160
4510.501,50.000,49.100,1,981885.012,153288.779
4511.508,50.000,49.100,1,981777.694,153294.216
4512.509,50.000,49.100,1,981897.861,153313.321
4513.499,50.000,49.100,1,981838.256,153336.376
4514.495,50.000,49.100,1,981955.732,153325.942
4515.497,50.000,49.100,1,981936.380,153377.523
4516.494,50.000,49.100,1,982156.032,153404.897
4517.493,50.000,49.100,1,982008.667,153306.241
4518.491,50.000,49.100,1,982125.398,153436.483
4519.499,50.000,49.100,1,982166.600,153443.384
4520.499,50.000,49.100,1,982090.297,153423.341
4521.501,50.000,49.100,1,982191.963,153431.842
4522.496,50.000,49.100,1,982258.556,153419.541
4523.505,50.000,49.136,1,982277.883,153358.581
4524.507,50.000,49.200,1,982329.858,153445.735
4525.514,50.000,49.200,1,982471.394,153470.468
4526.498,50.000,49.200,1,982480.784,153448.056
4527.499,50.000,49.200,1,982417.239,153462.418
4528.498,50.000,49.200,1,982343.852,153379.143
4529.506,50.000,49.200,1,982393.013,153400.531
4530.498,50.000,49.200,1,982607.461,153484.172
4531.496,50.000,49.200,1,982500.035,153478.793
4532.507,50.000,49.200,1,982464.339,153462.130
4533.497,50.000,49.200,1,982550.963,153330.437
4534.498,50.000,49.200,1,982612.602,153509.531
4535.506,50.000,49.200,1,982633.743,153488.972
4536.503,50.000,49.200,1,982643.453,153402.568
4537.494,50.000,49.200,1,982630.538,153484.799
4538.503,50.000,49.200,1,982677.711,153510.816
4539.503,50.000,49.200,1,982936.704,153468.372
4540.494,50.000,49.200,1,982739.067,153480.714
4541.482,50.000,49.200,1,982765.236,153432.373
4542.492,50.000,49.253,1,982828.438,153448.390
4543.490,50.000,49.300,1,982776.545,153500.739
4544.493,50.000,49.300,1,982911.241,153499.843
4545.505,50.000,49.300,1,982972.894,153476.163
4546.505,50.000,49.300,1,983074.157,153494.740
4547.499,50.000,49.300,1,983023.334,153544.243
4548.496,50.000,49.300,1,983038.317,153594.619
4549.492,50.000,49.300,1,983042.286,153556.429
4550.482,50.000,49.300,1,983074.218,153554.017
4551.491,50.000,49.300,1,983133.930,153512.061
4552.484,50.000,49.300,1,983160.241,153613.611
4553.505,50.000,49.300,1,983159.359,153484.041
4554.519,50.000,49.300,1,983163.955,153442.531
4555.503,50.000,49.300,1,983118.304,153462.185
4556.501,50.000,49.300,1,983111.128,153533.625
4557.518,50.000,49.300,1,983158.330,153459.172
4558.510,50.000,49.382,1,983221.189,153500.707
4559.503,50.000,49.400,1,983306.259,153491.104
4560.495,50.000,49.400,1,983246.436,153486.141
4561.497,50.000,49.400,1,983367.749,153440.748
4562.506,50.000,49.400,1,983332.349,153566.716
4563.497,50.000,49.400,1,983355.088,153596.265
4564.494,50.000,49.400,1,983403.713,153452.240
4565.491,50.000,49.400,1,983429.822,153546.661
4566.498,50.000,49.400,1,983439.320,153489.781
4567.498,50.000,49.400,1,983478.932,153523.602
4568.493,50.000,49.400,1,983432.623,153561.259
4569.489,50.000,49.400,1,983419.410,153551.994
4570.497,50.000,49.400,1,983476.625,153570.598
4571.495,50.000,49.400,1,983453.139,153500.631
4572.500,50.000,49.400,1,983540.892,153546.092
4573.496,50.000,49.400,1,983444.525,153617.883
4574.498,50.000,49.400,1,983522.768,153718.560
4575.497,50.000,49.400,1,983541.392,153558.245
4576.503,50.000,49.400,1,983485.075,153694.595
4577.499,50.000,49.402,1,983538.595,153631.435
4578.492,50.000,49.500,1,983639.290,153731.076
4579.494,50.000,49.500,1,983656.073,153610.667
4580.501,50.000,49.500,1,983686.067,153639.907
4581.491,50.000,49.500,1,983707.128,153629.840
4582.494,50.000,49.500,1,983647.027,153617.914
4583.500,50.000,49.500,1,983590.043,153578.943
4584.498,50.000,49.500,1,983676.961,153578.128
4585.492,50.000,49.500,1,983661.480,153677.813
4586.493,50.000,49.500,1,983592.542,153639.425
4587.503,50.000,49.500,1,983620.896,153659.187
4588.493,50.000,49.500,1,983558.231,153699.361
4589.500,50.000,49.500,1,983686.489,153641.912
4590.501,50.000,49.500,1,983675.546,153666.976
4591.500,50.000,49.500,1,983683.123,153717.011
4592.515,50.000,49.500,1,983714.920,153613.917
4593.505,50.000,49.500,1,983761.232,153484.744
4594.509,50.000,49.500,1,983774.764,153564.816
4595.500,50.000,49.500,1,983809.140,153587.029
4596.494,50.000,49.500,1,983782.109,153583.123
4597.502,50.000,49.500,1,983822.761,153630.060
4598.501,50.000,49.511,1,983789.882,153475.958
4599.495,50.000,49.600,1,983857.707,153583.319
4600.494,50.000,49.600,1,983837.179,153628.673
4601.493,50.000,49.600,1,983812.794,153588.058
4602.493,50.000,49.600,1,983786.241,153583.889
4603.498,50.000,49.600,1,983780.432,153590.022
4604.493,50.000,49.600,1,983920.808,153766.919
4605.492,50.000,49.600,1,983995.146,153635.891
4606.490,50.000,49.600,1,983924.526,153544.184
4607.497,50.000,49.600,1,983897.184,153624.865
4608.519,50.000,49.600,1,983898.073,153699.018
4609.499,50.000,49.600,1,983958.522,153457.088
4610.500,50.000,49.600,1,983978.582,153640.696
4611.508,50.000,49.600,1,984007.885,153681.064
4612.516,50.000,49.600,1,983979.363,153610.763
4613.505,50.000,49.600,1,983817.945,153593.587
4614.495,50.000,49.600,1,983815.318,153684.495
4615.494,50.000,49.600,1,983840.941,153576.394
4616.495,50.000,49.600,1,983821.703,153562.226
4617.496,50.000,49.600,1,984033.700,153588.322
4618.500,50.000,49.600,1,984212.699,153659.395
4619.498,50.000,49.600,1,984257.418,153621.590
4620.497,50.000,49.600,1,984235.425,153644.306
4621.505,50.000,49.600,1,984252.259,153549.379
4622.496,50.000,49.600,1,984269.600,153621.593
4623.498,50.000,49.600,1,984230.204,153628.975
4624.493,50.000,49.600,1,984160.570,153631.145
4625.501,50.000,49.600,1,984139.507,153632.543
4626.503,50.000,49.600,1,984174.992,153647.548
4627.510,50.000,49.600,1,984154.536,153624.880
4628.511,50.000,49.600,1,984195.194,153651.257
4629.508,50.000,49.600,1,984123.728,153622.603
4630.502,50.000,49.600,1,983995.898,153578.367
4631.504,50.000,49.600,1,983994.236,153666.407
4632.513,50.000,49.600,1,984002.625,153788.578
4633.493,50.000,49.600,1,983960.138,153705.709
4634.499,50.000,49.600,1,983979.485,153671.448
4635.506,50.000,49.600,1,983949.966,153676.721
4636.498,50.000,49.600,1,983916.187,153642.750
4637.508,50.000,49.600,1,983977.329,153691.538
4638.507,50.000,49.600,1,983966.683,153699.595
4639.514,50.000,49.600,1,983939.403,153653.621
4640.514,50.000,49.640,1,983979.234,153611.749
4641.505,50.000,49.700,1,983981.493,153609.379
4642.505,50.000,49.700,1,983989.279,153634.015
4643.505,50.000,49.700,1,983950.809,153618.689
4644.497,50.000,49.700,1,984040.142,153596.779
4645.507,50.000,49.700,1,984013.556,153630.115
4646.500,50.000,49.700,1,984060.303,153657.270
4647.489,50.000,49.700,1,983972.857,153717.703
4648.488,50.000,49.700,1,983958.996,153542.545
4649.497,50.000,49.700,1,983978.638,153629.242
4650.493,50.000,49.700,1,983950.085,153697.827
4651.500,50.000,49.700,1,984027.406,153701.400
4652.498,50.000,49.700,1,984001.855,153707.713
4653.495,50.000,49.700,1,984026.133,153574.974
4654.495,50.000,49.700,1,984034.623,153705.936
4655.505,50.000,49.700,1,983993.007,153596.612
4656.503,50.000,49.700,1,983983.065,153645.136
4657.509,50.000,49.700,1,984019.357,153609.292
4658.500,50.000,49.700,1,984000.570,153616.657
4659.501,50.000,49.700,1,984064.702,153712.531
4660.512,50.000,49.700,1,984025.554,153673.999
4661.510,50.000,49.700,1,983980.586,153562.761
4662.510,50.000,49.700,1,983988.270,153686.791
4663.505,50.000,49.700,1,984037.760,153694.983
4664.496,50.000,49.700,1,984004.444,153594.309
4665.491,50.000,49.700,1,984016.745,153650.968
4666.488,50.000,49.700,1,983988.656,153667.973
4667.498,50.000,49.700,1,983996.060,153607.226
4668.502,50.000,49.700,1,984046.908,153666.142
4669.502,50.000,49.700,1,984070.101,153697.466
4670.502,50.000,49.700,1,984000.544,153645.022
4671.521,50.000,49.700,1,983996.535,153561.758
4672.512,50.000,49.700,1,984022.686,153672.471
4673.511,50.000,49.700,1,984063.372,153645.304
4674.505,50.000,49.700,1,984031.968,153634.419
4675.501,50.000,49.700,1,983980.334,153629.152
4676.503,50.000,49.700,1,984026.666,153641.837
4677.500,50.000,49.700,1,984257.247,153628.106
4678.502,50.000,49.700,1,984245.549,153602.357
4679.483,50.000,49.700,1,984251.612,153699.521
4680.496,50.000,49.700,1,984254.939,153665.510
4681.497,50.000,49.700,1,984225.611,153614.762
4682.495,50.000,49.700,1,984259.494,153659.899
4683.501,50.000,49.700,1,984250.020,153603.805
4684.504,50.000,49.700,1,984246.697,153653.816
4685.508,50.000,49.700,1,984233.148,153741.380
4686.508,50.000,49.700,1,984244.072,153730.480
4687.483,50.000,49.700,1,984266.894,153651.238
4688.498,50.000,49.700,1,984211.793,153665.666
4689.482,50.000,49.700,1,983999.620,153573.351
4690.494,50.000,49.700,1,984010.495,153665.925
4691.492,50.000,49.700,1,984047.153,153667.845
4692.499,50.000,49.700,1,984008.703,153621.224
4693.489,50.000,49.700,1,983998.518,153646.464
4694.501,50.000,49.700,1,983947.948,153631.414
4695.500,50.000,49.700,1,983965.851,153646.931
4696.505,50.000,49.700,1,983989.146,153689.352
4697.497,50.000,49.700,1,984016.624,153736.359
4698.499,50.000,49.700,1,984000.818,153718.091
4699.505,50.000,49.700,1,983997.615,153740.697
4700.495,50.000,49.700,1,984077.146,153790.217
4701.511,50.000,49.700,1,983924.545,153739.669
4702.506,50.000,49.700,1,983962.707,153698.341
4703.505,50.000,49.700,1,983991.424,153667.059
4704.497,50.000,49.700,1,983975.418,153757.602
4705.497,50.000,49.700,1,983976.101,153749.867
4706.499,50.000,49.700,1,983976.991,153649.645
4707.499,50.000,49.700,1,983964.533,153694.603
4708.505,50.000,49.700,1,983952.311,153692.253
4709.509,50.000,49.700,1,984005.421,153649.576
4710.492,50.000,49.700,1,983981.587,153765.091
4711.494,50.000,49.700,1,983958.400,153757.862
4712.500,50.000,49.700,1,983974.739,153625.720
4713.505,50.000,49.700,1,983988.611,153657.256
4714.512,50.000,49.700,1,983975.033,153557.614
4715.493,50.000,49.700,1,984033.349,153669.565
4716.497,50.000,49.700,1,984096.476,153642.046
4717.496,50.000,49.700,1,984075.360,153647.570
4718.494,50.000,49.700,1,984075.622,153730.572
4719.501,50.000,49.700,1,984079.666,153674.645
4720.495,50.000,49.700,1,984070.015,153710.361
4721.501,50.000,49.700,1,984079.665,153731.119
4722.493,50.000,49.700,1,984067.486,153711.596
4723.486,50.000,49.700,1,984083.195,153611.026
4724.491,50.000,49.700,1,984035.287,153634.231
4725.499,50.000,49.700,1,984047.250,153685.599
4726.492,50.000,49.700,1,983932.307,153669.246
4727.497,50.000,49.700,1,983905.331,153638.463
4728.488,50.000,49.700,1,983880.115,153611.193
4729.498,50.000,49.700,1,983902.096,153692.346
4730.504,50.000,49.700,1,983984.826,153628.518
4731.495,50.000,49.700,1,983934.024,153682.001
4732.506,55.000,49.700,1,984029.925,153705.827
4733.507,55.000,49.700,1,984021.704,153570.376
4734.500,55.000,49.700,1,984051.409,153705.520
4735.499,55.000,49.700,1,984078.479,153827.626
4736.505,55.000,49.700,1,984050.484,153747.030
4737.500,55.000,49.700,1,984004.605,153684.772
4738.502,55.000,49.700,1,983999.312,153763.484
4739.507,55.000,49.700,1,984007.471,153729.705
4740.508,55.000,49.700,1,984085.431,153681.296
4741.496,55.000,49.700,1,984095.106,153743.520
4742.499,55.000,49.700,1,984105.403,153750.348
4743.496,55.000,49.700,1,984092.685,153618.004
4744.518,55.000,49.700,1,984059.692,153735.969
4745.504,55.000,49.700,1,983995.972,153721.648
4746.499,55.000,49.700,1,984080.012,153711.480
4747.511,55.000,49.700,1,984103.714,153699.565
4748.510,55.000,49.700,1,984099.382,153590.542
4749.492,55.000,49.700,1,984127.822,153702.288
4750.494,55.000,49.800,1,984132.376,153734.841
4751.501,55.000,49.800,1,984158.613,153763.287
4752.499,55.000,49.800,1,984185.652,153760.256
4753.488,55.000,49.800,1,984201.445,153769.040
4754.490,55.000,49.887,1,984226.126,153774.977
4755.503,55.000,49.900,1,984248.431,153793.966
4756.497,55.000,49.900,1,984318.956,153791.442
4757.504,55.000,49.900,1,984328.110,153782.931
4758.502,55.000,49.972,1,984350.293,153808.939
4759.514,55.000,50.000,1,984375.392,153802.900
4760.501,55.000,50.000,1,984396.627,153881.047
4761.498,55.000,50.066,1,984425.123,153880.857
4762.488,55.000,50.100,1,984437.319,153863.515
4763.507,55.000,50.100,1,984453.721,153921.970
4764.502,55.000,50.146,1,984478.403,154046.704
4765.507,55.000,50.200,1,984499.762,153939.554
4766.504,55.000,50.240,1,984499.907,153961.407
4767.495,55.000,50.300,1,984513.344,153976.366
4768.498,55.000,50.327,1,984526.831,153989.764
4769.504,55.000,50.400,1,984542.866,153989.994
4770.502,55.000,50.417,1,984559.468,153987.228
4771.500,55.000,50.500,1,984573.657,154066.619
4772.499,55.000,50.514,1,984579.966,154044.432
4773.485,55.000,50.600,1,984586.804,154059.451
4774.495,55.000,50.608,1,984596.807,154145.376
4775.504,55.000,50.700,1,984600.935,154109.190
4776.504,55.000,50.700,1,984617.814,154138.649
4777.511,55.000,50.794,1,984631.677,154178.709
4778.491,55.000,50.800,1,984640.578,154165.903
4779.498,55.000,50.889,1,984644.796,154227.150
4780.502,55.000,50.900,1,984652.901,154300.366
4781.498,55.000,50.971,1,984672.067,154263.904
4782.497,55.000,51.069,1,984683.393,154244.203
4783.491,55.000,51.100,1,984687.213,154223.739
4784.502,55.000,51.161,1,984708.965,154243.383
4785.501,55.000,51.200,1,984729.039,154376.737
4786.502,55.000,51.246,1,984752.704,154337.848
4787.500,55.000,51.343,1,984779.447,154422.198
4788.493,55.000,51.400,1,984819.878,154447.108
4789.496,55.000,51.440,1,984856.487,154467.900
4790.494,55.000,51.500,1,984899.154,154485.525
4791.497,55.000,51.525,1,984893.376,154547.690
4792.501,55.000,51.623,1,984893.403,154564.786
4793.503,55.000,51.700,1,984937.055,154735.747
4794.501,55.000,51.720,1,985025.881,154774.319
4795.498,55.000,51.809,1,985076.621,154702.865
4796.496,55.000,51.900,1,985159.457,154796.779
4797.486,55.000,51.913,1,985293.483,154801.157
4798.484,55.000,52.000,1,985390.495,154938.342
4799.497,55.000,52.000,1,985510.373,154890.228
4800.495,55.000,52.100,1,985694.034,154817.354
4801.492,55.000,52.100,1,985871.257,154878.677
4802.502,55.000,52.192,1,986057.591,154944.620
4803.508,55.000,52.276,1,986293.034,154935.358
4804.504,55.000,52.300,1,986456.621,155049.977
4805.496,55.000,52.370,1,986755.658,155023.925
4806.501,55.000,52.479,1,986922.039,155094.914
4807.509,55.000,52.500,1,987441.636,155110.293
4808.500,55.000,52.561,1,987604.720,155093.318
4809.501,55.000,52.600,1,988043.967,155132.430
4810.499,55.000,52.656,1,988274.599,155174.717
4811.485,55.000,52.700,1,988666.358,155197.324
4812.501,55.000,52.749,1,989043.446,155220.060
4813.505,55.000,52.850,1,989580.886,155278.776
4814.495,55.000,52.900,1,989921.449,155313.179
4815.492,55.000,52.946,1,990222.430,155239.418
4816.494,55.000,53.031,1,990574.786,155363.839
4817.504,55.000,53.100,1,991144.060,155436.580
4818.497,55.000,53.130,1,991543.797,155437.635
4819.513,55.000,53.200,1,992030.240,155492.704
4820.499,55.000,53.228,1,992440.210,155488.156
4821.500,55.000,53.300,1,992934.478,155511.434
4822.496,55.000,53.322,1,993225.553,155514.660
4823.492,55.000,53.418,1,993674.651,155555.355
4824.492,55.000,53.500,1,994151.081,155482.439
4825.514,55.000,53.511,1,994544.601,155595.882
4826.510,55.000,53.600,1,994981.790,155570.903
4827.496,55.000,53.600,1,995312.616,155649.280
4828.491,55.000,53.691,1,995605.528,155688.887
4829.497,55.000,53.797,1,995900.750,155788.087
4830.473,55.000,53.800,1,996379.365,155736.488
4831.489,55.000,53.887,1,996633.781,155726.350
4832.481,55.000,53.900,1,996942.239,155747.118
4833.503,55.000,53.979,1,997094.079,155815.396
4834.502,55.000,54.000,1,997333.511,155826.360
4835.498,55.000,54.072,1,997580.455,155862.097
4836.499,55.000,54.100,1,997889.674,155870.109
4837.505,55.000,54.169,1,997963.363,155779.766
4838.496,55.000,54.200,1,998072.562,155939.406
4839.497,55.000,54.251,1,998261.062,155918.509
4840.493,55.000,54.300,1,998456.397,155992.411
4841.508,55.000,54.351,1,998635.251,155988.495
4842.516,55.000,54.400,1,998739.276,156008.244
4843.506,55.000,54.440,1,998861.000,156066.414
4844.494,55.000,54.500,1,998976.574,156098.386
4845.496,55.000,54.528,1,999083.600,156073.152
4846.499,55.000,54.600,1,999143.719,156121.092
4847.493,55.000,54.600,1,999255.580,156146.109
4848.489,55.000,54.621,1,999282.208,156141.060
4849.497,55.000,54.700,1,999409.700,156173.040
4850.502,55.000,54.706,1,999472.292,156164.015
4851.494,55.000,54.800,1,999539.850,156203.569
4852.502,55.000,54.800,1,999674.318,156201.311
4853.505,55.000,54.800,1,999690.978,156359.273
4854.497,55.000,54.896,1,999713.112,156315.827
4855.501,55.000,54.900,1,999747.359,156172.825
4856.497,55.000,54.993,1,999786.882,156157.987
4857.498,55.000,55.000,1,999800.589,156192.463
4858.490,55.000,55.000,1,999820.657,156182.749
4859.491,55.000,55.000,1,999799.159,156254.029
4860.501,55.000,55.076,1,999828.943,156219.283
4861.507,55.000,55.100,1,999854.780,156292.088
4862.504,55.000,55.100,1,999863.521,156273.111
4863.504,55.000,55.157,1,999875.031,156281.375
4864.501,55.000,55.200,1,999889.132,156333.972
4865.494,55.000,55.200,1,999894.834,156362.728
4866.500,55.000,55.223,1,999911.871,156332.950
4867.492,55.000,55.300,1,999918.559,156347.520
4868.510,55.000,55.300,1,999931.207,156267.954
4869.504,55.000,55.300,1,999927.227,156333.085
4870.503,55.000,55.316,1,999929.373,156304.107
4871.502,55.000,55.400,1,999937.664,156359.299
4872.495,55.000,55.400,1,999942.829,156378.798
4873.489,55.000,55.400,1,999945.445,156389.472
4874.493,55.000,55.400,1,999948.262,156414.217
4875.497,55.000,55.490,1,999954.237,156383.433
4876.497,55.000,55.500,1,999956.644,156420.274
4877.486,55.000,55.500,1,999957.348,156410.322
4878.497,55.000,55.500,1,999956.682,156419.785
4879.506,55.000,55.500,1,999960.628,156468.656
4880.515,55.000,55.565,1,999963.413,156520.112
4881.508,55.000,55.600,1,999981.996,156507.631
4882.492,55.000,55.600,1,999989.728,156436.772
4883.492,55.000,55.600,1,999991.388,156433.916
4884.495,55.000,55.600,1,999992.922,156506.889
4885.497,55.000,55.600,1,999990.777,156516.888
4886.500,55.000,55.641,1,999991.378,156487.761
4887.501,55.000,55.700,1,999992.403,156485.862
4888.490,55.000,55.700,1,999993.315,156472.403
4889.501,55.000,55.700,1,999995.214,156513.186
4890.482,55.000,55.700,1,999994.816,156566.640
4891.485,55.000,55.700,1,999995.841,156468.405
4892.491,55.000,55.700,1,999987.376,156511.877
4893.485,55.000,55.700,1,999980.072,156485.105
4894.505,55.000,55.800,1,999978.848,156525.971
4895.517,55.000,55.800,1,999977.390,156547.244
4896.508,55.000,55.800,1,999978.170,156511.044
4897.492,55.000,55.800,1,999994.945,156475.736
4898.504,55.000,55.800,1,999985.349,156442.728
4899.500,55.000,55.800,1,999980.490,156427.967
4900.504,55.000,55.800,1,999982.572,156493.439
4901.502,55.000,55.800,1,999978.644,156440.682
4902.506,55.000,55.800,1,999978.407,156476.807
4903.507,55.000,55.800,1,999977.845,156481.617
4904.501,55.000,55.800,1,999978.216,156399.438
4905.502,55.000,55.800,1,999977.324,156468.364
4906.508,55.000,55.800,1,999981.822,156555.214
4907.490,55.000,55.800,1,999981.171,156534.932
4908.506,55.000,55.800,1,999979.363,156586.420
4909.504,55.000,55.800,1,999979.371,156572.646
4910.492,55.000,55.800,1,999979.437,156573.988
4911.488,55.000,55.800,1,999978.067,156579.379
4912.486,55.000,55.800,1,999976.312,156560.182
4913.503,55.000,55.800,1,999978.220,156576.903
4914.502,55.000,55.800,1,999979.437,156546.504
4915.492,55.000,55.800,1,999979.632,156602.070
4916.507,55.000,55.800,1,999974.255,156518.230
4917.501,55.000,55.800,1,999986.335,156540.814
4918.510,55.000,55.798,1,999986.223,156517.558
4919.501,55.000,55.700,1,999983.251,156424.248
4920.494,55.000,55.700,1,999982.998,156467.018
4921.505,55.000,55.700,1,999960.132,156449.812
4922.497,55.000,55.700,1,999954.340,156436.106
4923.511,55.000,55.700,1,999950.249,156493.008
4924.500,55.000,55.631,1,999944.968,156522.167
4925.499,55.000,55.600,1,999938.872,156458.575
4926.498,55.000,55.600,1,999931.120,156348.444
4927.499,55.000,55.600,1,999925.285,156364.981
4928.522,55.000,55.600,1,999916.576,156314.370
4929.511,55.000,55.600,1,999913.758,156321.092
4930.506,55.000,55.565,1,999904.477,156431.002
4931.500,55.000,55.500,1,999881.842,156248.613
4932.500,55.000,55.500,1,999882.092,156273.920
4933.505,55.000,55.500,1,999881.962,156338.068
4934.499,55.000,55.500,1,999868.866,156307.348
4935.510,55.000,55.500,1,999864.135,156223.582
4936.515,55.000,55.500,1,999854.234,156182.417
4937.505,55.000,55.484,1,999839.933,156260.656
4938.500,55.000,55.400,1,999819.946,156234.667
4939.498,55.000,55.400,1,999819.295,156162.337
4940.490,55.000,55.400,1,999811.255,156210.242
4941.493,55.000,55.400,1,999805.434,156224.870
4942.501,55.000,55.400,1,999800.954,156283.627
4943.485,55.000,55.400,1,999782.397,156250.937
4944.483,55.000,55.400,1,999766.749,156206.649
4945.504,55.000,55.320,1,999773.810,156223.371
4946.509,55.000,55.300,1,999714.081,156175.334
4947.497,55.000,55.300,1,999680.829,156192.970
4948.484,55.000,55.300,1,999691.138,156103.431
4949.516,55.000,55.300,1,999714.030,156136.530
4950.508,55.000,55.300,1,999699.497,156160.668
4951.492,55.000,55.300,1,999681.190,156146.150
4952.496,55.000,55.243,1,999669.450,156144.129
4953.488,55.000,55.200,1,999613.676,156112.137
4954.508,55.000,55.200,1,999613.474,156054.599
4955.504,55.000,55.200,1,999598.058,156093.643
4956.505,55.000,55.200,1,999561.668,155981.387
4957.492,55.000,55.200,1,999525.645,156163.536
4958.484,55.000,55.185,1,999658.471,156055.027
4959.498,55.000,55.100,1,999638.905,156052.796
4960.506,55.000,55.100,1,999612.085,156159.477
4961.504,55.000,55.100,1,999621.923,156195.797
4962.507,55.000,55.100,1,999580.964,156189.703
4963.514,55.000,55.100,1,999562.531,156063.634
4964.501,55.000,55.096,1,999609.861,156030.293
4965.494,55.000,55.000,1,999503.617,156012.423
4966.501,55.000,55.000,1,999496.679,155925.290
4967.485,55.000,55.000,1,999484.239,155979.086
4968.491,55.000,55.000,1,999244.435,155960.626
4969.515,55.000,55.000,1,999074.925,155964.562
4970.510,55.000,55.000,1,999036.518,156046.475
4971.502,55.000,54.916,1,999024.835,155962.073
4972.509,55.000,54.900,1,998949.046,155891.646
4973.503,55.000,54.900,1,998903.017,155982.663
4974.507,55.000,54.900,1,998880.966,156027.985
4975.495,55.000,54.900,1,998890.355,156100.235
4976.485,55.000,54.900,1,998848.617,156059.195
4977.481,55.000,54.853,1,999235.258,156009.030
4978.486,55.000,54.800,1,999133.501,155989.720
4979.507,55.000,54.800,1,999107.135,155978.006
4980.495,55.000,54.800,1,999095.051,155971.710
4981.498,55.000,54.800,1,999040.060,155957.336
4982.507,55.000,54.800,1,998962.133,155971.260
4983.493,55.000,54.772,1,998907.864,155966.237
4984.507,55.000,54.700,1,998884.121,156015.441
4985.505,55.000,54.700,1,998401.670,155956.028
4986.493,55.000,54.700,1,998207.483,155871.339
4987.498,55.000,54.700,1,998544.118,155885.470
4988.516,55.000,54.700,1,998706.204,155922.407
4989.499,55.000,54.698,1,998602.914,155983.259
4990.497,55.000,54.600,1,998682.553,155810.117
4991.501,55.000,54.600,1,998205.328,155894.492
4992.482,55.000,54.600,1,998016.920,155946.245
4993.485,55.000,54.600,1,997927.493,155872.562
4994.498,55.000,54.600,1,997811.878,155874.914
4995.491,55.000,54.600,1,997808.171,155824.155
4996.493,55.000,54.528,1,997606.838,155749.082
4997.504,55.000,54.500,1,997520.904,155802.304
4998.503,55.000,54.500,1,997483.513,155877.136
4999.496,55.000,54.500,1,997338.275,155722.530
5000.494,55.000,54.500,1,997273.741,155817.757
5001.495,55.000,54.500,1,997204.553,155721.410
5002.494,55.000,54.500,1,997108.419,155665.293
5003.515,55.000,54.474,1,996725.044,155750.502
5004.503,55.000,54.400,1,996614.943,155702.951
5005.501,55.000,54.400,1,996643.379,155587.493
5006.499,55.000,54.400,1,996447.622,155701.348
5007.496,55.000,54.400,1,996424.856,155666.239
5008.500,55.000,54.400,1,996600.645,155642.289
5009.504,55.000,54.400,1,996478.319,155696.513
5010.498,55.000,54.396,1,996195.647,155666.094
5011.501,55.000,54.300,1,996231.617,155636.546
5012.498,55.000,54.300,1,996218.866,155706.882
5013.501,55.000,54.300,1,996189.165,155676.250
5014.496,55.000,54.300,1,996094.902,155691.892
5015.500,55.000,54.300,1,995805.252,155701.741
5016.503,55.000,54.300,1,996134.322,155646.813
5017.499,55.000,54.300,1,996299.412,155709.417
5018.500,55.000,54.300,1,996204.448,155628.044
5019.502,55.000,54.226,1,996223.901,155631.993
5020.498,55.000,54.200,1,995996.284,155647.160
5021.503,55.000,54.200,1,995999.726,155606.761
5022.500,55.000,54.200,1,996188.997,155607.942
5023.491,55.000,54.200,1,995896.577,155600.313
5024.510,55.000,54.200,1,995672.916,155681.533
5025.512,55.000,54.200,1,995779.951,155633.312
5026.505,55.000,54.200,1,995668.999,155591.936
5027.500,55.000,54.200,1,996857.699,155580.235
5028.502,55.000,54.164,1,996808.512,155630.602
5029.502,55.000,54.100,1,996766.480,155627.843
5030.504,55.000,54.100,1,996742.658,155579.029
5031.492,55.000,54.100,1,996617.815,155552.336
5032.486,55.000,54.100,1,996543.414,155547.045
5033.507,55.000,54.100,1,996335.975,155522.310
5034.496,55.000,54.100,1,996215.327,155609.470
5035.514,55.000,54.100,1,996125.343,155601.810
5036.500,55.000,54.100,1,995996.886,155584.529
5037.497,55.000,54.100,1,995966.107,155538.014
5038.489,55.000,54.100,1,996085.203,155532.354
5039.498,55.000,54.100,1,996104.912,155580.486
5040.505,55.000,54.100,1,996108.965,155539.374
5041.508,55.000,54.015,1,996169.984,155560.742
5042.491,55.000,54.000,1,996198.788,155632.149
5043.490,55.000,54.000,1,996125.860,155699.623
5044.486,55.000,54.000,1,996105.013,155576.412
5045.496,55.000,54.000,1,995970.483,155449.301
5046.492,55.000,54.000,1,995643.171,155570.661
5047.491,55.000,54.000,1,996023.716,155487.486
5048.495,55.000,54.000,1,995952.279,155633.218
5049.488,55.000,54.000,1,995018.736,155642.189
5050.491,55.000,54.000,1,994750.723,155710.104
5051.506,55.000,54.000,1,994622.406,155592.597
5052.513,55.000,54.000,1,994684.401,155504.745
5053.507,55.000,54.000,1,994568.921,155679.412
5054.506,55.000,54.000,1,994400.861,155538.631
5055.508,55.000,54.000,1,994555.365,155520.170
5056.501,55.000,54.000,1,994526.784,155662.541
5057.524,55.000,54.000,1,994481.594,155594.352
5058.505,55.000,53.999,1,994620.621,155534.118
5059.509,55.000,53.900,1,994563.458,155525.880
5060.502,55.000,53.900,1,994881.414,155494.029
5061.495,55.000,53.900,1,994578.073,155519.274
5062.493,55.000,53.900,1,994644.674,155598.209
5063.498,55.000,53.900,1,994515.376,155614.454
5064.497,55.000,53.900,1,994365.772,155543.377
5065.491,55.000,53.900,1,994460.837,155572.805
5066.478,55.000,53.900,1,994486.289,155667.781
5067.504,55.000,53.900,1,994555.259,155606.830
5068.499,55.000,53.900,1,994584.054,155595.751
5069.506,55.000,53.900,1,994590.647,155574.046
5070.507,55.000,53.900,1,994657.884,155554.928
5071.503,55.000,53.900,1,994626.954,155572.175
5072.524,55.000,53.900,1,994671.124,155584.124
5073.505,55.000,53.900,1,994592.600,155612.707
5074.505,55.000,53.900,1,994665.061,155609.640
5075.491,55.000,53.900,1,994685.034,155582.201
5076.502,55.000,53.900,1,994641.498,155579.901
5077.492,55.000,53.900,1,994737.733,155612.508
5078.496,55.000,53.900,1,994669.808,155647.513
5079.490,55.000,53.900,1,994747.595,155592.678
5080.483,55.000,53.900,1,994818.404,155686.196
5081.516,55.000,53.900,1,994713.166,155533.184
5082.501,55.000,53.900,1,994684.829,155487.877
5083.497,55.000,53.900,1,994867.560,155560.249
5084.499,55.000,53.900,1,994942.379,155582.661
5085.505,55.000,53.900,1,994919.516,155690.861
5086.515,55.000,53.900,1,994963.555,155610.925
5087.499,55.000,53.900,1,995032.751,155598.455
5088.495,55.000,53.977,1,994958.329,155574.091
5089.500,55.000,54.000,1,995011.811,155483.622
5090.506,55.000,54.000,1,995064.055,155555.278
5091.507,55.000,54.000,1,995442.493,155606.857
5092.500,55.000,54.000,1,996267.980,155566.557
5093.510,55.000,54.000,1,996236.921,155656.602
5094.508,55.000,54.000,1,995637.483,155607.306
5095.508,55.000,54.000,1,995700.877,155657.471
5096.500,55.000,54.000,1,995613.503,155645.686
5097.498,55.000,54.000,1,995561.007,155713.907
5098.500,55.000,54.000,1,995335.379,155647.297
5099.502,55.000,54.000,1,995425.135,155649.961
5100.512,55.000,54.000,1,995658.232,155742.512
5101.500,55.000,54.000,1,995623.930,155649.794
5102.486,55.000,54.000,1,995813.073,155558.688
5103.493,55.000,54.000,1,995817.337,155616.162
5104.493,55.000,54.000,1,995847.319,155588.642
5105.502,55.000,54.000,1,995897.858,155570.545
5106.509,55.000,54.000,1,996277.170,155609.607
5107.493,55.000,54.000,1,996178.397,155674.406
5108.494,55.000,54.000,1,996250.060,155766.796
5109.507,55.000,54.000,1,996412.050,155708.384
5110.508,55.000,54.000,1,996075.292,155771.653
5111.504,55.000,54.000,1,996027.474,155669.881
5112.482,55.000,54.000,1,996167.726,155614.730
5113.500,55.000,54.000,1,996195.264,155485.678
5114.500,55.000,54.000,1,996127.041,155622.050
5115.495,55.000,54.000,1,996071.497,155648.262
5116.505,55.000,54.045,1,996052.581,155763.575
5117.482,55.000,54.100,1,996091.258,155605.639
5118.514,55.000,54.100,1,996153.726,155621.599
5119.502,55.000,54.100,1,996488.744,155623.554
5120.501,55.000,54.100,1,996526.287,155643.436
5121.500,55.000,54.100,1,996709.197,155597.097
5122.486,55.000,54.100,1,996390.874,155588.738
5123.502,55.000,54.100,1,996355.248,155686.356
5124.487,55.000,54.100,1,996294.016,155643.773
5125.493,55.000,54.100,1,996400.192,155641.723
5126.501,55.000,54.100,1,996386.470,155664.333
5127.504,55.000,54.100,1,996471.247,155638.136
5128.510,55.000,54.100,1,996507.672,155644.707
5129.499,55.000,54.100,1,996580.892,155586.041
5130.490,55.000,54.100,1,996471.475,155649.067
5131.475,55.000,54.100,1,996652.617,155661.278
5132.488,55.000,54.100,1,996603.202,155634.110
5133.435,55.000,54.100,1,996592.345,155628.507
5134.882,55.000,54.100,1,996498.351,155725.820
5135.494,55.000,54.159,1,996670.287,155690.360
5136.495,55.000,54.200,1,996896.682,155645.086
5137.503,55.000,54.200,1,996949.657,155633.621
5138.502,55.000,54.200,1,997071.454,155685.034
5139.481,55.000,54.200,1,996960.531,155605.206
5140.513,55.000,54.200,1,996857.016,155682.609
5141.497,55.000,54.200,1,997141.289,155718.139
5142.493,55.000,54.200,1,996953.791,155664.195
5143.495,55.000,54.200,1,996996.083,155751.396
5144.513,55.000,54.200,1,997006.962,155823.010
5145.502,55.000,54.200,1,997124.487,155775.981
5146.509,55.000,54.200,1,997126.718,155786.338
5147.515,55.000,54.200,1,997078.018,155700.650
5148.499,55.000,54.200,1,997210.245,155782.125
5149.493,55.000,54.200,1,997243.663,155775.990
5150.501,55.000,54.200,1,997182.145,155758.941
5151.508,55.000,54.285,1,997148.799,155786.719
5152.503,55.000,54.300,1,997351.163,155757.574
5153.494,55.000,54.300,1,997464.370,155753.562
5154.497,55.000,54.300,1,997444.488,155712.103
5155.498,55.000,54.300,1,997431.365,155706.833
5156.499,55.000,54.300,1,997499.091,155745.278
5157.498,55.000,54.300,1,997577.464,155785.596
5158.501,55.000,54.300,1,997481.967,155754.110
5159.506,55.000,54.300,1,997599.438,155771.596
5160.491,55.000,54.300,1,997680.656,155778.650
5161.492,55.000,54.300,1,997666.691,155793.080
5162.498,55.000,54.300,1,997630.308,155765.228
5163.504,55.000,54.300,1,997733.277,155815.535
5164.501,55.000,54.300,1,997755.612,155853.861
5165.502,55.000,54.300,1,997722.769,155787.538
5166.503,55.000,54.300,1,998160.181,155859.142
5167.500,55.000,54.300,1,998414.234,155826.415
5168.504,55.000,54.300,1,998471.772,155867.746
5169.492,55.000,54.300,1,998471.449,155841.337
5170.495,55.000,54.300,1,998323.948,155784.090
5171.498,55.000,54.397,1,997977.070,155771.755
5172.499,55.000,54.400,1,997915.199,155724.801
5173.496,55.000,54.400,1,997891.108,155710.486
5174.507,55.000,54.400,1,997849.325,155769.680
5175.486,55.000,54.400,1,997874.195,155792.529
5176.505,55.000,54.400,1,997885.970,155771.080
5177.508,55.000,54.400,1,998018.408,155826.815
5178.500,55.000,54.400,1,998156.669,155792.057
5179.506,55.000,54.400,1,998187.009,155827.959
5180.499,55.000,54.400,1,998165.231,155917.374
5181.502,55.000,54.400,1,998366.294,155850.729
5182.494,55.000,54.400,1,998350.202,155858.125
5183.499,55.000,54.400,1,998342.749,155853.337
5184.499,55.000,54.400,1,998471.287,155825.142
5185.490,55.000,54.400,1,998471.288,155783.481
5186.506,55.000,54.427,1,998547.378,155827.658
5187.507,55.000,54.500,1,998458.128,155732.532
5188.512,55.000,54.500,1,998527.429,155808.117
5189.515,55.000,54.500,1,998553.373,155840.694
5190.497,55.000,54.500,1,998572.038,155972.988
5191.496,55.000,54.500,1,998722.325,155974.225
5192.498,55.000,54.500,1,998629.344,155952.916
5193.501,55.000,54.500,1,998535.913,155924.076
5194.497,55.000,54.500,1,998442.283,155916.332
5195.494,55.000,54.500,1,998480.991,155878.496
5196.498,55.000,54.500,1,998479.048,155938.059
5197.507,55.000,54.500,1,998433.874,155955.724
5198.494,55.000,54.500,1,998498.904,155912.313
5199.483,55.000,54.500,1,998528.083,155920.930
5200.496,55.000,54.500,1,998463.442,155818.285
5201.500,55.000,54.500,1,998542.508,156048.910
5202.486,55.000,54.500,1,998577.964,155874.015
5203.505,55.000,54.500,1,998783.318,155888.267
5204.507,55.000,54.500,1,998831.778,155913.527
5205.508,55.000,54.500,1,998828.286,155959.991
5206.508,55.000,54.500,1,998755.217,155900.074
5207.495,55.000,54.500,1,998829.690,155784.057
5208.498,55.000,54.500,1,998849.616,155962.336
5209.496,55.000,54.500,1,998876.279,155889.762
5210.498,55.000,54.500,1,998875.275,155852.977
5211.500,55.000,54.500,1,998663.172,155812.977
5212.497,55.000,54.524,1,998717.107,155831.929
5213.496,55.000,54.600,1,998676.844,155816.788
5214.487,55.000,54.600,1,998694.543,155900.375
5215.497,55.000,54.600,1,998663.818,156022.713
5216.500,55.000,54.600,1,998659.629,155934.083
5217.496,55.000,54.600,1,998683.966,155891.685
5218.503,55.000,54.600,1,998719.405,155959.075
5219.506,55.000,54.600,1,998802.427,155953.128
5220.506,55.000,54.600,1,998790.390,155974.279
5221.505,55.000,54.600,1,998853.865,155873.555
5222.504,55.000,54.600,1,998790.166,155885.080
5223.501,55.000,54.600,1,998783.806,155948.281
5224.503,55.000,54.600,1,998810.753,155991.366
5225.503,55.000,54.600,1,998805.793,155988.488
5226.481,55.000,54.600,1,998730.669,156050.366
5227.491,55.000,54.600,1,998707.257,155971.735
5228.495,55.000,54.600,1,998714.313,155883.677
5229.507,55.000,54.600,1,998683.435,155960.389
5230.506,55.000,54.600,1,998724.739,155965.088
5231.503,55.000,54.600,1,998724.211,155982.754
5232.507,55.000,54.600,1,998703.914,155923.591
5233.495,55.000,54.600,1,998814.618,155921.549
5234.500,55.000,54.600,1,998779.165,155871.388
5235.509,55.000,54.600,1,998773.241,155938.885
5236.503,55.000,54.600,1,998809.678,156071.488
5237.487,55.000,54.600,1,998847.925,156027.477
5238.504,55.000,54.600,1,998877.583,155957.974
5239.500,55.000,54.600,1,998879.187,156006.400
5240.498,55.000,54.600,1,998869.924,155915.377
5241.510,55.000,54.600,1,998935.307,155958.572
5242.491,55.000,54.600,1,998914.736,156002.056
5243.503,55.000,54.600,1,998859.777,155964.100
5244.511,55.000,54.600,1,999005.801,156099.323
5245.499,55.000,54.688,1,999060.379,155917.997
5246.499,55.000,54.700,1,999092.691,156014.531
5247.505,55.000,54.700,1,999084.590,156029.574
5248.502,55.000,54.700,1,999072.284,155996.868
5249.507,55.000,54.700,1,999007.842,155998.627
5250.517,55.000,54.700,1,999089.348,156025.192
5251.508,55.000,54.700,1,999354.472,156028.784
5252.521,55.000,54.700,1,999403.872,156036.395
5253.509,55.000,54.700,1,999369.902,155965.566
5254.503,55.000,54.700,1,999397.851,155931.062
5255.490,55.000,54.700,1,999375.694,155912.614
5256.490,55.000,54.700,1,999403.358,156079.076
5257.494,55.000,54.700,1,999415.384,155922.062
5258.499,55.000,54.700,1,999390.313,156001.375
5259.497,55.000,54.700,1,999404.469,155973.502
5260.497,55.000,54.700,1,999403.279,156006.717
5261.498,55.000,54.700,1,999424.468,155881.677
5262.494,55.000,54.700,1,999410.722,155862.582
5263.496,55.000,54.700,1,999382.473,155974.329
5264.492,55.000,54.700,1,999023.936,155922.784
5265.495,55.000,54.700,1,999004.335,155908.418
5266.499,55.000,54.700,1,999018.549,155908.491
5267.517,55.000,54.700,1,999024.338,155928.655
5268.499,55.000,54.700,1,999043.976,155932.101
5269.504,55.000,54.700,1,999057.049,155908.852
5270.499,55.000,54.700,1,999065.128,155893.359
5271.507,55.000,54.700,1,999032.846,155956.915
5272.499,55.000,54.700,1,999126.006,155943.478
5273.502,55.000,54.700,1,999110.439,155874.471
5274.507,55.000,54.700,1,999193.697,155921.919
5275.487,55.000,54.700,1,999120.937,155942.028
5276.502,55.000,54.700,1,999104.226,155962.937
5277.495,55.000,54.700,1,999120.378,155929.177
5278.503,55.000,54.700,1,999115.755,155834.992
5279.505,55.000,54.700,1,999024.721,155905.784
5280.500,55.000,54.700,1,999010.197,155974.453
5281.501,55.000,54.700,1,999031.617,156015.763
5282.506,55.000,54.700,1,998905.216,155987.425
5283.499,55.000,54.700,1,998942.465,155918.799
5284.501,55.000,54.700,1,998902.144,155969.367
5285.503,55.000,54.700,1,998982.542,155957.094
5286.501,55.000,54.700,1,998982.968,156001.912
5287.508,55.000,54.700,1,998957.377,156111.724
5288.505,55.000,54.700,1,998994.071,155993.830
5289.500,55.000,54.700,1,999014.735,156028.903
5290.504,55.000,54.700,1,999036.740,156028.542
5291.496,55.000,54.700,1,999047.228,156000.726
5292.499,55.000,54.700,1,999048.801,156025.384
5293.495,55.000,54.700,1,999124.506,156058.425
5294.497,55.000,54.700,1,999146.859,155999.567
5295.494,55.000,54.700,1,999151.383,156014.029
5296.504,55.000,54.700,1,999088.579,156012.598
5297.511,55.000,54.700,1,998992.551,156016.715
5298.499,55.000,54.700,1,998988.322,155997.553
5299.509,55.000,54.700,1,998924.714,155975.727
5300.513,55.000,54.700,1,998907.699,155974.061
5301.496,55.000,54.700,1,999000.484,155983.591
5302.497,55.000,54.700,1,998916.124,155908.881
5303.490,55.000,54.700,1,998910.581,155955.280
5304.493,55.000,54.700,1,998918.696,155947.499
5305.490,55.000,54.700,1,999034.754,155948.459
5306.500,55.000,54.700,1,999077.578,155920.645
5307.502,55.000,54.700,1,999014.598,155901.914
5308.503,55.000,54.700,1,998835.286,155893.048
5309.508,55.000,54.700,1,998863.185,155940.515
5310.502,55.000,54.700,1,998860.486,155915.463
5311.510,55.000,54.700,1,998882.182,155932.452
5312.499,55.000,54.700,1,999059.850,155950.714
5313.504,55.000,54.700,1,999148.597,155999.514
5314.502,55.000,54.700,1,999182.522,156008.773
5315.498,55.000,54.700,1,999046.059,156040.386
5316.492,55.000,54.700,1,998989.722,155967.723
5317.495,55.000,54.700,1,998944.190,155972.477
5318.488,55.000,54.700,1,998916.793,155979.423
5319.507,55.000,54.700,1,998920.513,155942.506
5320.508,55.000,54.700,1,998996.259,155997.937
5321.498,55.000,54.700,1,998977.866,155971.546
5322.505,55.000,54.700,1,998990.155,155940.900
5323.496,55.000,54.700,1,999140.089,155883.120
5324.485,55.000,54.700,1,999280.454,156012.959
5325.497,55.000,54.700,1,999294.983,155968.579
5326.496,55.000,54.700,1,999299.578,155960.146
5327.503,55.000,54.700,1,999301.193,155959.369
5328.491,55.000,54.641,1,999278.376,155895.322
5329.492,55.000,54.600,1,999266.884,155919.732
5330.498,55.000,54.600,1,999332.562,155957.430
5331.500,55.000,54.600,1,999316.499,155965.245
5332.491,55.000,54.600,1,999322.744,155999.774
5333.493,55.000,54.600,1,999324.052,155966.526
5334.496,55.000,54.600,1,999055.317,155982.864
5335.496,55.000,54.600,1,999087.746,156014.503
5336.495,55.000,54.600,1,999283.273,156000.614
5337.510,60.000,54.600,1,999257.085,155968.536
5338.503,60.000,54.621,1,999250.602,155905.776
5339.496,60.000,54.700,1,999264.046,156041.334
5340.496,60.000,54.700,1,999342.555,155977.050
5341.495,60.000,54.700,1,999370.179,155892.717
5342.486,60.000,54.700,1,999051.791,155915.169
5343.503,60.000,54.700,1,998882.458,155936.533
5344.501,60.000,54.700,1,998848.071,155960.580
5345.499,60.000,54.700,1,998841.326,155881.631
5346.484,60.000,54.700,1,998833.794,155742.370
5347.499,60.000,54.700,1,998802.424,155900.094
5348.494,60.000,54.700,1,998842.104,155865.774
5349.492,60.000,54.700,1,998844.276,155840.873
5350.508,60.000,54.700,1,998876.373,155897.967
5351.498,60.000,54.700,1,999061.244,155908.134
5352.502,60.000,54.700,1,999090.846,155926.105
5353.497,60.000,54.700,1,999126.952,155939.603
5354.509,60.000,54.700,1,999061.218,155964.213
5355.508,60.000,54.736,1,999125.360,155944.828
5356.499,60.000,54.800,1,999188.261,155953.107
5357.483,60.000,54.800,1,999342.405,155909.549
5358.494,60.000,54.800,1,999408.882,155939.252
5359.503,60.000,54.800,1,999424.807,155978.035
5360.505,60.000,54.818,1,999436.762,155968.981
5361.500,60.000,54.900,1,999451.217,155978.649
5362.508,60.000,54.900,1,999582.905,155979.361
5363.511,60.000,54.904,1,999729.495,156020.700
5364.494,60.000,55.000,1,999769.137,156063.747
5365.506,60.000,55.000,1,999803.461,156131.522
5366.495,60.000,55.000,1,999798.165,156097.171
5367.488,60.000,55.094,1,999825.825,156136.529
5368.495,60.000,55.100,1,999767.319,156113.624
5369.503,60.000,55.100,1,999732.832,156152.203
5370.494,60.000,55.184,1,999748.309,156189.031
5371.494,60.000,55.200,1,999780.639,156157.078
5372.502,60.000,55.276,1,999807.201,156243.717
5373.497,60.000,55.300,1,999876.486,156255.907
5374.498,60.000,55.353,1,999907.865,156389.965
5375.486,60.000,55.400,1,999906.336,156304.163
5376.499,60.000,55.400,1,999895.659,156255.485
5377.500,60.000,55.440,1,999915.844,156363.573
5378.502,60.000,55.500,1,999930.625,156418.285
5379.505,60.000,55.531,1,999942.049,156371.982
5380.496,60.000,55.627,1,999949.327,156437.118
5381.500,60.000,55.700,1,999961.015,156494.596
5382.489,60.000,55.725,1,999971.383,156459.197
5383.494,60.000,55.800,1,999977.213,156502.882
5384.498,60.000,55.820,1,999982.891,156540.538
5385.496,60.000,55.900,1,999988.941,156594.385
5386.494,60.000,55.905,1,999994.911,156545.633
5387.506,60.000,56.000,1,999999.110,156586.039
5388.507,60.000,56.000,1,1000002.773,156576.835
5389.497,60.000,56.100,1,1000008.738,156687.031
5390.508,60.000,56.200,1,1000014.656,156612.184
5391.510,60.000,56.200,1,1000019.274,156724.693
5392.501,60.000,56.283,1,1000025.452,156764.589
5393.498,60.000,56.300,1,1000034.612,156708.705
5394.506,60.000,56.375,1,1000048.182,156787.329
5395.498,60.000,56.400,1,1000057.485,156824.293
5396.504,60.000,56.462,1,1000077.155,156831.811
5397.507,60.000,56.560,1,1000112.782,156914.809
5398.498,60.000,56.656,1,1000144.123,156944.243
5399.493,60.000,56.700,1,1000179.515,156958.217
5400.495,60.000,56.745,1,1000194.442,156982.081
5401.502,60.000,56.842,1,1000248.658,156981.810
5402.500,60.000,56.900,1,1000289.911,157018.390
5403.504,60.000,56.927,1,1000391.926,157018.573
5404.505,60.000,57.000,1,1000421.139,157023.076
5405.500,60.000,57.026,1,1000492.165,157121.995
5406.508,60.000,57.100,1,1000589.323,157209.691
5407.511,60.000,57.120,1,1000652.961,157153.818
5408.496,60.000,57.203,1,1000816.673,157194.646
5409.477,60.000,57.300,1,1000956.564,157198.050
5410.509,60.000,57.304,1,1001127.629,157227.698
5411.500,60.000,57.400,1,1001218.502,157302.389
5412.505,60.000,57.493,1,1001369.909,157418.140
5413.490,60.000,57.500,1,1001541.854,157390.729
5414.493,60.000,57.588,1,1001764.525,157469.755
5415.493,60.000,57.600,1,1001948.186,157429.305
5416.500,60.000,57.676,1,1002097.994,157434.430
5417.508,60.000,57.767,1,1002687.559,157487.166
5418.502,60.000,57.800,1,1003338.944,157604.051
5419.500,60.000,57.861,1,1003562.842,157471.266
5420.496,60.000,57.900,1,1003681.070,157523.978
5421.491,60.000,57.954,1,1004008.636,157577.215
5422.482,60.000,58.038,1,1004415.855,157492.707
5423.482,60.000,58.100,1,1004954.627,157581.851
5424.505,60.000,58.141,1,1005280.689,157607.725
5425.503,60.000,58.240,1,1005399.979,157672.671
5426.487,60.000,58.300,1,1006066.035,157626.313
5427.512,60.000,58.319,1,1006479.690,157780.636
5428.489,60.000,58.400,1,1006847.569,157712.027
5429.501,60.000,58.413,1,1007266.225,157734.738
5430.499,60.000,58.511,1,1007716.443,157766.473
5431.505,60.000,58.600,1,1008153.686,157826.375
5432.496,60.000,58.604,1,1008244.054,157797.847
5433.499,60.000,58.700,1,1008440.816,157781.693
5434.491,60.000,58.700,1,1008920.163,157817.991
5435.481,60.000,58.796,1,1008753.678,157833.047
5436.488,60.000,58.800,1,1009136.960,157831.884
5437.500,60.000,58.891,1,1009791.420,157849.947
5438.511,60.000,58.900,1,1009856.453,157831.556
5439.503,60.000,58.976,1,1010590.342,157919.600
5440.500,60.000,59.000,1,1010991.441,157990.399
5441.503,60.000,59.075,1,1011253.021,158092.284
5442.500,60.000,59.100,1,1011612.864,158123.626
5443.499,60.000,59.158,1,1011889.957,158071.872
5444.494,60.000,59.200,1,1012018.851,158081.491
5445.502,60.000,59.257,1,1012101.461,158091.253
5446.497,60.000,59.300,1,1012411.360,158166.767
5447.503,60.000,59.341,1,1012593.488,158142.834
5448.491,60.000,59.400,1,1012852.443,158132.534
5449.501,60.000,59.438,1,1013047.124,158200.401
5450.505,60.000,59.500,1,1013254.784,158222.018
5451.498,60.000,59.533,1,1013711.439,158247.380
5452.494,60.000,59.600,1,1013823.115,158262.708
5453.502,60.000,59.628,1,1013963.850,158257.973
5454.500,60.000,59.700,1,1014053.582,158316.185
5455.502,60.000,59.712,1,1014186.043,158426.833
5456.509,60.000,59.800,1,1014444.177,158340.648
5457.501,60.000,59.800,1,1014504.278,158353.599
5458.494,60.000,59.803,1,1014389.398,158435.913
5459.490,60.000,59.900,1,1014522.441,158360.843
5460.495,60.000,59.900,1,1014793.034,158291.364
5461.495,60.000,59.900,1,1014866.681,158280.810
5462.495,60.000,59.900,1,1014933.701,158356.824
5463.498,60.000,59.988,1,1015016.455,158474.123
5464.505,60.000,60.000,1,1015039.865,158456.121
5465.512,60.000,60.000,1,1015067.041,158551.757
5466.496,60.000,60.082,1,1015113.558,158521.568
5467.496,60.000,60.100,1,1015196.629,158628.838
5468.491,60.000,60.100,1,1015355.283,158607.896
5469.501,60.000,60.175,1,1015524.859,158524.321
5470.500,60.000,60.200,1,1015447.112,158516.744
5471.499,60.000,60.257,1,1015394.028,158568.052
5472.497,60.000,60.300,1,1015418.136,158567.706
5473.488,60.000,60.300,1,1015437.459,158652.886
5474.495,60.000,60.300,1,1015448.620,158535.928
5475.488,60.000,60.310,1,1015486.848,158560.345
5476.502,60.000,60.400,1,1015496.063,158590.242
5477.501,60.000,60.400,1,1015584.170,158566.315
5478.487,60.000,60.400,1,1015601.666,158657.660
5479.496,60.000,60.400,1,1015605.230,158723.471
5480.505,60.000,60.496,1,1015638.764,158620.943
5481.494,60.000,60.500,1,1015654.714,158600.237
5482.500,60.000,60.500,1,1015674.243,158640.137
5483.504,60.000,60.500,1,1015691.099,158632.565
5484.487,60.000,60.500,1,1015741.257,158628.686
5485.505,60.000,60.574,1,1015667.862,158675.147
5486.510,60.000,60.600,1,1015673.364,158771.604
5487.497,60.000,60.600,1,1015680.259,158629.859
5488.508,60.000,60.600,1,1015677.704,158620.142
5489.512,60.000,60.600,1,1015694.493,158713.035
5490.490,60.000,60.600,1,1015695.403,158639.585
5491.499,60.000,60.600,1,1015712.113,158663.874
5492.507,60.000,60.600,1,1015692.875,158652.695
5493.505,60.000,60.628,1,1015697.356,158651.252
5494.499,60.000,60.700,1,1015708.829,158649.421
5495.500,60.000,60.700,1,1015715.407,158745.956
5496.505,60.000,60.700,1,1015736.596,158679.563
5497.508,60.000,60.700,1,1015792.497,158684.294
5498.491,60.000,60.700,1,1015792.819,158739.946
5499.502,60.000,60.700,1,1015799.534,158642.984
5500.497,60.000,60.700,1,1015757.448,158683.679
5501.485,60.000,60.700,1,1015732.873,158744.005
5502.482,60.000,60.700,1,1015750.319,158663.555
5503.499,60.000,60.700,1,1015734.499,158675.300
5504.496,60.000,60.700,1,1015733.706,158647.482
5505.498,60.000,60.700,1,1015756.451,158669.606
5506.492,60.000,60.700,1,1015746.147,158746.315
5507.497,60.000,60.700,1,1015734.859,158727.959
5508.505,60.000,60.700,1,1015729.824,158658.719
5509.504,60.000,60.700,1,1015748.628,158658.377
5510.505,60.000,60.700,1,1015753.665,158663.122
5511.502,60.000,60.700,1,1015757.102,158711.579
5512.499,60.000,60.700,1,1015743.584,158761.799
5513.499,60.000,60.700,1,1015723.854,158780.053
5514.498,60.000,60.700,1,1015702.166,158811.709
5515.507,60.000,60.700,1,1015733.290,158747.889
5516.501,60.000,60.700,1,1015783.433,158759.180
5517.498,60.000,60.700,1,1015777.826,158689.819
5518.503,60.000,60.700,1,1015773.148,158680.715
5519.499,60.000,60.700,1,1015787.218,158655.603
5520.509,60.000,60.700,1,1015770.620,158668.155
5521.506,60.000,60.700,1,1015765.280,158697.152
5522.499,60.000,60.700,1,1015763.046,158644.051
5523.501,60.000,60.700,1,1015752.147,158560.752
5524.503,60.000,60.700,1,1015761.506,158614.750
5525.488,60.000,60.700,1,1015759.245,158612.527
5526.496,60.000,60.700,1,1015752.576,158649.203
5527.501,60.000,60.700,1,1015741.422,158555.592
5528.489,60.000,60.700,1,1015737.010,158637.387
5529.507,60.000,60.700,1,1015736.008,158647.829
5530.512,60.000,60.700,1,1015624.897,158643.144
5531.515,60.000,60.629,1,1015628.907,158620.209
5532.498,60.000,60.600,1,1015594.693,158605.122
5533.510,60.000,60.600,1,1015599.965,158600.551
5534.494,60.000,60.600,1,1015619.192,158624.352
5535.488,60.000,60.600,1,1015616.249,158603.934
5536.500,60.000,60.600,1,1015601.515,158550.453
5537.495,60.000,60.600,1,1015578.361,158554.744
5538.503,60.000,60.600,1,1015580.900,158597.661
5539.501,60.000,60.600,1,1015580.882,158695.992
5540.505,60.000,60.560,1,1015537.652,158656.414
5541.499,60.000,60.500,1,1015443.870,158576.817
5542.506,60.000,60.500,1,1015423.798,158634.666
5543.495,60.000,60.500,1,1015526.771,158555.120
5544.494,60.000,60.500,1,1015451.248,158519.624
5545.491,60.000,60.500,1,1015390.315,158592.644
5546.497,60.000,60.500,1,1015458.957,158523.390
5547.495,60.000,60.500,1,1015552.277,158517.779
5548.499,60.000,60.500,1,1015423.610,158489.342
5549.497,60.000,60.405,1,1015318.796,158445.727
5550.504,60.000,60.400,1,1015246.962,158498.233
5551.500,60.000,60.400,1,1015286.764,158468.259
5552.500,60.000,60.400,1,1015215.317,158471.733
5553.515,60.000,60.400,1,1015156.867,158472.032
5554.504,60.000,60.400,1,1015112.652,158435.033
5555.501,60.000,60.400,1,1015060.300,158448.857
5556.500,60.000,60.337,1,1015036.192,158464.332
5557.504,60.000,60.300,1,1014994.828,158401.715
5558.500,60.000,60.300,1,1015009.459,158513.486
5559.505,60.000,60.300,1,1014862.346,158326.178
5560.490,60.000,60.300,1,1014709.656,158409.421
5561.499,60.000,60.251,1,1014618.405,158452.911
5562.502,60.000,60.200,1,1014645.010,158468.805
5563.501,60.000,60.200,1,1014522.948,158490.946
5564.493,60.000,60.200,1,1014485.848,158530.140
5565.505,60.000,60.200,1,1014357.016,158406.023
5566.505,60.000,60.200,1,1014346.809,158356.391
5567.501,60.000,60.179,1,1014317.964,158258.533
5568.496,60.000,60.100,1,1014174.182,158298.659
5569.491,60.000,60.100,1,1014167.851,158334.211
5570.495,60.000,60.100,1,1014284.839,158290.252
5571.497,60.000,60.100,1,1014253.750,158276.321
5572.497,60.000,60.100,1,1014225.347,158300.081
5573.497,60.000,60.001,1,1014345.634,158280.382
5574.496,60.000,60.000,1,1014315.176,158164.835
5575.496,60.000,60.000,1,1014133.536,158231.450
5576.493,60.000,60.000,1,1013822.217,158248.939
5577.497,60.000,60.000,1,1013832.861,158242.269
5578.492,60.000,60.000,1,1013621.464,158234.857
5579.494,60.000,59.929,1,1013360.294,158277.981
5580.487,60.000,59.900,1,1013288.563,158272.684
5581.502,60.000,59.900,1,1013370.599,158255.218
5582.502,60.000,59.900,1,1013422.023,158248.530
5583.503,60.000,59.900,1,1013298.664,158100.930
5584.504,60.000,59.900,1,1013364.754,158157.864
5585.510,60.000,59.844,1,1013386.325,158158.111
5586.515,60.000,59.800,1,1013673.132,158141.675
5587.503,60.000,59.800,1,1013739.593,158164.829
5588.502,60.000,59.800,1,1013514.932,158202.348
5589.498,60.000,59.800,1,1013062.651,158147.378
5590.498,60.000,59.762,1,1013485.872,158166.262
5591.489,60.000,59.700,1,1013461.443,158135.775
5592.492,60.000,59.700,1,1013333.793,158159.236
5593.485,60.000,59.700,1,1013366.476,158098.109
5594.499,60.000,59.700,1,1013287.513,158124.484
5595.495,60.000,59.700,1,1013093.998,158223.255
5596.498,60.000,59.689,1,1013096.162,158098.589
5597.502,60.000,59.600,1,1013002.085,158076.120
5598.508,60.000,59.600,1,1012840.821,158124.227
5599.502,60.000,59.600,1,1012770.249,158170.036
5600.498,60.000,59.600,1,1012507.764,158210.598
5601.495,60.000,59.600,1,1012505.663,158126.195
5602.499,60.000,59.600,1,1012457.180,158104.063
5603.492,60.000,59.520,1,1012535.734,158098.454
5604.503,60.000,59.500,1,1011441.019,158105.157
5605.501,60.000,59.500,1,1011330.094,158050.555
5606.501,60.000,59.500,1,1011162.116,158090.887
5607.494,60.000,59.500,1,1010946.027,158133.777
5608.495,60.000,59.445,1,1010895.465,158025.118
5609.496,60.000,59.400,1,1010776.686,158093.182
5610.505,60.000,59.400,1,1010740.601,158073.845
5611.500,60.000,59.400,1,1010510.051,157998.492
5612.498,60.000,59.400,1,1011202.728,157993.554
5613.506,60.000,59.400,1,1010362.376,157926.179
5614.491,60.000,59.373,1,1010432.263,157918.627
5615.499,60.000,59.300,1,1010252.184,157900.456
5616.499,60.000,59.300,1,1010228.966,157939.536
5617.501,60.000,59.300,1,1010233.137,157973.846
5618.494,60.000,59.300,1,1010061.469,158060.122
5619.502,60.000,59.300,1,1010054.351,157907.234
5620.501,60.000,59.300,1,1009884.533,157940.612
5621.505,60.000,59.300,1,1009671.020,157913.883
5622.501,60.000,59.204,1,1009528.032,157884.173
5623.491,60.000,59.200,1,1009465.955,157946.351
5624.496,60.000,59.200,1,1009873.334,157894.165
5625.498,60.000,59.200,1,1009461.795,157905.058
5626.497,60.000,59.200,1,1009381.029,157949.262
5627.496,60.000,59.200,1,1009292.932,157862.634
5628.500,60.000,59.200,1,1009294.497,157800.304
5629.503,60.000,59.200,1,1009101.976,157841.365
5630.505,60.000,59.139,1,1009143.411,157851.756
5631.501,60.000,59.100,1,1009052.498,157855.910
5632.492,60.000,59.100,1,1008903.166,157850.991
5633.494,60.000,59.100,1,1008848.890,157884.038
5634.502,60.000,59.100,1,1008677.478,157876.160
5635.499,60.000,59.100,1,1008509.914,157784.533
5636.508,60.000,59.100,1,1008310.840,157827.801
5637.497,60.000,59.100,1,1008535.006,157761.381
5638.509,60.000,59.077,1,1009036.313,157726.744
5639.498,60.000,59.000,1,1008797.844,157729.478
5640.495,60.000,59.000,1,1008607.904,157842.568
5641.494,60.000,59.000,1,1008471.465,157832.735
5642.501,60.000,59.000,1,1008390.944,157828.952
5643.485,60.000,59.000,1,1008446.079,157788.321
5644.497,60.000,59.000,1,1007875.529,157790.721
5645.501,60.000,59.000,1,1007770.012,157769.422
5646.505,60.000,59.000,1,1007888.644,157790.625
5647.499,60.000,59.000,1,1008289.279,157886.239
5648.500,60.000,59.000,1,1007654.744,157848.663
5649.500,60.000,59.000,1,1007725.310,157827.689
5650.499,60.000,59.000,1,1007706.743,157885.518
5651.506,60.000,58.938,1,1008123.468,157869.453
5652.512,60.000,58.900,1,1008115.518,157838.545
5653.488,60.000,58.900,1,1008022.669,157869.508
5654.499,60.000,58.900,1,1007933.720,157951.119
5655.504,60.000,58.900,1,1007927.001,157822.990
5656.499,60.000,58.900,1,1007763.778,157682.315
5657.523,60.000,58.900,1,1007925.640,157725.277
5658.490,60.000,58.900,1,1007868.068,157696.714
5659.489,60.000,58.900,1,1007990.062,157772.929
5660.486,60.000,58.900,1,1007366.360,157733.286
5661.510,60.000,58.900,1,1007502.872,157704.427
5662.498,60.000,58.900,1,1007402.531,157820.254
5663.492,60.000,58.900,1,1007418.152,157863.040
5664.504,60.000,58.900,1,1008433.167,157831.998
5665.506,60.000,58.900,1,1008433.555,157837.366
5666.514,60.000,58.900,1,1008712.376,157856.933
5667.508,60.000,58.900,1,1008614.519,157834.497
5668.490,60.000,58.900,1,1008592.252,157754.745
5669.499,60.000,58.900,1,1008434.787,157801.844
5670.484,60.000,58.900,1,1008115.504,157802.154
5671.493,60.000,58.900,1,1007218.951,157715.770
5672.484,60.000,58.834,1,1007476.321,157776.164
5673.503,60.000,58.800,1,1007303.126,157703.057
5674.505,60.000,58.800,1,1007343.747,157783.625
5675.523,60.000,58.800,1,1007447.937,157784.592
5676.517,60.000,58.800,1,1007422.997,157798.353
5677.498,60.000,58.800,1,1007507.270,157759.858
5678.506,60.000,58.800,1,1008400.003,157739.599
5679.503,60.000,58.800,1,1008449.709,157727.118
5680.510,60.000,58.800,1,1008558.215,157725.935
5681.499,60.000,58.800,1,1008970.858,157842.070
5682.503,60.000,58.800,1,1008974.530,157787.638
5683.498,60.000,58.800,1,1008560.112,157784.058
5684.491,60.000,58.800,1,1007830.554,157818.991
5685.489,60.000,58.800,1,1007526.138,157760.432
5686.493,60.000,58.800,1,1007221.077,157802.257
5687.497,60.000,58.800,1,1007318.616,157813.288
5688.483,60.000,58.800,1,1007355.288,157811.778
5689.499,60.000,58.800,1,1007470.528,157827.841
5690.499,60.000,58.800,1,1007352.657,157815.391
5691.520,60.000,58.886,1,1007397.871,157895.998
5692.497,60.000,58.900,1,1007598.688,157806.115
5693.482,60.000,58.900,1,1007537.205,157820.732
5694.512,60.000,58.900,1,1007639.381,157790.501
5695.498,60.000,58.828,1,1007765.294,157727.325
5696.508,60.000,58.863,1,1007772.683,157812.876
5697.512,60.000,58.900,1,1007725.111,157806.638
5698.518,60.000,58.900,1,1007888.590,157809.145
5699.497,60.000,58.900,1,1007883.798,157835.969
5700.509,60.000,58.900,1,1007774.050,157855.281
5701.513,60.000,58.900,1,1007654.663,157837.002
5702.494,60.000,58.900,1,1007741.504,157854.743
5703.502,60.000,58.900,1,1008137.699,157781.431
5704.499,60.000,58.900,1,1008336.733,157749.279
5705.492,60.000,58.900,1,1008394.363,157753.383
5706.498,60.000,58.900,1,1008409.670,157832.426
5707.487,60.000,58.900,1,1008184.326,157902.596
5708.506,60.000,58.900,1,1008076.288,157912.170
5709.500,60.000,58.900,1,1008029.713,157912.634
5710.498,60.000,58.900,1,1008304.018,157868.967
5711.502,60.000,58.900,1,1008550.691,157977.329
5712.495,60.000,58.900,1,1008168.343,157992.225
5713.498,60.000,58.900,1,1008172.450,157910.436
5714.483,60.000,58.900,1,1008316.028,157882.729
5715.498,60.000,58.900,1,1008365.398,157854.267
5716.493,60.000,58.900,1,1009486.896,157967.248
5717.519,60.000,58.900,1,1009721.209,157953.342
5718.503,60.000,58.900,1,1009372.523,157890.595
5719.506,60.000,58.900,1,1008285.173,157867.371
5720.499,60.000,58.900,1,1008363.947,157864.041
5721.505,60.000,58.900,1,1008353.574,157772.749
5722.505,60.000,58.900,1,1008668.920,157782.410
5723.506,60.000,58.900,1,1008622.879,157866.820
5724.483,60.000,58.928,1,1008823.416,157924.565
5725.487,60.000,59.000,1,1008819.632,157972.269
5726.496,60.000,59.000,1,1008925.547,157883.807
5727.502,60.000,59.000,1,1008937.482,157866.902
5728.484,60.000,59.000,1,1009047.365,157922.353
5729.504,60.000,59.000,1,1009160.588,157909.928
5730.492,60.000,59.000,1,1009200.802,157841.225
5731.502,60.000,59.000,1,1009186.685,157914.408
5732.506,60.000,59.000,1,1009295.855,157993.709
5733.501,60.000,59.000,1,1009376.300,157986.493
5734.511,60.000,59.000,1,1009367.244,157979.632
5735.497,60.000,59.000,1,1009358.887,157971.252
5736.502,60.000,59.000,1,1009362.778,157994.035
5737.496,60.000,59.000,1,1009737.817,157944.817
5738.491,60.000,59.000,1,1009821.460,157937.450
5739.491,60.000,59.000,1,1009861.996,157897.323
5740.502,60.000,59.076,1,1009920.646,157798.066
5741.502,60.000,59.100,1,1010045.329,157865.807
5742.501,60.000,59.100,1,1010166.347,157887.284
5743.501,60.000,59.100,1,1009958.234,157930.101
5744.506,60.000,59.100,1,1009953.952,157910.739
5745.508,60.000,59.100,1,1010016.254,158005.830
5746.500,60.000,59.100,1,1010180.783,157933.854
5747.518,60.000,59.100,1,1010167.180,157883.490
5748.499,60.000,59.100,1,1010144.047,157901.095
5749.492,60.000,59.100,1,1010258.100,157899.115
5750.497,60.000,59.100,1,1010306.116,157918.652
5751.493,60.000,59.100,1,1010285.514,157864.998
5752.498,60.000,59.127,1,1010398.533,157973.454
5753.508,60.000,59.200,1,1010453.515,157936.206
5754.498,60.000,59.200,1,1010293.284,157955.855
5755.500,60.000,59.200,1,1010451.118,158008.273
5756.502,60.000,59.200,1,1010550.117,158060.932
5757.502,60.000,59.200,1,1010697.513,158058.544
5758.498,60.000,59.200,1,1010742.086,158026.624
5759.506,60.000,59.200,1,1010878.446,158015.069
5760.496,60.000,59.200,1,1010740.902,158019.148
5761.493,60.000,59.200,1,1010777.029,158075.619
5762.499,60.000,59.200,1,1010843.384,158018.661
5763.506,60.000,59.200,1,1011016.257,158052.734
5764.497,60.000,59.200,1,1011055.203,158063.424
5765.502,60.000,59.200,1,1011079.998,158059.534
5766.509,60.000,59.200,1,1011181.924,158113.893
5767.499,60.000,59.281,1,1011257.365,158088.334
5768.500,60.000,59.300,1,1011271.659,158135.512
5769.509,60.000,59.300,1,1011408.296,157997.898
5770.502,60.000,59.300,1,1011495.284,158026.727
5771.498,60.000,59.300,1,1011456.666,158085.447
5772.504,60.000,59.300,1,1011502.116,158038.498
5773.503,60.000,59.300,1,1011374.565,158050.482
5774.499,60.000,59.300,1,1011805.159,158050.493
5775.504,60.000,59.300,1,1012534.751,158028.805
5776.503,60.000,59.300,1,1012454.765,158072.856
5777.499,60.000,59.300,1,1012536.072,158068.983
5778.495,60.000,59.300,1,1012532.354,158104.600
5779.492,60.000,59.300,1,1012591.171,158063.864
5780.498,60.000,59.300,1,1012697.012,158079.666
5781.495,60.000,59.326,1,1013043.397,158122.052
5782.506,60.000,59.400,1,1013149.416,158076.226
5783.494,60.000,59.400,1,1013181.079,158153.221
5784.494,60.000,59.400,1,1013158.320,158051.076
5785.504,60.000,59.400,1,1013330.153,158010.406
5786.510,60.000,59.400,1,1013445.864,158024.708
5787.497,60.000,59.400,1,1013411.167,158045.215
5788.504,60.000,59.400,1,1013367.951,158071.671
5789.507,60.000,59.400,1,1013011.006,158038.168
5790.499,60.000,59.400,1,1013073.835,158058.848
5791.506,60.000,59.400,1,1013039.449,158086.672
5792.506,60.000,59.400,1,1012928.877,158073.181
5793.503,60.000,59.400,1,1013062.298,158122.786
5794.503,60.000,59.459,1,1012365.160,158099.446
5795.490,60.000,59.500,1,1012454.086,158059.405
5796.496,60.000,59.500,1,1012626.382,158084.628
5797.503,60.000,59.500,1,1012657.266,158050.900
5798.491,60.000,59.500,1,1012599.657,158094.235
5799.492,60.000,59.500,1,1012495.401,158128.227
5800.508,60.000,59.500,1,1012649.644,158093.877
5801.507,60.000,59.500,1,1012536.391,158119.570
5802.494,60.000,59.500,1,1012805.151,158133.907
5803.497,60.000,59.500,1,1013337.734,158179.056
5804.500,60.000,59.500,1,1012677.598,158186.991
5805.507,60.000,59.500,1,1012698.629,158141.790
5806.499,60.000,59.500,1,1012685.204,158087.013
5807.517,60.000,59.500,1,1012875.766,158232.275
5808.497,60.000,59.500,1,1013022.787,158149.728
5809.489,60.000,59.500,1,1012930.558,158155.449
5810.485,60.000,59.500,1,1013114.330,158166.211
5811.497,60.000,59.500,1,1013110.147,158147.009
5812.501,60.000,59.500,1,1013325.257,158061.897
5813.508,60.000,59.500,1,1013371.573,158194.412
5814.508,60.000,59.500,1,1013322.329,158218.998
5815.490,60.000,59.500,1,1013170.881,158133.481
5816.506,60.000,59.587,1,1012965.335,158176.955
5817.501,60.000,59.600,1,1013364.268,158163.268
5818.505,60.000,59.600,1,1013665.281,158226.421
5819.507,60.000,59.600,1,1012918.296,158261.851
5820.507,60.000,59.600,1,1012812.661,158277.731
5821.514,60.000,59.600,1,1012868.807,158217.733
5822.503,60.000,59.600,1,1013152.304,158086.516
5823.492,60.000,59.600,1,1013184.570,158094.464
5824.498,60.000,59.600,1,1013092.299,158217.415
5825.503,60.000,59.600,1,1013189.217,158188.145
5826.489,60.000,59.600,1,1013121.809,158214.411
5827.483,60.000,59.600,1,1013353.557,158160.669
5828.500,60.000,59.600,1,1013882.280,158166.871
5829.499,60.000,59.600,1,1013899.520,158172.215
5830.487,60.000,59.600,1,1013875.890,158234.999
5831.481,60.000,59.600,1,1013859.662,158294.556
5832.489,60.000,59.600,1,1014106.181,158231.870
5833.484,60.000,59.600,1,1014064.304,158267.449
5834.500,60.000,59.600,1,1013996.110,158249.160
5835.500,60.000,59.600,1,1014120.418,158213.690
5836.690,60.000,59.600,1,1013759.742,158217.432
5837.498,60.000,59.600,1,1013564.266,158239.452
5838.508,60.000,59.600,1,1013565.337,158187.025
5839.504,60.000,59.600,1,1013490.369,158239.123
5840.507,60.000,59.600,1,1013346.623,158193.925
5841.510,60.000,59.600,1,1013384.868,158195.822
5842.503,60.000,59.600,1,1013381.725,158181.574
5843.506,60.000,59.600,1,1013599.608,158129.614
5844.506,60.000,59.672,1,1013491.554,158186.649
5845.492,60.000,59.700,1,1013610.769,158132.985
5846.496,60.000,59.700,1,1013613.011,158168.267
5847.475,60.000,59.700,1,1013632.733,158187.781
5848.514,60.000,59.700,1,1013572.704,158237.918
5849.491,60.000,59.700,1,1013428.206,158186.342
5850.496,60.000,59.700,1,1013808.116,158158.911
5851.491,60.000,59.700,1,1014194.383,158172.804
5852.498,60.000,59.700,1,1014074.522,158174.557
5853.500,60.000,59.700,1,1013460.808,158242.818
5854.496,60.000,59.700,1,1013465.791,158106.560
5855.499,60.000,59.700,1,1013537.716,158181.207
5856.505,60.000,59.700,1,1013526.123,158167.031
5857.498,60.000,59.700,1,1013688.153,158172.183
5858.507,60.000,59.700,1,1013660.441,158153.488
5859.504,60.000,59.700,1,1013630.333,158155.628
5860.498,60.000,59.700,1,1014215.068,158201.641
5861.506,60.000,59.700,1,1014234.647,158292.173
5862.495,60.000,59.700,1,1014146.045,158345.318
5863.497,60.000,59.700,1,1013591.904,158284.145
5864.502,60.000,59.700,1,1013545.577,158199.847
5865.506,60.000,59.700,1,1013314.846,158220.098
5866.509,60.000,59.700,1,1013367.000,158173.055
5867.504,60.000,59.700,1,1013364.885,158183.811
5868.506,60.000,59.700,1,1013563.780,158272.983
5869.505,60.000,59.700,1,1013680.782,158266.205
5870.501,60.000,59.700,1,1013677.854,158140.828
5871.501,60.000,59.700,1,1013616.204,158160.915
5872.492,60.000,59.700,1,1013545.902,158303.624
5873.493,60.000,59.700,1,1013446.195,158188.345
5874.502,60.000,59.700,1,1013596.462,158177.454
5875.501,60.000,59.700,1,1013758.884,158209.110
5876.500,60.000,59.700,1,1013670.580,158206.584
5877.499,60.000,59.700,1,1013450.793,158231.122
5878.502,60.000,59.700,1,1013521.056,158176.894
5879.489,60.000,59.700,1,1013732.683,158224.719
5880.500,60.000,59.700,1,1013777.037,158243.937
5881.501,60.000,59.700,1,1013791.035,158188.782
5882.495,60.000,59.700,1,1013700.817,158137.738
5883.498,60.000,59.700,1,1013618.257,158158.137
5884.502,60.000,59.700,1,1013775.693,158145.063
5885.506,60.000,59.700,1,1013770.970,158157.274
5886.499,60.000,59.700,1,1013709.415,158135.999
5887.509,60.000,59.700,1,1013702.946,158212.612
5888.494,60.000,59.700,1,1013696.000,158162.689
5889.506,60.000,59.700,1,1013636.208,158259.289
5890.492,60.000,59.700,1,1013465.382,158303.667
5891.486,60.000,59.700,1,1013506.419,158289.730
5892.491,60.000,59.700,1,1013256.944,158247.985
5893.503,60.000,59.700,1,1013212.710,158238.845
5894.500,60.000,59.700,1,1013238.413,158286.257
5895.504,60.000,59.700,1,1013670.190,158191.411
5896.501,60.000,59.700,1,1013208.234,158158.584
5897.497,60.000,59.700,1,1013430.930,158155.631
5898.500,60.000,59.700,1,1013488.045,158204.035
5899.493,60.000,59.700,1,1013483.316,158220.947
5900.500,60.000,59.700,1,1013666.371,158183.127
5901.499,60.000,59.700,1,1013701.199,158123.252
5902.499,60.000,59.700,1,1013967.963,158154.984
5903.511,60.000,59.700,1,1014038.401,158176.450
5904.503,60.000,59.700,1,1013380.608,158110.837
5905.507,60.000,59.700,1,1013370.410,158166.546
5906.497,60.000,59.700,1,1013309.084,158177.145
5907.489,60.000,59.609,1,1013278.870,158213.230
5908.509,60.000,59.600,1,1013343.928,158191.041
5909.496,60.000,59.600,1,1013313.508,158167.210
5910.502,60.000,59.688,1,1013334.385,158191.866
5911.492,60.000,59.700,1,1013561.554,158161.391
5912.507,60.000,59.700,1,1013610.293,158186.313
5913.504,60.000,59.633,1,1013409.749,158141.024
5914.501,60.000,59.600,1,1013315.467,158175.162
5915.501,60.000,59.655,1,1013417.706,158195.586
5916.491,60.000,59.700,1,1013437.361,158191.992
5917.503,60.000,59.653,1,1013303.896,158140.033
5918.499,60.000,59.600,1,1013279.246,158170.890
5919.493,60.000,59.600,1,1013743.465,158136.152
5920.497,60.000,59.600,1,1013982.454,158197.245
5921.497,60.000,59.600,1,1013957.394,158088.870
5922.501,60.000,59.600,1,1013972.136,158155.695
5923.494,60.000,59.600,1,1013994.389,158198.514
5924.497,60.000,59.600,1,1013824.404,158180.848
5925.508,60.000,59.600,1,1013276.034,158173.493
5926.503,60.000,59.600,1,1013240.132,158197.342
5927.500,60.000,59.600,1,1013593.822,158264.185
5928.504,60.000,59.600,1,1013600.189,158277.815
5929.502,60.000,59.696,1,1013508.952,158232.064
5930.499,60.000,59.609,1,1013569.329,158183.578
5931.508,60.000,59.600,1,1013558.055,158179.957
5932.503,60.000,59.600,1,1013561.343,158155.937
5933.500,60.000,59.600,1,1013511.259,158141.110
5934.489,60.000,59.600,1,1013346.927,158136.189
5935.497,60.000,59.600,1,1013656.623,158152.091
5936.498,65.000,59.600,1,1013700.873,158154.859
5937.497,65.000,59.600,1,1013335.587,158247.983
5938.504,65.000,59.600,1,1013242.061,158323.556
5939.503,65.000,59.600,1,1013339.923,158226.918
5940.506,65.000,59.600,1,1013392.045,158121.394
5941.520,65.000,59.600,1,1013406.422,158084.279
5942.495,65.000,59.600,1,1013411.770,158199.991
5943.502,65.000,59.600,1,1013379.205,158262.098
5944.497,65.000,59.612,1,1013386.677,158213.760
5945.504,65.000,59.700,1,1013451.973,158169.950
5946.496,65.000,59.700,1,1013402.301,158202.634
5947.497,65.000,59.700,1,1013449.238,158148.768
5948.492,65.000,59.700,1,1013421.675,158226.555
5949.500,65.000,59.700,1,1013471.249,158231.867
5950.514,65.000,59.700,1,1013875.234,158189.087
5951.510,65.000,59.700,1,1014093.493,158139.646
5952.500,65.000,59.700,1,1013733.016,158195.580
5953.496,65.000,59.700,1,1013527.984,158187.116
5954.505,65.000,59.700,1,1013596.058,158254.081
5955.507,65.000,59.700,1,1013582.388,158306.509
5956.508,65.000,59.773,1,1013741.693,158277.805
5957.500,65.000,59.800,1,1013854.344,158213.163
5958.503,65.000,59.800,1,1013933.845,158205.711
5959.500,65.000,59.800,1,1014058.271,158205.335
5960.501,65.000,59.851,1,1014132.846,158252.052
5961.500,65.000,59.900,1,1014251.192,158315.679
5962.497,65.000,59.900,1,1014359.440,158340.106
5963.511,65.000,59.900,1,1014416.405,158359.250
5964.507,65.000,59.932,1,1014459.247,158436.022
5965.491,65.000,60.000,1,1014553.463,158491.954
5966.512,65.000,60.031,1,1014751.186,158474.254
5967.503,65.000,60.100,1,1014919.379,158459.879
5968.489,65.000,60.100,1,1014964.224,158527.656
5969.491,65.000,60.116,1,1015098.449,158455.598
5970.500,65.000,60.200,1,1015155.796,158433.871
5971.507,65.000,60.200,1,1015124.722,158433.233
5972.505,65.000,60.200,1,1015166.135,158450.500
5973.493,65.000,60.300,1,1015263.580,158479.287
5974.484,65.000,60.398,1,1015325.001,158574.857
5975.506,65.000,60.400,1,1015396.233,158678.200
5976.497,65.000,60.400,1,1015439.083,158503.519
5977.506,65.000,60.479,1,1015500.199,158594.212
5978.492,65.000,60.500,1,1015565.496,158709.739
5979.502,65.000,60.572,1,1015647.631,158761.310
5980.495,65.000,60.600,1,1015667.877,158737.467
5981.500,65.000,60.669,1,1015679.083,158692.505
5982.502,65.000,60.700,1,1015715.898,158810.051
5983.499,65.000,60.764,1,1015771.860,158800.799
5984.500,65.000,60.800,1,1015789.127,158778.252
5985.497,65.000,60.853,1,1015821.438,158786.613
5986.507,65.000,60.948,1,1015827.789,158823.126
5987.504,65.000,61.000,1,1015840.361,158870.662
5988.497,65.000,61.000,1,1015847.529,158813.803
5989.498,65.000,61.027,1,1015854.761,158858.644
5990.506,65.000,61.133,1,1015859.637,158857.490
5991.509,65.000,61.200,1,1015865.265,158848.522
5992.506,65.000,61.219,1,1015858.551,159011.545
5993.502,65.000,61.300,1,1015859.492,158987.127
5994.493,65.000,61.320,1,1015864.932,158954.514
5995.507,65.000,61.416,1,1015869.927,158926.443
5996.494,65.000,61.500,1,1015871.802,158985.901
5997.497,65.000,61.508,1,1015876.731,159017.263
5998.504,65.000,61.600,1,1015883.061,159021.630
5999.498,65.000,61.700,1,1015885.438,159094.351
6000.492,65.000,61.700,1,1015893.087,159195.343
6001.500,65.000,61.794,1,1015903.491,159178.074
6002.515,65.000,61.800,1,1015908.469,159128.018
6003.504,65.000,61.881,1,1015921.969,159269.953
6004.514,65.000,61.900,1,1015933.137,159275.317
6005.499,65.000,61.973,1,1015949.281,159316.501
6006.508,65.000,62.067,1,1015966.020,159339.852
6007.502,65.000,62.161,1,1015990.289,159340.614
6008.500,65.000,62.200,1,1016019.995,159414.645
6009.486,65.000,62.249,1,1016093.757,159448.714
6010.502,65.000,62.300,1,1016137.055,159497.639
6011.518,65.000,62.347,1,1016183.847,159501.727
6012.500,65.000,62.441,1,1016259.351,159502.474
6013.497,65.000,62.500,1,1016351.569,159561.544
6014.507,65.000,62.537,1,1016389.534,159592.514
6015.502,65.000,62.631,1,1016411.424,159509.433
6016.507,65.000,62.700,1,1016513.846,159513.522
6017.505,65.000,62.734,1,1016608.199,159605.817
6018.503,65.000,62.828,1,1016783.566,159626.540
6019.496,65.000,62.900,1,1016894.324,159719.670
6020.503,65.000,62.916,1,1017090.156,159733.744
6021.498,65.000,63.013,1,1017315.514,159780.469
6022.499,65.000,63.100,1,1017628.626,159745.403
6023.507,65.000,63.104,1,1017611.008,159798.438
6024.485,65.000,63.200,1,1017848.834,159758.090
6025.518,65.000,63.200,1,1018116.277,159890.761
6026.518,65.000,63.287,1,1018260.317,159934.086
6027.510,65.000,63.300,1,1018569.683,159917.735
6028.506,65.000,63.376,1,1018794.659,159961.848
6029.503,65.000,63.400,1,1019237.391,159885.832
6030.491,65.000,63.468,1,1019554.266,159961.461
6031.493,65.000,63.563,1,1019913.225,159980.308
6032.500,65.000,63.600,1,1020260.363,160026.802
6033.514,65.000,63.653,1,1020702.073,160084.616
6034.496,65.000,63.700,1,1021086.089,160124.382
6035.509,65.000,63.753,1,1021312.480,160092.748
6036.501,65.000,63.846,1,1021549.985,160126.055
6037.500,65.000,63.942,1,1021988.931,160191.026
6038.494,65.000,64.000,1,1023079.832,160212.504
6039.511,65.000,64.036,1,1023852.829,160187.129
6040.509,65.000,64.100,1,1024352.433,160179.890
6041.493,65.000,64.129,1,1024321.801,160231.032
6042.495,65.000,64.200,1,1024766.170,160297.963
6043.493,65.000,64.219,1,1025067.707,160363.510
6044.492,65.000,64.300,1,1025973.675,160294.584
6045.499,65.000,64.300,1,1026214.497,160339.492
6046.511,65.000,64.305,1,1026401.054,160359.220
6047.494,65.000,64.400,1,1026546.937,160379.037
6048.494,65.000,64.402,1,1026686.326,160408.895
6049.499,65.000,64.500,1,1026948.535,160404.964
6050.493,65.000,64.500,1,1027214.809,160405.835
6051.510,65.000,64.500,1,1027811.448,160362.662
6052.505,65.000,64.578,1,1027394.923,160446.815
6053.485,65.000,64.600,1,1027364.840,160400.208
6054.498,65.000,64.680,1,1027772.536,160395.031
6055.488,65.000,64.700,1,1028680.951,160448.839
6056.506,65.000,64.769,1,1028308.958,160474.597
6057.499,65.000,64.800,1,1028502.749,160499.369
6058.507,65.000,64.800,1,1028708.975,160523.482
6059.498,65.000,64.857,1,1028610.241,160514.203
6060.501,65.000,64.900,1,1028715.250,160597.462
6061.495,65.000,64.900,1,1028909.167,160582.544
6062.502,65.000,64.939,1,1029151.969,160552.108
6063.505,65.000,65.000,1,1029395.504,160604.696
6064.513,65.000,65.000,1,1029482.471,160629.534
6065.501,65.000,65.034,1,1029607.207,160605.302
6066.499,65.000,65.100,1,1029783.892,160703.228
6067.511,65.000,65.100,1,1029915.533,160698.964
6068.504,65.000,65.117,1,1030058.236,160738.402
6069.497,65.000,65.200,1,1030096.289,160720.554
6070.497,65.000,65.200,1,1030126.472,160645.044
6071.496,65.000,65.203,1,1030361.907,160726.185
6072.497,65.000,65.300,1,1030448.795,160703.997
6073.506,65.000,65.300,1,1030445.153,160793.757
6074.500,65.000,65.300,1,1030503.513,160749.771
6075.493,65.000,65.380,1,1030642.178,160732.085
6076.497,65.000,65.400,1,1030740.950,160877.276
6077.501,65.000,65.400,1,1030858.896,160798.997
6078.496,65.000,65.400,1,1030884.469,160901.671
6079.506,65.000,65.400,1,1030977.521,160967.645
6080.508,65.000,65.471,1,1031125.346,160880.479
6081.500,65.000,65.500,1,1031251.114,160799.747
6082.496,65.000,65.500,1,1031419.135,160821.983
6083.503,65.000,65.500,1,1031570.506,160817.581
6084.501,65.000,65.549,1,1031571.587,160829.988
6085.498,65.000,65.600,1,1031582.154,160859.428
6086.497,65.000,65.600,1,1031581.481,160860.706
6087.491,65.000,65.600,1,1031273.884,160933.648
6088.506,65.000,65.600,1,1031288.620,160868.995
6089.496,65.000,65.600,1,1031442.672,160854.898
6090.491,65.000,65.600,1,1031468.046,160908.096
6091.498,65.000,65.615,1,1031487.001,160861.977
6092.495,65.000,65.700,1,1031609.950,160935.254
6093.504,65.000,65.700,1,1031417.784,160882.515
6094.506,65.000,65.700,1,1031414.222,160886.487
6095.494,65.000,65.700,1,1031441.011,160956.934
6096.496,65.000,65.700,1,1031449.212,160936.357
6097.502,65.000,65.700,1,1031348.385,160920.856
6098.499,65.000,65.700,1,1031364.190,160875.650
6099.500,65.000,65.700,1,1031379.916,160999.082
6100.503,65.000,65.700,1,1031361.867,160912.673
6101.492,65.000,65.700,1,1031331.136,160908.800
6102.497,65.000,65.700,1,1031409.363,160965.203
6103.490,65.000,65.700,1,1031371.507,160932.623
6104.508,65.000,65.773,1,1031503.840,160918.380
6105.498,65.000,65.800,1,1031360.921,160929.680
6106.500,65.000,65.800,1,1031479.178,160988.585
6107.504,65.000,65.800,1,1031514.809,160881.312
6108.502,65.000,65.800,1,1031460.393,160938.770
6109.503,65.000,65.800,1,1031483.759,160933.545
6110.501,65.000,65.800,1,1031571.276,160909.223
6111.522,65.000,65.800,1,1031549.030,160923.689
6112.500,65.000,65.769,1,1031524.717,161006.877
6113.484,65.000,65.700,1,1031439.404,161023.468
6114.501,65.000,65.700,1,1031410.120,160915.486
6115.493,65.000,65.700,1,1031612.037,160892.334
6116.509,65.000,65.700,1,1031666.330,160905.833
6117.500,65.000,65.700,1,1031639.386,160835.703
6118.474,65.000,65.700,1,1031646.592,160778.253
6119.500,65.000,65.700,1,1031672.965,160720.324
6120.506,65.000,65.700,1,1031685.855,160627.971
6121.504,65.000,65.700,1,1031672.169,160614.853
6122.501,65.000,65.700,1,1031628.333,160631.668
6123.500,65.000,65.700,1,1031526.188,160627.137
6124.496,65.000,65.700,1,1031258.090,160577.229
6125.503,65.000,65.700,1,1031220.682,160578.449
6126.503,65.000,65.700,1,1031204.964,160618.599
6127.497,65.000,65.700,1,1031162.311,160580.095
6128.507,65.000,65.700,1,1031060.622,160540.772
6129.502,65.000,65.700,1,1031044.220,160539.668
6130.488,65.000,65.700,1,1031019.943,160522.224
6131.502,65.000,65.651,1,1030884.978,160534.686
6132.495,65.000,65.600,1,1030881.433,160542.996
6133.495,65.000,65.600,1,1030888.125,160544.288
6134.501,65.000,65.600,1,1030841.188,160575.471
6135.486,65.000,65.600,1,1030787.799,160605.648
6136.500,65.000,65.600,1,1030680.066,160607.219
6137.501,65.000,65.600,1,1030654.532,160597.164
6138.490,65.000,65.583,1,1030509.398,160575.518
6139.507,65.000,65.500,1,1030450.117,160535.690
6140.491,65.000,65.500,1,1030350.645,160574.088
6141.507,65.000,65.500,1,1030225.669,160478.637
6142.512,65.000,65.500,1,1030210.508,160547.650
6143.502,65.000,65.500,1,1030608.931,160554.900
6144.499,65.000,65.401,1,1030632.871,160492.241
6145.505,65.000,65.400,1,1030536.549,160467.346
6146.484,65.000,65.400,1,1030338.925,160443.748
6147.488,65.000,65.400,1,1029745.393,160517.742
6148.509,65.000,65.400,1,1029649.156,160452.477
6149.488,65.000,65.400,1,1029519.154,160359.190
6150.503,65.000,65.323,1,1029638.627,160388.486
6151.507,65.000,65.300,1,1029365.481,160364.512
6152.506,65.000,65.300,1,1029818.811,160356.973
6153.490,65.000,65.300,1,1029155.975,160407.018
6154.488,65.000,65.300,1,1028988.300,160447.088
6155.501,65.000,65.251,1,1028823.197,160472.710
6156.502,65.000,65.200,1,1028709.047,160434.713
6157.511,65.000,65.200,1,1028968.618,160440.484
6158.517,65.000,65.200,1,1028794.829,160346.368
6159.494,65.000,65.200,1,1028858.600,160327.653
6160.501,65.000,65.178,1,1029193.762,160367.885
6161.501,65.000,65.100,1,1029190.329,160349.524
6162.496,65.000,65.100,1,1029447.607,160391.902
6163.509,65.000,65.100,1,1029313.799,160262.828
6164.503,65.000,65.100,1,1029070.243,160240.196
6165.500,65.000,65.087,1,1028871.305,160202.337
6166.503,65.000,65.000,1,1028032.914,160227.558
6167.498,65.000,65.000,1,1027653.149,160196.013
6168.492,65.000,65.000,1,1027385.580,160188.081
6169.481,65.000,65.000,1,1027502.411,160146.585
6170.485,65.000,65.000,1,1027403.536,160247.572
6171.488,65.000,65.000,1,1027220.815,160147.880
6172.506,65.000,64.913,1,1027189.402,160179.585
6173.500,65.000,64.900,1,1026550.915,160245.584
6174.500,65.000,64.900,1,1026692.014,160153.901
6175.500,65.000,64.900,1,1026451.666,160179.894
6176.528,65.000,64.900,1,1026753.385,160223.552
6177.503,65.000,64.900,1,1026672.118,160125.518
6178.498,65.000,64.829,1,1026446.382,160141.117
6179.492,65.000,64.800,1,1026184.512,160155.924
6180.490,65.000,64.800,1,1026142.168,160148.225
6181.521,65.000,64.800,1,1025883.750,160172.110
6182.512,65.000,64.800,1,1025815.232,160118.180
6183.485,65.000,64.751,1,1025359.434,160124.756
6184.509,65.000,64.700,1,1025247.522,160115.280
6185.499,65.000,64.700,1,1025095.814,160103.329
6186.500,65.000,64.700,1,1024792.862,160076.130
6187.512,65.000,64.700,1,1024445.526,160085.795
6188.499,65.000,64.700,1,1024362.244,160125.622
6189.496,65.000,64.676,1,1024224.472,160089.552
6190.494,65.000,64.600,1,1024165.369,160094.915
6191.494,65.000,64.600,1,1023964.351,160042.224
6192.491,65.000,64.600,1,1023816.792,160036.275
6193.504,65.000,64.600,1,1023688.350,160033.622
6194.502,65.000,64.596,1,1023612.714,160016.108
6195.502,65.000,64.500,1,1023216.127,160049.916
6196.495,65.000,64.500,1,1023101.166,160113.860
6197.506,65.000,64.500,1,1023054.292,160048.790
6198.494,65.000,64.500,1,1022902.170,159985.920
6199.511,65.000,64.500,1,1022635.835,160045.943
6200.499,65.000,64.500,1,1022806.697,160095.322
6201.502,65.000,64.426,1,1022932.660,160001.469
6202.503,65.000,64.400,1,1023433.483,159963.413
6203.497,65.000,64.400,1,1023383.131,159955.689
6204.512,65.000,64.400,1,1023188.249,159920.353
6205.482,65.000,64.400,1,1022969.894,159978.769
6206.492,65.000,64.400,1,1022435.969,159918.709
6207.492,65.000,64.349,1,1021509.660,159942.161
6208.500,65.000,64.300,1,1021600.966,159982.153
6209.502,65.000,64.300,1,1021687.378,159921.717
6210.499,65.000,64.300,1,1021424.964,159902.210
6211.498,65.000,64.300,1,1021241.698,159878.693
6212.498,65.000,64.300,1,1021021.161,159897.764
6213.506,65.000,64.277,1,1020906.071,159956.087
6214.496,65.000,64.200,1,1020912.124,159935.358
6215.504,65.000,64.200,1,1020771.594,159921.939
6216.507,65.000,64.200,1,1020767.317,159827.507
6217.489,65.000,64.200,1,1020837.335,159863.917
6218.510,65.000,64.200,1,1020557.550,159860.818
6219.507,65.000,64.200,1,1020565.121,159857.342
6220.511,65.000,64.101,1,1020999.884,159838.831
6221.503,65.000,64.100,1,1021106.183,159937.056
6222.491,65.000,64.100,1,1020845.398,159899.762
6223.496,65.000,64.100,1,1020609.361,159929.803
6224.509,65.000,64.100,1,1020621.509,159842.287
6225.508,65.000,64.100,1,1020572.414,159943.182
6226.510,65.000,64.100,1,1020433.440,159938.056
6227.502,65.000,64.100,1,1020425.808,159878.102
6228.489,65.000,64.030,1,1020341.612,159976.288
6229.497,65.000,64.000,1,1020274.950,159856.038
6230.511,65.000,64.000,1,1020352.408,159966.018
6231.498,65.000,64.000,1,1020409.551,159826.995
6232.495,65.000,64.000,1,1020658.907,159845.137
6233.509,65.000,64.000,1,1020484.239,159835.316
6234.484,65.000,64.000,1,1021451.874,159845.335
6235.505,65.000,64.000,1,1021404.902,159825.779
6236.496,65.000,64.000,1,1021089.150,159811.855
6237.494,65.000,64.000,1,1019990.908,159724.309
6238.497,65.000,63.971,1,1020178.458,159725.995
6239.507,65.000,63.900,1,1020093.222,159806.261
6240.498,65.000,63.900,1,1020187.156,159795.067
6241.509,65.000,63.900,1,1020342.349,159800.514
6242.503,65.000,63.900,1,1020822.997,159855.511
6243.489,65.000,63.900,1,1020417.361,159786.517
6244.497,65.000,63.900,1,1020835.392,159730.643
6245.507,65.000,63.900,1,1020761.729,159769.063
6246.509,65.000,63.900,1,1020806.644,159744.353
6247.491,65.000,63.900,1,1020773.861,159738.091
6248.498,65.000,63.900,1,1019882.764,159699.674
6249.500,65.000,63.900,1,1019531.254,159785.478
6250.495,65.000,63.900,1,1019967.793,159672.008
6251.503,65.000,63.900,1,1020645.361,159726.351
6252.506,65.000,63.900,1,1020472.020,159739.142
6253.495,65.000,63.835,1,1020613.596,159699.774
6254.487,65.000,63.800,1,1020351.165,159675.819
6255.516,65.000,63.800,1,1019771.798,159826.932
6256.509,65.000,63.800,1,1019842.242,159727.291
6257.500,65.000,63.800,1,1019818.306,159742.657
6258.521,65.000,63.800,1,1019626.590,159716.079
6259.496,65.000,63.800,1,1019534.898,159677.446
6260.494,65.000,63.800,1,1019767.152,159711.267
6261.490,65.000,63.800,1,1020198.782,159702.231
6262.503,65.000,63.800,1,1020667.862,159689.224
6263.503,65.000,63.800,1,1020766.214,159754.210
6264.507,65.000,63.800,1,1020440.073,159667.758
6265.496,65.000,63.800,1,1019831.655,159682.149
6266.500,65.000,63.800,1,1019892.229,159671.206
6267.521,65.000,63.800,1,1019864.481,159793.069
6268.501,65.000,63.800,1,1019665.669,159761.302
6269.504,65.000,63.800,1,1019687.934,159768.703
6270.506,65.000,63.800,1,1019711.151,159758.940
6271.488,65.000,63.800,1,1019701.470,159701.733
6272.505,65.000,63.800,1,1019734.923,159740.354
6273.510,65.000,63.800,1,1020093.081,159824.289
6274.505,65.000,63.800,1,1020422.321,159721.962
6275.497,65.000,63.800,1,1020558.667,159799.507
6276.496,65.000,63.800,1,1020579.248,159759.448
6277.503,65.000,63.800,1,1020254.862,159761.568
6278.513,65.000,63.800,1,1020387.942,159747.055
6279.507,65.000,63.800,1,1020682.885,159753.364
6280.498,65.000,63.800,1,1020407.668,159720.888
6281.488,65.000,63.800,1,1019969.747,159773.704
6282.505,65.000,63.800,1,1019934.126,159712.876
6283.502,65.000,63.800,1,1019350.947,159692.461
6284.505,65.000,63.800,1,1019738.195,159779.614
6285.503,65.000,63.800,1,1019560.147,159789.166
6286.501,65.000,63.800,1,1019467.813,159803.227
6287.512,65.000,63.800,1,1019706.975,159758.564
6288.499,65.000,63.800,1,1019971.307,159774.280
6289.485,65.000,63.800,1,1019961.025,159751.046
6290.490,65.000,63.800,1,1019975.712,159831.315
6291.508,65.000,63.800,1,1020300.964,159758.685
6292.507,65.000,63.800,1,1020381.315,159783.528
6293.489,65.000,63.811,1,1020010.788,159805.504
6294.497,65.000,63.900,1,1020578.388,159799.678
6295.502,65.000,63.900,1,1020936.996,159736.974
6296.507,65.000,63.900,1,1020929.229,159737.317
6297.492,65.000,63.900,1,1020973.260,159809.608
6298.503,65.000,63.900,1,1020999.638,159760.007
6299.503,65.000,63.900,1,1021141.765,159738.384
6300.516,65.000,63.900,1,1021173.586,159709.112
6301.498,65.000,63.900,1,1021138.195,159720.025
6302.502,65.000,63.900,1,1021153.995,159767.193
6303.498,65.000,63.900,1,1021442.194,159765.333
6304.503,65.000,63.900,1,1021188.220,159736.856
6305.489,65.000,63.900,1,1021452.108,159757.316
6306.502,65.000,63.900,1,1021514.717,159726.704
6307.504,65.000,63.900,1,1020618.681,159737.791
6308.500,65.000,63.900,1,1020673.268,159783.795
6309.489,65.000,63.900,1,1020833.715,159808.352
6310.498,65.000,63.900,1,1021031.902,159793.645
6311.488,65.000,63.900,1,1020795.079,159880.220
6312.502,65.000,63.900,1,1021204.696,159856.390
6313.483,65.000,63.900,1,1021229.783,159795.641
6314.499,65.000,63.900,1,1021819.056,159768.377
6315.500,65.000,63.900,1,1021712.769,159718.494
6316.494,65.000,63.928,1,1021688.695,159751.832
6317.501,65.000,64.000,1,1021666.968,159754.895
6318.504,65.000,64.000,1,1021913.317,159832.509
6319.504,65.000,64.000,1,1021457.558,159785.499
6320.515,65.000,64.000,1,1020761.666,159820.992
6321.504,65.000,64.000,1,1020893.983,159837.847
6322.496,65.000,64.000,1,1021215.477,159857.447
6323.489,65.000,64.000,1,1021448.075,159777.722
6324.484,65.000,64.000,1,1021407.980,159786.779
6325.502,65.000,64.000,1,1021651.970,159915.258
6326.505,65.000,64.000,1,1021602.023,159850.339
6327.500,65.000,64.000,1,1021483.807,159849.354
6328.492,65.000,64.000,1,1021797.636,159777.407
6329.494,65.000,64.000,1,1021869.331,159867.428
6330.507,65.000,64.000,1,1022626.345,159887.514
6331.498,65.000,64.063,1,1022952.779,159962.904
6332.507,65.000,64.100,1,1022840.326,159890.659
6333.520,65.000,64.100,1,1022416.682,159933.294
6334.509,65.000,64.100,1,1022057.076,159878.192
6335.502,65.000,64.100,1,1022345.258,159885.832
6336.490,65.000,64.100,1,1023289.148,159865.025
6337.490,65.000,64.100,1,1023047.327,159946.911
6338.487,65.000,64.100,1,1022245.312,159875.984
6339.490,65.000,64.100,1,1022617.178,159894.714
6340.492,65.000,64.100,1,1022511.931,159951.671
6341.508,65.000,64.100,1,1022502.961,159924.498
6342.494,65.000,64.117,1,1022606.000,159901.191
6343.504,65.000,64.200,1,1022511.090,159924.794
6344.494,65.000,64.200,1,1022596.681,160076.523
6345.497,65.000,64.200,1,1022829.078,159902.006
6346.503,65.000,64.200,1,1023018.336,159960.101
6347.499,65.000,64.200,1,1022638.874,159929.850
6348.513,65.000,64.200,1,1022917.589,159958.530
6349.496,65.000,64.200,1,1022968.960,160003.178
6350.502,65.000,64.200,1,1023055.079,159910.876
6351.507,65.000,64.200,1,1023075.869,159972.695
6352.510,65.000,64.200,1,1023101.463,159991.246
6353.498,65.000,64.200,1,1023045.812,160064.811
6354.493,65.000,64.200,1,1024111.633,159950.514
6355.504,65.000,64.276,1,1023771.347,159997.638
6356.499,65.000,64.300,1,1023245.318,160008.727
6357.503,65.000,64.300,1,1023262.930,160007.559
6358.508,65.000,64.300,1,1023473.507,159978.472
6359.501,65.000,64.300,1,1024116.318,160111.607
6360.495,65.000,64.300,1,1023670.986,160036.177
6361.500,65.000,64.300,1,1023697.022,159992.816
6362.503,65.000,64.300,1,1023598.841,159953.735
6363.503,65.000,64.300,1,1023649.428,160089.921
6364.491,65.000,64.300,1,1023628.170,160080.463
6365.502,65.000,64.300,1,1023646.971,160011.912
6366.495,65.000,64.300,1,1023759.580,159988.816
6367.498,65.000,64.313,1,1023805.380,159966.322
6368.498,65.000,64.400,1,1024027.001,160039.690
6369.501,65.000,64.400,1,1024074.340,160027.601
6370.499,65.000,64.400,1,1024269.022,160121.269
6371.507,65.000,64.400,1,1024174.126,160072.790
6372.496,65.000,64.400,1,1024227.066,160011.699
6373.505,65.000,64.400,1,1024330.946,160098.353
6374.509,65.000,64.400,1,1024395.578,159988.379
6375.508,65.000,64.400,1,1024675.241,160066.425
6376.502,65.000,64.400,1,1025092.596,160081.055
6377.504,65.000,64.400,1,1025080.938,160144.643
6378.497,65.000,64.400,1,1024884.111,160148.904
6379.492,65.000,64.400,1,1024755.613,160061.275
6380.498,65.000,64.400,1,1024904.161,160076.507
6381.489,65.000,64.400,1,1024896.698,160144.807
6382.503,65.000,64.400,1,1024723.925,160086.626
6383.503,65.000,64.449,1,1024658.432,160075.511
6384.511,65.000,64.500,1,1024563.962,160002.753
6385.513,65.000,64.500,1,1024533.083,160070.894
6386.485,65.000,64.500,1,1024841.929,160063.751
6387.501,65.000,64.500,1,1024909.674,160101.155
6388.497,65.000,64.500,1,1024957.941,160106.384
6389.497,65.000,64.500,1,1025278.039,160172.762
6390.498,65.000,64.500,1,1025158.540,160107.161
6391.508,65.000,64.500,1,1025135.846,160100.539
6392.490,65.000,64.500,1,1025305.798,160053.666
6393.510,65.000,64.500,1,1025280.501,160007.515
6394.495,65.000,64.500,1,1025391.575,160060.822
6395.498,65.000,64.500,1,1025495.326,160077.984
6396.502,65.000,64.500,1,1025639.061,160133.010
6397.496,65.000,64.500,1,1025849.108,160063.987
6398.502,65.000,64.500,1,1025752.410,160122.226
6399.492,65.000,64.500,1,1025455.930,160113.867
6400.478,65.000,64.500,1,1025494.222,160137.883
6401.492,65.000,64.500,1,1025510.856,160187.866
6402.493,65.000,64.500,1,1025462.094,160111.158
6403.499,65.000,64.572,1,1025516.776,160155.116
6404.508,65.000,64.600,1,1025625.237,160102.857
6405.500,65.000,64.600,1,1026708.283,160087.258
6406.503,65.000,64.600,1,1027053.780,160113.558
6407.500,65.000,64.600,1,1027006.546,160120.581
6408.504,65.000,64.600,1,1026823.050,160153.354
6409.501,65.000,64.600,1,1025901.022,160210.545
6410.496,65.000,64.600,1,1026806.344,160220.644
6411.494,65.000,64.600,1,1026898.971,160177.705
6412.503,65.000,64.600,1,1026260.054,160180.378
6413.496,65.000,64.600,1,1026052.580,160208.046
6414.506,65.000,64.600,1,1025998.372,160199.385
6415.485,65.000,64.600,1,1026031.572,160153.041
6416.490,65.000,64.600,1,1026060.520,160095.156
6417.487,65.000,64.600,1,1026031.770,160166.699
6418.498,65.000,64.600,1,1026055.153,160149.123
6419.500,65.000,64.600,1,1026365.285,160208.119
6420.491,65.000,64.600,1,1027042.031,160184.701
6421.509,65.000,64.600,1,1026841.906,160096.472
6422.489,65.000,64.600,1,1026441.286,160146.202
6423.506,65.000,64.600,1,1025708.594,160175.259
6424.497,65.000,64.600,1,1025874.065,160179.068
6425.499,65.000,64.600,1,1025782.728,160293.320
6426.484,65.000,64.600,1,1026022.493,160206.182
6427.507,65.000,64.600,1,1025833.834,160239.732
6428.499,65.000,64.600,1,1025974.622,160168.439
6429.495,65.000,64.600,1,1026054.913,160134.508
6430.492,65.000,64.600,1,1026432.016,160100.090
6431.495,65.000,64.600,1,1026495.606,160113.051
6432.492,65.000,64.600,1,1026288.183,160181.650
6433.499,65.000,64.600,1,1026079.963,160217.555
6434.498,65.000,64.600,1,1026035.726,160204.124
6435.499,65.000,64.600,1,1026079.678,160219.904
6436.510,65.000,64.600,1,1026005.603,160234.182
6437.491,65.000,64.600,1,1025899.899,160263.308
6438.507,65.000,64.600,1,1026196.944,160201.334
6439.494,65.000,64.600,1,1026075.232,160175.209
6440.496,65.000,64.600,1,1026032.862,160125.154
6441.493,65.000,64.600,1,1026080.989,160231.776
6442.489,65.000,64.600,1,1026046.956,160174.384
6443.495,65.000,64.600,1,1026294.133,160160.711
6444.482,65.000,64.600,1,1026948.084,160202.359
6445.498,65.000,64.600,1,1027432.364,160156.419
6446.501,65.000,64.600,1,1027425.712,160161.286
6447.500,65.000,64.600,1,1026764.968,160262.403
6448.500,65.000,64.600,1,1025868.107,160139.525
6449.482,65.000,64.600,1,1025923.589,160165.848
6450.503,65.000,64.600,1,1025911.047,160154.614
6451.503,65.000,64.600,1,1026016.747,160152.251
6452.502,65.000,64.600,1,1025857.427,160186.041
6453.494,65.000,64.600,1,1025706.800,160207.748
6454.510,65.000,64.600,1,1025874.694,160177.603
6455.494,65.000,64.600,1,1026124.619,160162.805
6456.499,65.000,64.600,1,1026128.416,160210.145
6457.510,65.000,64.600,1,1025954.793,160248.071
6458.494,65.000,64.600,1,1025937.023,160192.108
6459.503,65.000,64.600,1,1026248.387,160188.484
6460.492,65.000,64.600,1,1025923.761,160180.260
6461.496,65.000,64.600,1,1025969.365,160218.692
6462.492,65.000,64.600,1,1026196.724,160173.283
6463.495,65.000,64.600,1,1026232.853,160201.181
6464.499,65.000,64.600,1,1026548.442,160198.265
6465.501,65.000,64.600,1,1026572.853,160189.253
6466.506,65.000,64.600,1,1026179.908,160188.092
6467.501,65.000,64.600,1,1026132.368,160162.601
6468.499,65.000,64.600,1,1026172.849,160162.890
6469.504,65.000,64.600,1,1025851.673,160158.154
6470.515,65.000,64.600,1,1025807.671,160124.858
6471.504,65.000,64.600,1,1025965.902,160200.338
6472.504,65.000,64.600,1,1026228.262,160189.001
6473.510,65.000,64.600,1,1026320.075,160202.659
6474.504,65.000,64.600,1,1025968.501,160212.139
6475.511,65.000,64.600,1,1026497.420,160166.920
6476.507,65.000,64.600,1,1026832.708,160196.336
6477.493,65.000,64.600,1,1027007.450,160240.503
6478.502,65.000,64.600,1,1026943.785,160217.051
6479.514,65.000,64.600,1,1025985.455,160194.009
6480.518,65.000,64.600,1,1026018.559,160186.313
6481.488,65.000,64.600,1,1025894.924,160205.245
6482.497,65.000,64.600,1,1025984.678,160237.068
6483.499,65.000,64.600,1,1025963.581,160242.730
6484.515,65.000,64.600,1,1026978.247,160143.530
6485.496,65.000,64.600,1,1026419.125,160145.968
6486.514,65.000,64.600,1,1026037.533,160162.283
6487.501,65.000,64.600,1,1026172.225,160152.570
6488.496,65.000,64.600,1,1026375.689,160163.207
6489.487,65.000,64.600,1,1027077.386,160166.759
6490.503,65.000,64.600,1,1026506.096,160176.188
6491.503,65.000,64.600,1,1026140.206,160188.766
6492.504,65.000,64.600,1,1026057.047,160198.194
6493.485,65.000,64.600,1,1026186.296,160201.844
6494.491,65.000,64.600,1,1026049.942,160176.489
6495.496,65.000,64.600,1,1025925.059,160184.890
6496.492,65.000,64.600,1,1027038.240,160094.376
6497.501,65.000,64.600,1,1027132.237,160089.337
6498.494,65.000,64.600,1,1026912.936,160142.087
6499.501,65.000,64.600,1,1026113.743,160155.610
6500.504,65.000,64.600,1,1026650.153,160203.849
6501.498,65.000,64.600,1,1026303.588,160120.390
6502.506,65.000,64.600,1,1026008.968,160159.390
6503.499,65.000,64.600,1,1026044.432,160198.683
6504.487,65.000,64.600,1,1026197.538,160118.076
6505.485,65.000,64.600,1,1026148.712,160081.831
6506.500,65.000,64.600,1,1026227.714,160183.906
6507.484,65.000,64.600,1,1026017.042,160186.536
6508.508,65.000,64.600,1,1026134.688,160102.207
6509.487,65.000,64.600,1,1026385.468,160090.491
6510.490,65.000,64.600,1,1026657.137,160180.394
6511.511,65.000,64.600,1,1025897.396,160204.249
6512.501,65.000,64.600,1,1025900.928,160108.773
6513.492,65.000,64.600,1,1026294.334,160110.514
6514.487,65.000,64.600,1,1026547.981,160127.428
6515.508,65.000,64.600,1,1026147.771,160127.264
6516.490,65.000,64.600,1,1026274.018,160119.205
6517.515,65.000,64.600,1,1026699.628,160127.529
6518.483,65.000,64.600,1,1026389.995,160208.430
6519.493,65.000,64.600,1,1026401.355,160173.162
6520.508,65.000,64.600,1,1026221.861,160091.083
6521.507,65.000,64.600,1,1026296.333,160157.954
6522.497,65.000,64.600,1,1026141.863,160149.572
6523.505,65.000,64.600,1,1026236.966,160088.748
6524.512,65.000,64.600,1,1026223.132,160094.818
6525.497,65.000,64.600,1,1025971.661,160130.290
6526.495,65.000,64.600,1,1026086.813,160148.168
6527.505,65.000,64.600,1,1026078.988,160116.148
6528.510,65.000,64.600,1,1025868.173,160083.656
6529.503,65.000,64.600,1,1025954.302,160094.450
6530.492,65.000,64.600,1,1027056.274,160145.463
6531.511,65.000,64.600,1,1026356.643,160228.916
6532.496,65.000,64.600,1,1025707.517,160089.159
6533.495,65.000,64.600,1,1025785.894,160098.572
6534.512,65.000,64.600,1,1025773.583,160108.729
6535.497,65.000,64.600,1,1025827.182,160079.960
6536.483,65.000,64.600,1,1025835.604,160149.184
6537.504,65.000,64.600,1,1025660.364,160180.887
6538.510,65.000,64.600,1,1025921.302,160146.883
6539.493,65.000,64.600,1,1025894.373,160199.699
6540.505,65.000,64.600,1,1025748.639,160124.299
6541.512,65.000,64.600,1,1025822.311,160095.512
6542.491,65.000,64.600,1,1025840.870,160144.355
6543.484,65.000,64.600,1,1025991.036,160235.889
6544.495,65.000,64.600,1,1026605.161,160136.925
6545.497,65.000,64.600,1,1025993.549,160138.399
6546.483,65.000,64.600,1,1025937.261,160140.250
6547.497,65.000,64.600,1,1025875.136,160238.272
6548.503,65.000,64.600,1,1026890.685,160209.805
6549.499,65.000,64.600,1,1026831.919,160145.728
6550.492,65.000,64.600,1,1026878.342,160134.346
6551.505,65.000,64.600,1,1025771.605,160185.617
6552.497,65.000,64.600,1,1025748.281,160105.941
6553.496,65.000,64.600,1,1025823.254,160127.707
6554.501,65.000,64.600,1,1027134.315,160148.799
6555.498,65.000,64.600,1,1027289.758,160122.855
6556.508,65.000,64.600,1,1027302.511,160143.571
6557.500,65.000,64.600,1,1027316.170,160151.668
6558.501,65.000,64.600,1,1026678.110,160159.707
6559.484,65.000,64.600,1,1025902.598,160157.013
6560.500,65.000,64.600,1,1025514.907,160164.390
6561.512,65.000,64.600,1,1025486.451,160162.875
6562.496,65.000,64.600,1,1025688.614,160130.923
6563.508,65.000,64.600,1,1025695.318,160185.942
6564.513,65.000,64.600,1,1025569.218,160184.752
6565.501,65.000,64.600,1,1025663.790,160130.421
6566.507,65.000,64.600,1,1025659.709,160078.684
6567.501,65.000,64.600,1,1025782.356,160065.047
6568.496,65.000,64.600,1,1025817.176,160083.091
6569.498,65.000,64.600,1,1025732.415,160080.161
6570.494,65.000,64.600,1,1026665.611,160161.514
6571.507,65.000,64.600,1,1026804.443,160162.004
6572.504,65.000,64.600,1,1026070.866,160199.524
6573.511,65.000,64.600,1,1026379.864,160192.725
6574.498,65.000,64.600,1,1026957.552,160181.573
6575.497,65.000,64.600,1,1026858.668,160139.004
6576.497,65.000,64.600,1,1026866.566,160120.396
6577.483,65.000,64.600,1,1026972.491,160204.554
6578.502,65.000,64.600,1,1026960.878,160136.930
6579.504,65.000,64.600,1,1026858.142,160121.943
6580.511,65.000,64.600,1,1026101.328,160056.968
6581.508,65.000,64.600,1,1025966.588,160093.176
6582.514,65.000,64.600,1,1025740.771,160176.037
6583.507,65.000,64.600,1,1025679.974,160069.995
6584.506,65.000,64.600,1,1025736.517,160069.949
6585.517,65.000,64.600,1,1026102.703,160159.623
6586.515,65.000,64.600,1,1026228.424,160132.629
6587.505,65.000,64.600,1,1026377.801,160145.600
6588.490,65.000,64.600,1,1026406.414,160119.402
6589.496,65.000,64.600,1,1026252.645,160125.923
6590.504,65.000,64.600,1,1026458.229,160134.545
6591.499,65.000,64.600,1,1026123.968,160164.107
6592.506,65.000,64.600,1,1026084.979,160120.352
6593.497,65.000,64.600,1,1026211.150,160129.748
6594.522,65.000,64.600,1,1026138.438,160118.495
6595.493,65.000,64.600,1,1026028.350,160129.802
6596.505,65.000,64.600,1,1026809.880,160142.164
6597.497,65.000,64.600,1,1025971.582,160116.062
6598.485,65.000,64.600,1,1025981.989,160084.358
6599.502,65.000,64.600,1,1025785.891,160081.207
6600.516,65.000,64.600,1,1025955.358,160105.800
6601.496,65.000,64.600,1,1026275.066,160130.827
6602.492,65.000,64.600,1,1027143.308,160150.802
6603.496,65.000,64.600,1,1027285.876,160144.789
6604.503,65.000,64.600,1,1027116.954,160154.303
6605.486,65.000,64.600,1,1027116.737,160201.183
6606.502,65.000,64.600,1,1026798.809,160121.559
6607.497,65.000,64.600,1,1025950.256,160116.070
6608.496,65.000,64.600,1,1025793.531,160143.967
6609.494,65.000,64.600,1,1025789.547,160144.112
6610.514,65.000,64.600,1,1025949.885,160207.725
6611.518,65.000,64.600,1,1026178.624,160181.181
6612.501,65.000,64.600,1,1025729.431,160199.984
6613.504,65.000,64.600,1,1026046.374,160127.694
6614.498,65.000,64.600,1,1026047.260,160141.133
6615.502,65.000,64.600,1,1026072.183,160156.894
6616.495,65.000,64.600,1,1026205.794,160173.753
6617.492,65.000,64.600,1,1026423.110,160167.931
6618.508,65.000,64.600,1,1026405.318,160144.454
6619.501,65.000,64.600,1,1026669.586,160136.910
6620.487,65.000,64.600,1,1026191.397,160140.723
6621.498,65.000,64.600,1,1026243.165,160175.856
6622.498,65.000,64.600,1,1026924.527,160246.508
6623.505,65.000,64.600,1,1027290.748,160232.513
6624.500,65.000,64.600,1,1026684.050,160138.270
6625.505,65.000,64.600,1,1026385.494,160160.969
6626.493,65.000,64.600,1,1026243.835,160223.354
6627.491,65.000,64.600,1,1026277.972,160257.849
6628.498,65.000,64.600,1,1026415.009,160175.508
6629.520,65.000,64.600,1,1026659.260,160174.412
6630.499,65.000,64.600,1,1026843.483,160152.308
6631.484,65.000,64.600,1,1027843.172,160153.571
6632.487,65.000,64.600,1,1026805.629,160151.370
6633.506,65.000,64.600,1,1026511.160,160088.579
6634.494,65.000,64.600,1,1026782.435,160082.580
6635.513,65.000,64.600,1,1026861.103,160154.211
6636.520,65.000,64.600,1,1026770.250,160182.213
6637.512,65.000,64.600,1,1026547.593,160174.411
6638.499,65.000,64.600,1,1026816.097,160181.023
6639.495,65.000,64.600,1,1026738.421,160205.934
6640.495,65.000,64.600,1,1026434.798,160145.955
6641.502,65.000,64.600,1,1026700.139,160139.463
6642.490,65.000,64.679,1,1026845.741,160148.141
6643.505,65.000,64.626,1,1026446.466,160149.123
6644.509,65.000,64.669,1,1026336.771,160209.101
6645.510,65.000,64.700,1,1026551.043,160131.603
6646.503,65.000,64.700,1,1026539.362,160184.512
6647.498,65.000,64.700,1,1026597.151,160172.353
6648.497,65.000,64.700,1,1026730.251,160192.779
6649.496,65.000,64.700,1,1026666.656,160234.213
6650.491,65.000,64.700,1,1026598.146,160201.397
6651.501,65.000,64.700,1,1026560.924,160212.346
6652.503,65.000,64.700,1,1026708.373,160209.526
6653.501,65.000,64.700,1,1026836.822,160165.923
6654.508,65.000,64.700,1,1026945.829,160156.812
6655.504,65.000,64.700,1,1026958.929,160147.055
6656.488,65.000,64.700,1,1026841.290,160173.100
6657.507,65.000,64.700,1,1026552.118,160319.013
6658.505,65.000,64.700,1,1026628.968,160194.825
6659.518,65.000,64.700,1,1026470.163,160189.177
6660.505,65.000,64.700,1,1026670.306,160159.798
6661.510,65.000,64.700,1,1026945.605,160151.368
6662.488,65.000,64.700,1,1026826.029,160149.058
6663.507,65.000,64.700,1,1026749.583,160189.642
6664.497,65.000,64.700,1,1026848.105,160210.810
6665.505,65.000,64.700,1,1026909.021,160194.946
6666.506,65.000,64.700,1,1026955.414,160209.945
6667.504,65.000,64.700,1,1026879.275,160148.176
6668.517,65.000,64.700,1,1026741.110,160237.319
6669.495,65.000,64.700,1,1026675.006,160222.091
6670.499,65.000,64.700,1,1027952.791,160188.831
6671.494,65.000,64.700,1,1027804.226,160252.082
6672.489,65.000,64.700,1,1027547.350,160271.737
6673.502,65.000,64.700,1,1026873.632,160194.856
6674.510,65.000,64.700,1,1026851.438,160202.899
6675.483,65.000,64.700,1,1027220.987,160203.989
6676.495,65.000,64.700,1,1027208.042,160152.934
6677.504,65.000,64.700,1,1026806.545,160171.921
6678.498,65.000,64.700,1,1027523.339,160184.269
6679.498,65.000,64.700,1,1028034.943,160185.843
6680.507,65.000,64.700,1,1028020.486,160207.729
6681.508,65.000,64.700,1,1027948.022,160228.532
6682.507,65.000,64.700,1,1028027.661,160232.058
6683.505,65.000,64.700,1,1027987.266,160232.263
6684.503,65.000,64.700,1,1027810.794,160230.890
6685.510,65.000,64.700,1,1026813.763,160220.687
6686.503,65.000,64.700,1,1027614.939,160319.106
6687.492,65.000,64.700,1,1027961.839,160152.221
6688.501,65.000,64.700,1,1028431.398,160148.271
6689.503,65.000,64.700,1,1027988.741,160214.126
6690.481,65.000,64.700,1,1027958.149,160181.030
6691.492,65.000,64.700,1,1026935.960,160218.604
6692.502,65.000,64.700,1,1026907.313,160217.621
6693.509,65.000,64.700,1,1027126.827,160263.667
6694.509,65.000,64.700,1,1027072.633,160196.500
6695.501,65.000,64.700,1,1027215.749,160208.230
6696.495,65.000,64.700,1,1027228.547,160130.089
6697.495,65.000,64.700,1,1027319.260,160157.704
6698.495,65.000,64.700,1,1027210.059,160175.901
6699.496,65.000,64.700,1,1026885.750,160165.362
6700.499,65.000,64.700,1,1026975.836,160163.981
6701.490,65.000,64.700,1,1027003.540,160157.373
6702.500,65.000,64.700,1,1027979.470,160123.790
6703.495,65.000,64.700,1,1027255.135,160168.914
6704.494,65.000,64.700,1,1027037.965,160180.512
6705.491,65.000,64.700,1,1027784.105,160141.111
6706.510,65.000,64.700,1,1027202.591,160145.109
6707.505,65.000,64.700,1,1026912.823,160165.113
6708.499,65.000,64.700,1,1026931.369,160182.220
6709.490,65.000,64.700,1,1026946.871,160259.511
6710.510,65.000,64.700,1,1026927.076,160250.524
6711.494,65.000,64.700,1,1026918.319,160227.468
6712.505,65.000,64.700,1,1026873.641,160244.504
6713.494,65.000,64.700,1,1027144.108,160214.939
6714.493,65.000,64.700,1,1027152.478,160206.732
6715.505,65.000,64.700,1,1026907.631,160192.878
6716.505,65.000,64.700,1,1026848.967,160186.708
6717.487,65.000,64.700,1,1026743.712,160237.153
6718.494,65.000,64.700,1,1027149.569,160251.898
6719.483,65.000,64.700,1,1027365.944,160297.557
6720.497,65.000,64.700,1,1028331.231,160208.001
6721.498,65.000,64.700,1,1028592.535,160248.849
6722.500,65.000,64.700,1,1028451.078,160199.485
6723.506,65.000,64.700,1,1028318.377,160252.843
6724.507,65.000,64.700,1,1028037.256,160211.852
6725.489,65.000,64.700,1,1027431.874,160237.403
6726.509,65.000,64.700,1,1027008.417,160173.436
6727.498,65.000,64.700,1,1027031.286,160163.435
6728.514,65.000,64.700,1,1026997.107,160183.013
6729.490,65.000,64.700,1,1027243.317,160164.488
6730.489,65.000,64.700,1,1027500.765,160214.046
6731.486,65.000,64.700,1,1027489.477,160274.881
6732.505,65.000,64.700,1,1027369.196,160257.850
6733.498,65.000,64.700,1,1028090.379,160336.945
6734.495,65.000,64.700,1,1028232.986,160209.139
6735.500,65.000,64.700,1,1027645.305,160204.833
6736.512,70.000,64.700,1,1027034.343,160322.733
6737.523,70.000,64.700,1,1027009.041,160309.349
6738.514,70.000,64.700,1,1027075.629,160256.049
6739.493,70.000,64.700,1,1027065.760,160342.280
6740.490,70.000,64.700,1,1027104.557,160322.625
6741.494,70.000,64.700,1,1027116.319,160228.013
6742.498,70.000,64.700,1,1027282.117,160238.031
6743.509,70.000,64.700,1,1027124.727,160242.685
6744.496,70.000,64.700,1,1027254.911,160215.155
6745.495,70.000,64.700,1,1027254.802,160182.547
6746.499,70.000,64.700,1,1027387.643,160246.599
6747.505,70.000,64.700,1,1027348.764,160247.553
6748.496,70.000,64.733,1,1027246.954,160329.604
6749.499,70.000,64.800,1,1027449.470,160294.316
6750.509,70.000,64.800,1,1027483.645,160288.746
6751.497,70.000,64.800,1,1027703.012,160320.574
6752.508,70.000,64.800,1,1027606.714,160293.719
6753.506,70.000,64.800,1,1027787.006,160208.008
6754.506,70.000,64.820,1,1027847.542,160260.098
6755.508,70.000,64.900,1,1027999.031,160272.742
6756.499,70.000,64.900,1,1028179.909,160263.407
6757.498,70.000,64.900,1,1028126.398,160285.577
6758.500,70.000,64.900,1,1028239.235,160308.032
6759.500,70.000,65.000,1,1028466.145,160350.353
6760.502,70.000,65.000,1,1028672.697,160341.531
6761.511,70.000,65.000,1,1028819.233,160354.484
6762.494,70.000,65.000,1,1028969.189,160408.835
6763.485,70.000,65.088,1,1029241.089,160440.073
6764.495,70.000,65.100,1,1029351.960,160335.165
6765.502,70.000,65.177,1,1029492.375,160336.453
6766.508,70.000,65.200,1,1029646.530,160407.794
6767.497,70.000,65.200,1,1030029.986,160368.693
6768.508,70.000,65.269,1,1030152.203,160368.442
6769.499,70.000,65.300,1,1030202.657,160418.169
6770.504,70.000,65.300,1,1030401.317,160357.820
6771.493,70.000,65.346,1,1030579.753,160404.346
6772.501,70.000,65.400,1,1030659.955,160457.204
6773.510,70.000,65.447,1,1030766.619,160522.559
6774.503,70.000,65.500,1,1030913.973,160526.836
6775.502,70.000,65.538,1,1031182.806,160602.650
6776.497,70.000,65.600,1,1031562.375,160571.216
6777.495,70.000,65.625,1,1031481.726,160618.738
6778.511,70.000,65.731,1,1031467.296,160612.170
6779.499,70.000,65.800,1,1031754.038,160613.153
6780.505,70.000,65.819,1,1031588.250,160597.985
6781.498,70.000,65.900,1,1031633.202,160620.534
6782.486,70.000,65.908,1,1031789.638,160715.680
6783.515,70.000,66.000,1,1031990.819,160827.199
6784.510,70.000,66.000,1,1031940.807,160765.374
6785.501,70.000,66.099,1,1031961.266,160790.583
6786.505,70.000,66.100,1,1032038.109,160873.460
6787.497,70.000,66.195,1,1032089.873,160874.180
6788.512,70.000,66.291,1,1032084.129,160901.710
6789.515,70.000,66.300,1,1032105.333,160903.376
6790.484,70.000,66.382,1,1032132.963,160945.079
6791.490,70.000,66.400,1,1032155.328,160930.952
6792.497,70.000,66.477,1,1032176.502,160910.651
6793.492,70.000,66.574,1,1032186.640,160965.438
6794.501,70.000,66.600,1,1032202.499,161038.120
6795.493,70.000,66.671,1,1032218.470,161030.235
6796.509,70.000,66.765,1,1032229.854,161051.834
6797.502,70.000,66.800,1,1032235.947,161122.267
6798.508,70.000,66.852,1,1032240.476,161225.063
6799.505,70.000,66.900,1,1032245.834,161241.262
6800.498,70.000,66.941,1,1032250.468,161234.385
6801.496,70.000,67.036,1,1032254.448,161221.255
6802.500,70.000,67.100,1,1032257.507,161258.452
6803.499,70.000,67.138,1,1032260.785,161295.320
6804.501,70.000,67.235,1,1032264.689,161453.485
6805.503,70.000,67.300,1,1032283.587,161412.251
6806.498,70.000,67.316,1,1032296.887,161439.615
6807.492,70.000,67.400,1,1032309.551,161509.672
6808.501,70.000,67.419,1,1032325.249,161573.964
6809.501,70.000,67.506,1,1032329.405,161588.740
6810.502,70.000,67.600,1,1032321.641,161508.411
6811.495,70.000,67.600,1,1032335.237,161589.218
6812.489,70.000,67.700,1,1032390.268,161589.189
6813.497,70.000,67.798,1,1032426.248,161595.292
6814.502,70.000,67.800,1,1032458.520,161703.446
6815.492,70.000,67.891,1,1032543.310,161605.544
6816.507,70.000,67.986,1,1032565.379,161618.088
6817.491,70.000,68.000,1,1032615.935,161698.744
6818.494,70.000,68.000,1,1032669.586,161748.310
6819.502,70.000,68.076,1,1032613.283,161762.381
6820.499,70.000,68.171,1,1032634.083,161751.677
6821.512,70.000,68.262,1,1032728.719,161765.612
6822.493,70.000,68.300,1,1032859.046,161786.461
6823.488,70.000,68.357,1,1032926.098,161858.419
6824.505,70.000,68.452,1,1033382.296,161884.922
6825.492,70.000,68.500,1,1033403.502,161852.836
6826.494,70.000,68.549,1,1033391.326,161878.619
6827.500,70.000,68.600,1,1033848.596,161879.340
6828.494,70.000,68.631,1,1034206.382,161974.060
6829.494,70.000,68.700,1,1034459.829,162048.890
6830.513,70.000,68.734,1,1034813.132,162065.873
6831.485,70.000,68.813,1,1034887.051,162024.258
6832.515,70.000,68.900,1,1034462.314,162099.350
6833.493,70.000,68.919,1,1034549.003,162153.263
6834.503,70.000,69.000,1,1034758.812,162211.006
6835.481,70.000,69.001,1,1035000.834,162206.461
6836.493,70.000,69.100,1,1035613.663,162218.164
6837.486,70.000,69.105,1,1036387.463,162167.232
6838.497,70.000,69.200,1,1036744.858,162294.665
6839.504,70.000,69.200,1,1036984.523,162321.746
6840.499,70.000,69.299,1,1037425.012,162249.886
6841.499,70.000,69.391,1,1037660.606,162292.786
6842.496,70.000,69.400,1,1037835.137,162317.069
6843.494,70.000,69.479,1,1038035.115,162309.463
6844.506,70.000,69.500,1,1038387.557,162330.402
6845.490,70.000,69.500,1,1038604.655,162452.472
6846.507,70.000,69.573,1,1038557.643,162503.009
6847.497,70.000,69.666,1,1039002.501,162433.111
6848.487,70.000,69.700,1,1039952.308,162549.902
6849.489,70.000,69.700,1,1039480.193,162493.260
6850.507,70.000,69.752,1,1040271.436,162535.308
6851.514,70.000,69.800,1,1039619.532,162632.786
6852.509,70.000,69.840,1,1039877.524,162632.304
6853.500,70.000,69.934,1,1040301.703,162641.580
6854.506,70.000,70.000,1,1040247.588,162634.535
6855.509,70.000,70.000,1,1040698.013,162601.187
6856.503,70.000,70.024,1,1041017.073,162533.296
6857.500,70.000,70.100,1,1041207.572,162576.009
6858.498,70.000,70.100,1,1041739.639,162657.255
6859.514,70.000,70.124,1,1041949.012,162603.330
6860.509,70.000,70.200,1,1042120.087,162671.204
6861.503,70.000,70.209,1,1042352.105,162588.682
6862.505,70.000,70.300,1,1043820.979,162760.350
6863.499,70.000,70.300,1,1044238.533,162780.658
6864.500,70.000,70.300,1,1044192.746,162700.639
6865.483,70.000,70.300,1,1044395.091,162720.710
6866.501,70.000,70.397,1,1044638.305,162708.765
6867.503,70.000,70.400,1,1044748.178,162703.088
6868.506,70.000,70.400,1,1044981.120,162692.379
6869.492,70.000,70.477,1,1044520.432,162817.363
6870.497,70.000,70.500,1,1045132.174,162845.924
6871.493,70.000,70.500,1,1044491.255,162741.962
6872.493,70.000,70.500,1,1044752.658,162772.343
6873.492,70.000,70.567,1,1045053.443,162789.792
6874.510,70.000,70.600,1,1044962.864,162819.961
6875.504,70.000,70.600,1,1045072.689,162864.218
6876.486,70.000,70.600,1,1044978.157,162795.361
6877.497,70.000,70.600,1,1045485.693,162790.432
6878.497,70.000,70.646,1,1045689.212,162782.598
6879.496,70.000,70.700,1,1045513.217,162875.939
6880.493,70.000,70.700,1,1045449.318,162799.696
6881.484,70.000,70.700,1,1045565.665,162840.600
6882.495,70.000,70.730,1,1045639.622,162876.597
6883.496,70.000,70.800,1,1045816.511,162907.240
6884.512,70.000,70.800,1,1046019.151,162841.654
6885.496,70.000,70.800,1,1045972.064,162853.251
6886.499,70.000,70.800,1,1046474.389,162840.010
6887.503,70.000,70.800,1,1046627.532,162855.553
6888.516,70.000,70.800,1,1046957.081,162829.016
6889.504,70.000,70.800,1,1046671.010,162848.327
6890.508,70.000,70.898,1,1046641.993,162918.397
6891.490,70.000,70.900,1,1046599.148,162940.590
6892.501,70.000,70.900,1,1046619.059,162884.057
6893.511,70.000,70.900,1,1046455.959,162891.287
6894.490,70.000,70.900,1,1045974.855,162884.301
6895.506,70.000,70.900,1,1046222.340,162845.146
6896.502,70.000,70.900,1,1046263.463,162913.526
6897.510,70.000,70.900,1,1046245.558,162970.441
6898.494,70.000,70.900,1,1046235.646,162929.281
6899.506,70.000,70.900,1,1046747.779,162936.591
6900.486,70.000,70.900,1,1046393.937,162892.358
6901.502,70.000,70.900,1,1046500.770,162991.706
6902.505,70.000,70.900,1,1046901.858,162985.741
6903.495,70.000,70.900,1,1046536.124,162833.716
6904.489,70.000,70.900,1,1046911.812,162853.001
6905.507,70.000,70.900,1,1046232.366,162981.076
6906.498,70.000,70.900,1,1046816.621,163009.883
6907.501,70.000,70.900,1,1046658.803,162924.943
6908.493,70.000,70.900,1,1045941.306,162912.538
6909.496,70.000,70.900,1,1046008.917,162825.158
6910.500,70.000,70.900,1,1046195.291,163031.261
6911.508,70.000,70.900,1,1046026.055,163075.924
6912.509,70.000,70.900,1,1046204.805,163002.036
6913.505,70.000,70.900,1,1046556.439,162953.373
6914.498,70.000,70.900,1,1046055.841,162877.828
6915.516,70.000,70.900,1,1046180.074,162750.311
6916.501,70.000,70.900,1,1046018.679,162834.632
6917.498,70.000,70.900,1,1045904.236,162866.902
6918.495,70.000,70.900,1,1045755.311,162799.854
6919.496,70.000,70.900,1,1045737.763,162855.610
6920.500,70.000,70.829,1,1045744.318,162968.164
6921.499,70.000,70.800,1,1045450.277,162836.437
6922.497,70.000,70.800,1,1045361.552,162868.981
6923.497,70.000,70.800,1,1045191.208,162770.576
6924.511,70.000,70.800,1,1045238.231,162816.099
6925.501,70.000,70.800,1,1045161.028,162781.154
6926.512,70.000,70.800,1,1045812.023,162824.256
6927.518,70.000,70.800,1,1045666.411,162793.509
6928.491,70.000,70.800,1,1045785.823,162763.757
6929.500,70.000,70.800,1,1045681.597,162741.836
6930.501,70.000,70.800,1,1044952.037,162735.518
6931.502,70.000,70.776,1,1044659.035,162774.035
6932.498,70.000,70.700,1,1044723.008,162746.229
6933.517,70.000,70.700,1,1044608.055,162753.049
6934.492,70.000,70.700,1,1044204.386,162726.374
6935.513,70.000,70.700,1,1044984.690,162754.752
6936.510,70.000,70.700,1,1044165.423,162754.554
6937.502,70.000,70.700,1,1043869.051,162744.574
6938.501,70.000,70.700,1,1043651.281,162755.358
6939.522,70.000,70.602,1,1043179.845,162636.029
6940.506,70.000,70.600,1,1043215.166,162624.068
6941.504,70.000,70.600,1,1043126.161,162646.707
6942.504,70.000,70.600,1,1043000.686,162623.898
6943.501,70.000,70.600,1,1042414.754,162679.845
6944.506,70.000,70.600,1,1042508.015,162656.188
6945.501,70.000,70.525,1,1043299.453,162685.205
6946.510,70.000,70.500,1,1043172.695,162649.220
6947.511,70.000,70.500,1,1042335.291,162610.151
6948.498,70.000,70.500,1,1042164.722,162596.138
6949.509,70.000,70.500,1,1042184.393,162543.190
6950.497,70.000,70.450,1,1042251.083,162543.132
6951.491,70.000,70.400,1,1042014.061,162728.510
6952.493,70.000,70.400,1,1041627.523,162554.698
6953.503,70.000,70.400,1,1041652.346,162562.483
6954.506,70.000,70.400,1,1042046.017,162538.448
6955.501,70.000,70.362,1,1042137.227,162597.600
6956.496,70.000,70.300,1,1042055.921,162503.906
6957.515,70.000,70.300,1,1042125.790,162521.382
6958.502,70.000,70.300,1,1042030.329,162520.588
6959.502,70.000,70.300,1,1041749.212,162491.567
6960.499,70.000,70.287,1,1041082.723,162520.111
6961.497,70.000,70.200,1,1040802.582,162481.706
6962.501,70.000,70.200,1,1039608.192,162422.682
6963.499,70.000,70.200,1,1039571.467,162420.476
6964.492,70.000,70.200,1,1039366.146,162459.343
6965.497,70.000,70.109,1,1039420.406,162490.226
6966.503,70.000,70.100,1,1039661.100,162406.199
6967.526,70.000,70.100,1,1040124.072,162351.204
6968.486,70.000,70.100,1,1039171.998,162408.633
6969.502,70.000,70.100,1,1039100.417,162435.445
6970.497,70.000,70.031,1,1038924.819,162357.263
6971.513,70.000,70.000,1,1038918.482,162333.906
6972.484,70.000,70.000,1,1038498.851,162366.972
6973.510,70.000,70.000,1,1038712.476,162416.589
6974.502,70.000,70.000,1,1039432.876,162394.234
6975.493,70.000,69.947,1,1039166.068,162338.523
6976.499,70.000,69.900,1,1039070.457,162386.114
6977.505,70.000,69.900,1,1038177.138,162335.662
6978.514,70.000,69.900,1,1037662.548,162413.542
6979.498,70.000,69.859,1,1037383.006,162344.937
6980.498,70.000,69.800,1,1037290.296,162335.113
6981.498,70.000,69.800,1,1037202.853,162322.471
6982.504,70.000,69.800,1,1037080.269,162315.348
6983.501,70.000,69.773,1,1037029.863,162247.023
6984.500,70.000,69.700,1,1036835.699,162270.282
6985.503,70.000,69.700,1,1036598.883,162358.751
6986.494,70.000,69.700,1,1036600.116,162270.502
6987.502,70.000,69.700,1,1036511.670,162253.077
6988.499,70.000,69.688,1,1036344.716,162186.074
6989.493,70.000,69.600,1,1036244.521,162186.325
6990.497,70.000,69.600,1,1035949.424,162195.995
6991.467,70.000,69.600,1,1035934.384,162215.904
6992.503,70.000,69.600,1,1035476.221,162224.587
6993.502,70.000,69.600,1,1035294.140,162250.959
6994.503,70.000,69.505,1,1035583.826,162199.390
6995.493,70.000,69.500,1,1036023.149,162201.598
6996.497,70.000,69.500,1,1035896.374,162183.031
6997.529,70.000,69.500,1,1035684.933,162256.213
6998.503,70.000,69.500,1,1035074.803,162142.084
6999.494,70.000,69.426,1,1035133.353,162226.907
7000.509,70.000,69.400,1,1034831.796,162171.326
7001.503,70.000,69.400,1,1035144.763,162126.072
7002.496,70.000,69.400,1,1035600.338,162134.725
7003.490,70.000,69.400,1,1035508.001,162161.627
7004.507,70.000,69.352,1,1035565.949,162181.416
7005.488,70.000,69.300,1,1034586.264,162218.935
7006.496,70.000,69.300,1,1034535.853,162046.415
7007.488,70.000,69.300,1,1034547.022,162120.827
7008.498,70.000,69.300,1,1034380.130,162024.508
7009.501,70.000,69.270,1,1034597.787,162022.209
7010.488,70.000,69.200,1,1034637.064,162063.398
7011.499,70.000,69.200,1,1035007.294,162040.820
7012.512,70.000,69.200,1,1034266.036,162004.139
7013.496,70.000,69.200,1,1034173.262,162051.631
7014.494,70.000,69.180,1,1034066.789,162017.771
7015.503,70.000,69.100,1,1034034.366,162011.568
7016.523,70.000,69.100,1,1033964.178,162069.226
7017.494,70.000,69.100,1,1033778.118,162004.037
7018.522,70.000,69.100,1,1033807.722,162010.540
7019.487,70.000,69.100,1,1033651.710,161976.039
7020.492,70.000,69.100,1,1033497.444,161940.715
7021.502,70.000,69.010,1,1033390.969,162008.463
7022.491,70.000,69.000,1,1033394.232,162014.895
7023.488,70.000,69.000,1,1033335.829,161976.616
7024.504,70.000,69.000,1,1033273.048,161885.250
7025.501,70.000,69.000,1,1033343.554,161942.538
7026.492,70.000,68.930,1,1033388.296,161993.554
7027.500,70.000,68.900,1,1033298.642,161912.069
7028.500,70.000,68.900,1,1033309.824,161909.432
7029.490,70.000,68.900,1,1033258.230,161907.406
7030.506,70.000,68.900,1,1033201.716,161899.253
7031.505,70.000,68.900,1,1033133.321,161912.280
7032.510,70.000,68.900,1,1033108.805,161865.683
7033.503,70.000,68.857,1,1033345.808,161792.558
7034.516,70.000,68.800,1,1033553.627,161949.681
7035.497,70.000,68.800,1,1033419.531,161811.341
7036.503,70.000,68.800,1,1033411.054,161837.762
7037.484,70.000,68.800,1,1033343.554,161802.613
7038.503,70.000,68.800,1,1033277.259,161860.050
7039.498,70.000,68.800,1,1032981.803,161838.635
7040.513,70.000,68.800,1,1032993.836,161841.280
7041.494,70.000,68.786,1,1033018.274,161806.119
7042.487,70.000,68.700,1,1032960.434,161861.725
7043.489,70.000,68.700,1,1032893.868,161912.122
7044.496,70.000,68.700,1,1032876.058,161797.299
7045.489,70.000,68.700,1,1032920.470,161858.660
7046.511,70.000,68.700,1,1032870.635,161870.743
7047.492,70.000,68.700,1,1032904.127,161893.623
7048.486,70.000,68.700,1,1033157.126,161847.395
7049.501,70.000,68.700,1,1033172.930,161840.232
7050.491,70.000,68.616,1,1033177.777,161887.237
7051.498,70.000,68.600,1,1032953.175,161855.315
7052.501,70.000,68.600,1,1032853.939,161868.464
7053.503,70.000,68.600,1,1032807.486,161827.097
7054.501,70.000,68.600,1,1032974.555,161804.788
7055.516,70.000,68.600,1,1033047.138,161801.000
7056.512,70.000,68.600,1,1033075.326,161801.048
7057.500,70.000,68.600,1,1033147.303,161786.196
7058.480,70.000,68.600,1,1033147.528,161830.888
7059.520,70.000,68.600,1,1033087.047,161873.025
7060.500,70.000,68.600,1,1033005.619,161895.056
7061.492,70.000,68.600,1,1032982.738,161850.656
7062.506,70.000,68.600,1,1032988.522,161862.611
7063.492,70.000,68.600,1,1033000.048,161859.144
7064.501,70.000,68.600,1,1032978.600,161776.935
7065.500,70.000,68.600,1,1033071.341,161805.250
7066.495,70.000,68.600,1,1033093.553,161786.745
7067.511,70.000,68.573,1,1032902.960,161851.622
7068.505,70.000,68.500,1,1032766.880,161805.720
7069.505,70.000,68.500,1,1032753.023,161825.643
7070.490,70.000,68.500,1,1032751.201,161796.114
7071.509,70.000,68.500,1,1032746.324,161858.073
7072.500,70.000,68.500,1,1032798.929,161787.100
7073.504,70.000,68.500,1,1032811.930,161825.540
7074.487,70.000,68.500,1,1032786.918,161792.306
7075.499,70.000,68.500,1,1032908.765,161807.817
7076.504,70.000,68.500,1,1032981.374,161861.844
7077.503,70.000,68.500,1,1032989.055,161881.151
7078.507,70.000,68.500,1,1032984.974,161782.317
7079.501,70.000,68.500,1,1033107.190,161813.285
7080.486,70.000,68.500,1,1033120.350,161801.818
7081.489,70.000,68.500,1,1033040.995,161828.407
7082.495,70.000,68.500,1,1033022.507,161814.729
7083.495,70.000,68.500,1,1032989.917,161853.712
7084.500,70.000,68.500,1,1033158.319,161856.486
7085.504,70.000,68.500,1,1033112.167,161923.716
7086.502,70.000,68.500,1,1033042.776,161855.643
7087.503,70.000,68.500,1,1032876.352,161871.853
7088.482,70.000,68.500,1,1032945.235,161900.322
7089.491,70.000,68.500,1,1032995.735,161838.681
7090.498,70.000,68.500,1,1032872.273,161810.039
7091.497,70.000,68.500,1,1032791.171,161818.325
7092.510,70.000,68.500,1,1032825.752,161903.870
7093.524,70.000,68.500,1,1032912.647,161839.808
7094.492,70.000,68.500,1,1032990.228,161856.427
7095.505,70.000,68.500,1,1032956.981,161784.816
7096.499,70.000,68.508,1,1032922.137,161810.268
7097.503,70.000,68.600,1,1033119.169,161868.167
7098.493,70.000,68.600,1,1033057.715,161824.863
7099.513,70.000,68.600,1,1032886.438,161875.300
7100.505,70.000,68.600,1,1033183.391,161838.210
7101.485,70.000,68.600,1,1033005.932,161786.030
7102.500,70.000,68.600,1,1032921.346,161835.883
7103.515,70.000,68.600,1,1033152.888,161837.397
7104.495,70.000,68.600,1,1033000.645,161966.169
7105.495,70.000,68.600,1,1033133.475,161895.647
7106.509,70.000,68.600,1,1033115.968,161869.761
7107.493,70.000,68.600,1,1033092.631,161935.752
7108.489,70.000,68.600,1,1033102.834,161949.759
7109.505,70.000,68.600,1,1033084.663,161958.360
7110.499,70.000,68.600,1,1033072.427,161866.323
7111.486,70.000,68.600,1,1033069.574,161866.498
7112.504,70.000,68.600,1,1033065.436,161896.957
7113.496,70.000,68.635,1,1033120.158,161900.438
7114.496,70.000,68.700,1,1033192.340,161856.162
7115.501,70.000,68.700,1,1033444.794,161943.072
7116.512,70.000,68.700,1,1033174.260,161873.556
7117.499,70.000,68.700,1,1033147.619,161886.686
7118.491,70.000,68.700,1,1033174.163,162003.064
7119.492,70.000,68.700,1,1033156.390,162037.357
7120.516,70.000,68.700,1,1033205.039,161977.081
7121.519,70.000,68.700,1,1033595.716,161948.294
7122.497,70.000,68.700,1,1033607.048,161931.750
7123.510,70.000,68.700,1,1033352.842,161904.144
7124.502,70.000,68.700,1,1033412.349,161874.526
7125.516,70.000,68.700,1,1033748.969,161947.171
7126.500,70.000,68.700,1,1033731.448,161990.034
7127.493,70.000,68.700,1,1033446.813,161913.684
7128.504,70.000,68.700,1,1033491.660,161980.439
7129.495,70.000,68.783,1,1033569.750,161989.862
7130.506,70.000,68.800,1,1034060.823,161961.093
7131.491,70.000,68.800,1,1034105.294,161958.875
7132.508,70.000,68.800,1,1034015.039,161941.854
7133.496,70.000,68.800,1,1033694.498,161955.016
7134.509,70.000,68.800,1,1033737.311,161996.741
7135.492,70.000,68.800,1,1033731.026,162024.168
7136.504,70.000,68.800,1,1033922.672,162039.231
7137.495,70.000,68.800,1,1034267.739,161949.118
7138.490,70.000,68.800,1,1034737.063,161943.436
7139.504,70.000,68.800,1,1033993.796,162009.649
7140.510,70.000,68.831,1,1033958.642,161974.055
7141.506,70.000,68.900,1,1034275.469,162038.921
7142.513,70.000,68.900,1,1034702.197,162222.321
7143.497,70.000,68.900,1,1034971.944,162097.632
7144.496,70.000,68.900,1,1034656.327,162065.216
7145.502,70.000,68.900,1,1034296.284,162068.081
7146.493,70.000,68.900,1,1034126.447,162092.894
7147.510,70.000,68.900,1,1034217.488,162101.669
7148.489,70.000,68.900,1,1034442.370,162061.031
7149.506,70.000,68.900,1,1035017.815,162071.072
7150.509,70.000,68.900,1,1034410.165,162012.240
7151.492,70.000,68.993,1,1034250.493,162031.764
7152.495,70.000,69.000,1,1034393.155,162096.602
7153.513,70.000,69.000,1,1034442.904,162101.197
7154.501,70.000,69.000,1,1034362.280,162045.649
7155.498,70.000,69.000,1,1034448.357,162097.752
7156.498,70.000,69.000,1,1034637.234,162044.819
7157.499,70.000,69.000,1,1034667.874,162089.732
7158.501,70.000,69.000,1,1034708.199,162120.719
7159.500,70.000,69.000,1,1034770.693,162169.044
7160.492,70.000,69.000,1,1034800.712,162078.077
7161.490,70.000,69.000,1,1034844.020,162074.390
7162.489,70.000,69.000,1,1034587.857,162221.200
7163.498,70.000,69.045,1,1034932.313,162075.882
7164.491,70.000,69.100,1,1034633.524,162091.879
7165.516,70.000,69.100,1,1034652.971,162056.617
7166.503,70.000,69.100,1,1034623.952,162119.483
7167.502,70.000,69.100,1,1034727.545,162184.255
7168.499,70.000,69.100,1,1035074.612,162129.754
7169.501,70.000,69.100,1,1034990.951,162208.549
7170.505,70.000,69.100,1,1035079.703,162129.845
7171.490,70.000,69.100,1,1035133.206,162109.624
7172.488,70.000,69.100,1,1035944.807,162142.294
7173.486,70.000,69.100,1,1035930.033,162178.634
7174.498,70.000,69.200,1,1035487.821,162208.820
7175.498,70.000,69.200,1,1035367.724,162277.304
7176.494,70.000,69.200,1,1035507.850,162153.732
7177.500,70.000,69.200,1,1035693.385,162181.119
7178.500,70.000,69.200,1,1036492.817,162169.702
7179.506,70.000,69.200,1,1035618.723,162230.194
7180.501,70.000,69.200,1,1035350.798,162154.109
7181.500,70.000,69.200,1,1035452.929,162247.613
7182.499,70.000,69.200,1,1035584.272,162135.093
7183.497,70.000,69.200,1,1035678.946,162181.121
7184.502,70.000,69.200,1,1035580.352,162200.857
7185.517,70.000,69.257,1,1035934.704,162161.604
7186.500,70.000,69.300,1,1036191.418,162185.682
7187.509,70.000,69.300,1,1036239.154,162246.893
7188.493,70.000,69.300,1,1036281.124,162230.886
7189.510,70.000,69.300,1,1036405.050,162267.530
7190.506,70.000,69.300,1,1036004.135,162277.488
7191.494,70.000,69.300,1,1035943.892,162228.504
7192.506,70.000,69.300,1,1035975.624,162198.061
7193.499,70.000,69.300,1,1035761.348,162208.871
7194.494,70.000,69.300,1,1035847.096,162221.705
7195.494,70.000,69.300,1,1036067.901,162229.776
7196.506,70.000,69.312,1,1036149.544,162231.402
7197.494,70.000,69.400,1,1036178.418,162202.355
7198.501,70.000,69.400,1,1036337.313,162279.766
7199.497,70.000,69.400,1,1036495.125,162444.594
7200.506,70.000,69.400,1,1037325.569,162367.564
7201.536,70.000,69.400,1,1037371.979,162256.760
7202.509,70.000,69.400,1,1037463.998,162238.114
7203.495,70.000,69.400,1,1037322.851,162248.156
7204.513,70.000,69.400,1,1036981.262,162283.902
7205.506,70.000,69.400,1,1036620.482,162213.499
7206.500,70.000,69.400,1,1036545.952,162214.969
7207.499,70.000,69.400,1,1036640.963,162277.201
7208.500,70.000,69.400,1,1036723.402,162266.718
7209.489,70.000,69.400,1,1036664.090,162330.135
7210.494,70.000,69.400,1,1036584.766,162263.939
7211.514,70.000,69.400,1,1036551.975,162204.461
7212.504,70.000,69.400,1,1036427.684,162206.076
7213.500,70.000,69.400,1,1036425.000,162226.710
7214.494,70.000,69.400,1,1036461.326,162226.034
7215.500,70.000,69.400,1,1036637.143,162266.221
7216.497,70.000,69.429,1,1037477.435,162299.853
7217.494,70.000,69.500,1,1037376.814,162285.162
7218.492,70.000,69.500,1,1037460.645,162228.667
7219.499,70.000,69.500,1,1037410.473,162326.624
7220.513,70.000,69.500,1,1037119.664,162267.029
7221.505,70.000,69.500,1,1037023.983,162381.663
7222.500,70.000,69.500,1,1036879.243,162328.217
7223.505,70.000,69.500,1,1037579.602,162311.252
7224.492,70.000,69.500,1,1037859.186,162249.508
7225.504,70.000,69.500,1,1038041.138,162287.912
7226.498,70.000,69.500,1,1037995.608,162299.276
7227.502,70.000,69.500,1,1037733.154,162377.201
7228.496,70.000,69.500,1,1036993.233,162212.078
7229.491,70.000,69.500,1,1037530.335,162267.977
7230.496,70.000,69.500,1,1037216.686,162351.185
7231.495,70.000,69.500,1,1037104.083,162316.329
7232.497,70.000,69.500,1,1037084.869,162271.266
7233.506,70.000,69.500,1,1037202.353,162273.660
7234.501,70.000,69.500,1,1037449.698,162378.755
7235.497,70.000,69.500,1,1037538.245,162370.711
7236.503,70.000,69.500,1,1037789.723,162353.088
7237.502,70.000,69.500,1,1038329.809,162344.000
7238.513,70.000,69.500,1,1037678.552,162374.129
7239.514,70.000,69.500,1,1037366.448,162442.202
7240.495,70.000,69.500,1,1037506.357,162420.728
7241.506,70.000,69.500,1,1037351.685,162320.353
7242.498,70.000,69.500,1,1037707.086,162315.779
7243.479,70.000,69.500,1,1038261.369,162357.749
7244.503,70.000,69.500,1,1038122.194,162356.673
7245.502,70.000,69.500,1,1038147.609,162336.639
7246.502,70.000,69.500,1,1038218.568,162386.496
7247.505,70.000,69.500,1,1038158.374,162256.510
7248.487,70.000,69.500,1,1038066.220,162298.994
7249.498,70.000,69.500,1,1037520.936,162401.456
7250.488,70.000,69.500,1,1037462.610,162357.056
7251.494,70.000,69.500,1,1037170.559,162353.603
7252.496,70.000,69.500,1,1037065.023,162305.584
7253.494,70.000,69.500,1,1037222.657,162302.407
7254.503,70.000,69.500,1,1037461.705,162324.046
7255.507,70.000,69.500,1,1038213.017,162312.570
7256.503,70.000,69.500,1,1038146.843,162264.173
7257.499,70.000,69.500,1,1037240.140,162420.915
7258.508,70.000,69.500,1,1037924.378,162398.679
7259.504,70.000,69.500,1,1038327.452,162352.959
7260.502,70.000,69.500,1,1038355.017,162298.085
7261.487,70.000,69.500,1,1038148.293,162333.679
7262.497,70.000,69.500,1,1038072.246,162406.575
7263.526,70.000,69.500,1,1038138.338,162322.325
7264.509,70.000,69.500,1,1038633.548,162312.205
7265.497,70.000,69.500,1,1038111.503,162330.067
7266.499,70.000,69.500,1,1037529.395,162412.530
7267.494,70.000,69.500,1,1037419.073,162325.156
7268.498,70.000,69.500,1,1037148.481,162331.244
7269.491,70.000,69.500,1,1037048.660,162343.302
7270.501,70.000,69.500,1,1036924.146,162348.945
7271.500,70.000,69.500,1,1037073.651,162305.196
7272.502,70.000,69.500,1,1037023.621,162292.565
7273.498,70.000,69.500,1,1037083.477,162276.406
7274.492,70.000,69.500,1,1037073.042,162262.415
7275.509,70.000,69.500,1,1037086.419,162305.462
7276.498,70.000,69.500,1,1037012.875,162302.962
7277.493,70.000,69.500,1,1036889.322,162270.348
7278.495,70.000,69.500,1,1037647.467,162253.171
7279.503,70.000,69.500,1,1037955.069,162306.260
7280.492,70.000,69.500,1,1037908.124,162339.083
7281.501,70.000,69.500,1,1037985.211,162297.488
7282.496,70.000,69.500,1,1037958.929,162325.710
7283.502,70.000,69.500,1,1037935.451,162302.095
7284.502,70.000,69.500,1,1037932.424,162338.751
7285.497,70.000,69.500,1,1037888.567,162369.911
7286.508,70.000,69.500,1,1037875.233,162325.190
7287.501,70.000,69.500,1,1037810.223,162276.118
7288.502,70.000,69.500,1,1037785.311,162339.879
7289.491,70.000,69.500,1,1037838.348,162304.995
7290.479,70.000,69.500,1,1037630.067,162305.771
7291.495,70.000,69.500,1,1036866.047,162287.222
7292.509,70.000,69.500,1,1036802.260,162249.796
7293.497,70.000,69.500,1,1036829.983,162280.015
7294.489,70.000,69.500,1,1036807.695,162294.598
7295.498,70.000,69.500,1,1036787.814,162296.287
7296.501,70.000,69.500,1,1036907.143,162299.967
7297.491,70.000,69.500,1,1036872.105,162288.906
7298.497,70.000,69.500,1,1036799.859,162313.186
7299.502,70.000,69.500,1,1036912.689,162290.028
7300.510,70.000,69.500,1,1037035.754,162275.674
7301.501,70.000,69.500,1,1037021.240,162275.708
7302.491,70.000,69.500,1,1036972.547,162246.007
7303.500,70.000,69.500,1,1036737.929,162291.554
7304.497,70.000,69.500,1,1036702.520,162366.001
7305.520,70.000,69.500,1,1036780.262,162296.911
7306.504,70.000,69.500,1,1036700.526,162294.553
7307.500,70.000,69.500,1,1036551.283,162382.107
7308.496,70.000,69.500,1,1036439.089,162437.527
7309.494,70.000,69.500,1,1036234.420,162364.171
7310.508,70.000,69.500,1,1036347.342,162314.754
7311.499,70.000,69.500,1,1036359.447,162273.021
7312.492,70.000,69.500,1,1036419.738,162356.811
7313.501,70.000,69.500,1,1036594.026,162220.793
7314.512,70.000,69.500,1,1036723.510,162226.754
7315.501,70.000,69.500,1,1036745.904,162236.016
7316.498,70.000,69.500,1,1036620.883,162236.768
7317.513,70.000,69.500,1,1036447.215,162311.698
7318.503,70.000,69.500,1,1036413.395,162286.973
7319.502,70.000,69.500,1,1036489.349,162252.010
7320.496,70.000,69.500,1,1036409.168,162359.488
7321.504,70.000,69.500,1,1037007.690,162344.364
7322.488,70.000,69.500,1,1036888.152,162347.688
7323.501,70.000,69.500,1,1036410.566,162258.907
7324.509,70.000,69.500,1,1036312.043,162277.170
7325.487,70.000,69.500,1,1036290.097,162300.262
7326.501,70.000,69.500,1,1036206.797,162304.603
7327.497,70.000,69.500,1,1036321.383,162229.874
7328.498,70.000,69.500,1,1036426.536,162235.890
7329.492,70.000,69.437,1,1036443.270,162190.387
7330.505,70.000,69.400,1,1036314.137,162189.680
7331.499,70.000,69.400,1,1036319.506,162258.516
7332.515,70.000,69.400,1,1036344.374,162327.326
7333.503,70.000,69.400,1,1036235.250,162309.426
7334.504,70.000,69.400,1,1036589.424,162352.738
7335.488,70.000,69.400,1,1036953.629,162225.799
7336.497,70.000,69.400,1,1036397.701,162323.923
7337.498,70.000,69.400,1,1036539.401,162297.533
7338.510,70.000,69.400,1,1036590.007,162342.701
7339.493,70.000,69.400,1,1036409.058,162359.414
7340.506,70.000,69.400,1,1036458.914,162269.135
7341.517,70.000,69.400,1,1036305.838,162251.538
7342.493,70.000,69.400,1,1036246.195,162256.958
7343.501,70.000,69.400,1,1036330.358,162221.106
7344.498,70.000,69.400,1,1036180.789,162217.508
7345.512,70.000,69.400,1,1036614.729,162322.143
7346.494,70.000,69.400,1,1037211.599,162242.882
7347.500,70.000,69.400,1,1036772.220,162271.268
7348.496,70.000,69.400,1,1036460.189,162268.207
7349.497,70.000,69.400,1,1036065.877,162325.401
7350.486,70.000,69.400,1,1036170.720,162332.909
7351.469,70.000,69.400,1,1036108.670,162342.341
7352.478,70.000,69.400,1,1036712.818,162409.738
7353.484,70.000,69.400,1,1037104.040,162408.512
7354.496,70.000,69.400,1,1037107.203,162333.039
7355.516,70.000,69.400,1,1037125.516,162318.646
7356.517,70.000,69.400,1,1037139.291,162299.372
7357.509,70.000,69.400,1,1036855.948,162246.031
7358.511,70.000,69.400,1,1036331.392,162211.983
7359.507,70.000,69.400,1,1036206.455,162279.302
7360.498,70.000,69.400,1,1036209.060,162248.637
7361.519,70.000,69.400,1,1036249.063,162293.042
7362.543,70.000,69.400,1,1036135.897,162247.663
7363.500,70.000,69.400,1,1036171.202,162236.262
7364.512,70.000,69.400,1,1036246.488,162193.040
7365.488,70.000,69.400,1,1036118.671,162249.327
7366.479,70.000,69.400,1,1036704.026,162255.772
7367.516,70.000,69.400,1,1036107.670,162237.750
7368.515,70.000,69.400,1,1036476.102,162350.540
7369.499,70.000,69.400,1,1036221.303,162314.073
7370.481,70.000,69.400,1,1036262.999,162266.833
7371.509,70.000,69.400,1,1036386.366,162238.896
7372.493,70.000,69.400,1,1036219.695,162257.496
7373.508,70.000,69.400,1,1036266.231,162224.557
7374.474,70.000,69.400,1,1036083.562,162226.539
7375.498,70.000,69.400,1,1036891.503,162251.119
7376.513,70.000,69.400,1,1036713.592,162366.462
7377.508,70.000,69.400,1,1037070.223,162262.407
7378.498,70.000,69.400,1,1036702.212,162226.593
7379.531,70.000,69.400,1,1036649.442,162362.019
7380.514,70.000,69.400,1,1036539.899,162340.603
7381.500,70.000,69.400,1,1037221.279,162223.943
7382.505,70.000,69.400,1,1037445.691,162256.769
7383.494,70.000,69.400,1,1037216.183,162251.349
7384.492,70.000,69.400,1,1036955.381,162296.145
7385.500,70.000,69.400,1,1036508.787,162276.065
7386.531,70.000,69.400,1,1036966.073,162233.879
7387.489,70.000,69.400,1,1036192.408,162224.562
7388.501,70.000,69.400,1,1037120.036,162212.987
7389.513,70.000,69.400,1,1037186.100,162213.640
7390.516,70.000,69.400,1,1037755.497,162212.417
7391.509,70.000,69.400,1,1037460.550,162222.774
7392.478,70.000,69.400,1,1037296.839,162255.018
7393.504,70.000,69.400,1,1036399.336,162362.457
7394.501,70.000,69.400,1,1036505.476,162327.500
7395.491,70.000,69.400,1,1036623.196,162230.430
7396.501,70.000,69.400,1,1037269.562,162257.553
7397.506,70.000,69.400,1,1037404.933,162295.119
7398.513,70.000,69.400,1,1037314.555,162241.288
7399.498,70.000,69.400,1,1037549.004,162250.265
7400.505,70.000,69.400,1,1036625.439,162232.166
7401.478,70.000,69.400,1,1036716.828,162205.591
7402.491,70.000,69.400,1,1036796.024,162229.739
7403.495,70.000,69.400,1,1037413.914,162232.374
7404.173,70.000,69.400,1,1036910.375,162263.387
