t_rel_s,t_unix,GR07_temp_c,GR07_sem_c,GR07_rate_hz,GR07_events,GR06_temp_c,GR06_sem_c,GR06_rate_hz,GR06_events,capture
0.008500,1785530208.365233,23.11386,0.01451,912516.2231,15512,23.05420,0.07325,141559.0841,71,0
0.025500,1785530208.382233,23.11970,0.01451,912534.2078,15513,23.14388,0.07325,141601.9390,71,0
0.042500,1785530208.399233,23.10268,0.01451,912481.7750,15511,23.27155,0.07325,141662.9551,71,0
0.059500,1785530208.416233,23.06718,0.01451,912372.4458,15510,23.27142,0.07325,141662.8942,71,0
0.076500,1785530208.433233,23.04874,0.01451,912315.6528,15509,23.24991,0.07274,141652.6125,72,0
0.093500,1785530208.450233,23.03752,0.01451,912281.0673,15508,23.19568,0.07325,141626.6988,71,0
0.110500,1785530208.467233,23.12532,0.01451,912551.5176,15513,22.97846,0.07325,141522.8839,71,0
0.127500,1785530208.484233,23.12502,0.01451,912550.5969,15513,23.33739,0.07325,141694.4196,71,0
0.144500,1785530208.501233,23.08993,0.01451,912442.5073,15510,23.25706,0.07325,141656.0303,71,0
0.161500,1785530208.518233,23.10247,0.01451,912481.1456,15512,23.40381,0.07325,141726.1658,71,0
0.178500,1785530208.535233,23.08300,0.01451,912421.1535,15511,23.06785,0.07325,141565.6058,71,0
0.195500,1785530208.552233,23.03817,0.01451,912283.0829,15508,23.22199,0.07274,141639.2727,72,0
0.212500,1785530208.569233,23.04525,0.01451,912304.8759,15508,23.50365,0.07325,141773.8805,71,0
0.229500,1785530208.586233,23.09104,0.01451,912445.9233,15511,23.26686,0.07325,141660.7154,71,0
0.246500,1785530208.603233,23.09885,0.01451,912469.9946,15512,23.38972,0.07325,141719.4301,71,0
0.263500,1785530208.620233,23.14407,0.01451,912609.2571,15514,23.17228,0.07325,141615.5134,71,0
0.280500,1785530208.637233,23.14488,0.01451,912611.7709,15514,23.14811,0.07325,141603.9648,71,0
0.297500,1785530208.654233,23.10324,0.01451,912483.5049,15511,23.08208,0.07325,141572.4080,71,0
0.314500,1785530208.671233,23.13167,0.01451,912571.0747,15513,23.16102,0.07274,141610.1313,72,0
0.331500,1785530208.688233,23.08167,0.01451,912417.0658,15511,22.94509,0.07325,141506.9369,71,0
0.348500,1785530208.705233,23.20494,0.01451,912796.7347,15517,23.03004,0.07325,141547.5363,71,0
0.365500,1785530208.722233,23.10784,0.01451,912497.6768,15512,23.07278,0.07325,141567.9637,71,0
0.382500,1785530208.739233,23.08498,0.01451,912427.2518,15511,23.19552,0.07325,141626.6218,71,0
0.399500,1785530208.756233,23.08065,0.01451,912413.9209,15510,23.07734,0.07325,141570.1418,71,0
0.416500,1785530208.773233,23.09380,0.01451,912454.4119,15511,23.29011,0.07325,141671.8238,71,0
0.433500,1785530208.790233,23.19584,0.01451,912768.7221,15517,23.29457,0.07325,141673.9561,71,0
0.450500,1785530208.807233,23.02791,0.01451,912251.4856,15507,23.06801,0.07274,141565.6831,72,0
0.467500,1785530208.824233,23.00461,0.01451,912179.7017,15507,23.03518,0.07325,141549.9908,71,0
0.484500,1785530208.841233,23.02578,0.01451,912244.9144,15507,23.02114,0.07325,141543.2806,71,0
0.501500,1785530208.858233,23.01158,0.01451,912201.1814,15507,23.00643,0.07325,141536.2537,71,0
0.518500,1785530208.875233,22.91086,0.01452,911890.9649,15502,22.99212,0.07325,141529.4150,71,0
0.535500,1785530208.892233,22.85649,0.01452,911723.4989,15498,22.94497,0.07325,141506.8808,71,0
0.552500,1785530208.909233,22.88394,0.01452,911808.0463,15500,22.93599,0.07325,141502.5893,71,0
0.569500,1785530208.926233,22.95451,0.01452,912025.4137,15504,22.96990,0.07274,141518.7945,72,0
0.586500,1785530208.943233,22.97978,0.01452,912103.2469,15505,22.93617,0.07325,141502.6720,71,0
0.603500,1785530208.960233,22.99622,0.01452,912153.8719,15506,22.84116,0.07325,141457.2700,71,0
0.620500,1785530208.977233,22.86414,0.01452,911747.0506,15499,22.96391,0.07325,141515.9335,71,0
0.637500,1785530208.994233,23.02359,0.01451,912238.1852,15508,22.84616,0.07325,141459.6581,71,0
0.654500,1785530209.011233,23.08104,0.01451,912415.1146,15510,22.84618,0.07325,141459.6686,71,0
0.671500,1785530209.028233,23.02954,0.01451,912256.5006,15508,22.83221,0.07325,141452.9894,71,0
0.688500,1785530209.045233,22.99291,0.01452,912143.6748,15506,23.04930,0.07274,141556.7409,72,0
0.705500,1785530209.062233,22.99569,0.01452,912152.2297,15506,23.19078,0.07325,141624.3563,71,0
0.722500,1785530209.079233,23.01808,0.01451,912221.1911,15507,23.14809,0.07325,141603.9541,71,0
0.739500,1785530209.096233,23.00533,0.01452,912181.9416,15506,23.00675,0.07325,141536.4069,71,0
0.756500,1785530209.113233,23.10400,0.01451,912485.8283,15512,22.95465,0.07325,141511.5039,71,0
0.773500,1785530209.130233,23.09513,0.01451,912458.5089,15511,22.98296,0.07325,141525.0374,71,0
0.790500,1785530209.147233,23.06087,0.01451,912353.0026,15510,22.89309,0.07325,141482.0858,71,0
0.807500,1785530209.164233,23.05513,0.01451,912335.3081,15509,22.82730,0.07325,141450.6463,71,0
0.824500,1785530209.181233,23.04021,0.01451,912289.3606,15508,23.05391,0.07274,141558.9456,72,0
0.841500,1785530209.198233,23.06156,0.01451,912355.1326,15510,23.20483,0.07325,141631.0710,71,0
0.858500,1785530209.215233,23.10249,0.01451,912481.1797,15511,23.28548,0.07325,141669.6144,71,0
0.875500,1785530209.232233,23.08822,0.01451,912437.2441,15511,23.08694,0.07325,141574.7300,71,0
0.892500,1785530209.249233,23.09504,0.01451,912458.2360,15511,23.20985,0.07325,141633.4693,71,0
0.909500,1785530209.266233,23.21214,0.01451,912818.9303,15518,23.07221,0.07325,141567.6870,71,0
0.926500,1785530209.283233,23.07593,0.01451,912399.3766,15510,23.10578,0.07325,141583.7313,71,0
0.943500,1785530209.300233,23.12740,0.01451,912557.9173,15513,23.22201,0.07274,141639.2785,72,0
0.960500,1785530209.317233,23.15554,0.01451,912644.5811,15514,23.17175,0.07325,141615.2621,71,0
0.977500,1785530209.334233,23.14515,0.01451,912612.5924,15514,23.04426,0.07325,141554.3336,71,0
0.994500,1785530209.351233,23.09644,0.01451,912462.5547,15511,22.88368,0.07325,141477.5900,71,0
1.011500,1785530209.368233,23.17217,0.01451,912695.8082,15516,22.91261,0.07325,141491.4147,71,0
1.028500,1785530209.385233,23.18749,0.01451,912743.0103,15516,23.00698,0.07325,141536.5147,71,0
1.045500,1785530209.402233,23.15002,0.01451,912627.5778,15514,22.85998,0.07325,141466.2612,71,0
1.062500,1785530209.419233,23.16637,0.01451,912677.9442,15515,23.02613,0.07274,141545.6660,72,0
1.079500,1785530209.436233,23.09637,0.01451,912462.3563,15511,22.96402,0.07325,141515.9845,71,0
1.096500,1785530209.453233,23.16438,0.01451,912671.8181,15515,22.99678,0.07325,141531.6403,71,0
1.113500,1785530209.470233,23.23515,0.01451,912889.8017,15519,22.94546,0.07325,141507.1161,71,0
1.130500,1785530209.487233,23.14940,0.01451,912625.6870,15514,22.85071,0.07325,141461.8316,71,0
1.147500,1785530209.504233,23.03982,0.01451,912288.1498,15508,23.01128,0.07325,141538.5696,71,0
1.164500,1785530209.521233,23.06731,0.01451,912372.8473,15510,22.95940,0.07325,141513.7746,71,0
1.181500,1785530209.538233,23.04887,0.01451,912316.0497,15509,22.96397,0.07325,141515.9589,71,0
1.198500,1785530209.555233,23.07344,0.01451,912391.7214,15510,23.31481,0.07274,141683.6298,72,0
1.215500,1785530209.572233,22.97790,0.01452,912097.4425,15505,23.20984,0.07325,141633.4648,71,0
1.232500,1785530209.589233,23.17706,0.01451,912710.8840,15515,23.09662,0.07325,141579.3532,71,0
1.249500,1785530209.606233,22.99444,0.01452,912148.3965,15506,23.15293,0.07325,141606.2661,71,0
1.266500,1785530209.623233,23.03201,0.01451,912264.1195,15508,22.96891,0.07325,141518.3222,71,0
1.283500,1785530209.640233,23.09444,0.01451,912456.3945,15511,23.21487,0.07325,141635.8694,71,0
1.300500,1785530209.657233,23.03854,0.01451,912284.2228,15509,23.16756,0.07325,141613.2574,71,0
1.317500,1785530209.674233,22.97171,0.01452,912078.3672,15504,23.08202,0.07274,141572.3759,72,0
1.334500,1785530209.691233,23.02754,0.01451,912250.3391,15508,23.18619,0.07325,141622.1620,71,0
1.351500,1785530209.708233,23.06755,0.01451,912373.5697,15510,23.33757,0.07325,141694.5068,71,0
1.368500,1785530209.725233,23.01398,0.01451,912208.5744,15507,23.11504,0.07325,141588.1556,71,0
1.385500,1785530209.742233,23.04093,0.01451,912291.5901,15508,23.18631,0.07325,141622.2180,71,0
1.402500,1785530209.759233,23.05860,0.01451,912346.0163,15509,23.02547,0.07325,141545.3519,71,0
1.419500,1785530209.776233,23.10343,0.01451,912484.0860,15512,22.82272,0.07325,141448.4573,71,0
1.436500,1785530209.793233,23.14240,0.01451,912604.1163,15514,22.61519,0.07325,141349.2761,71,0
1.453500,1785530209.810233,23.06564,0.01451,912367.6792,15509,22.82118,0.07274,141447.7206,72,0
1.470500,1785530209.827233,23.03558,0.01451,912275.1182,15508,22.92144,0.07325,141495.6338,71,0
1.487500,1785530209.844233,23.14996,0.01451,912627.3918,15514,22.99728,0.07325,141531.8809,71,0
1.504500,1785530209.861233,23.09995,0.01451,912473.3551,15512,23.16230,0.07325,141610.7461,71,0
1.521500,1785530209.878233,23.05422,0.01451,912332.5081,15509,23.03521,0.07325,141550.0065,71,0
1.538500,1785530209.895233,23.13178,0.01451,912571.4204,15513,23.16713,0.07325,141613.0533,71,0
1.555500,1785530209.912233,23.12138,0.01451,912539.3598,15513,22.92590,0.07325,141497.7667,71,0
1.572500,1785530209.929233,23.01295,0.01451,912205.4143,15507,22.93769,0.07274,141503.4010,72,0
1.589500,1785530209.946233,23.06987,0.01451,912380.7054,15510,23.01628,0.07325,141540.9588,71,0
1.606500,1785530209.963233,23.06223,0.01451,912357.1943,15509,23.13386,0.07325,141597.1516,71,0
1.623500,1785530209.980233,23.04434,0.01451,912302.0904,15509,22.94055,0.07325,141504.7680,71,0
1.640500,1785530209.997233,23.05417,0.01451,912332.3717,15509,22.93626,0.07325,141502.7169,71,0
1.657500,1785530210.014233,23.07103,0.01451,912384.2896,15510,22.99255,0.07325,141529.6187,71,0
1.674500,1785530210.031233,23.01922,0.01451,912224.7139,15507,22.93108,0.07325,141500.2419,71,0
1.691500,1785530210.048233,22.99953,0.01452,912164.0750,15506,22.90943,0.07274,141489.8947,72,0
1.708500,1785530210.065233,23.13236,0.01451,912573.1873,15513,22.97831,0.07325,141522.8130,71,0
1.725500,1785530210.082233,23.08633,0.01451,912431.4186,15511,22.94076,0.07325,141504.8656,71,0
1.742500,1785530210.099233,23.08621,0.01451,912431.0466,15511,22.82723,0.07325,141450.6103,71,0
1.759500,1785530210.116233,23.08818,0.01451,912437.1076,15511,22.93612,0.07325,141502.6506,71,0
1.776500,1785530210.133233,23.12340,0.01451,912545.5901,15512,22.87940,0.07325,141475.5434,71,0
1.793500,1785530210.150233,23.16320,0.01451,912668.1747,15515,22.94031,0.07325,141504.6509,71,0
1.810500,1785530210.167233,23.14137,0.01451,912600.9546,15514,22.78946,0.07325,141432.5617,71,0
1.827500,1785530210.184233,23.16388,0.01451,912670.2916,15515,22.81188,0.07274,141443.2723,72,0
1.844500,1785530210.201233,23.13882,0.01451,912593.0902,15513,23.03529,0.07325,141550.0423,71,0
1.861500,1785530210.218233,23.12316,0.01451,912544.8714,15513,22.95900,0.07325,141513.5856,71,0
1.878500,1785530210.235233,23.07020,0.01451,912381.7379,15510,22.84184,0.07325,141457.5914,71,0
1.895500,1785530210.252233,23.09770,0.01451,912466.4394,15511,23.35188,0.07325,141701.3455,71,0
1.912500,1785530210.269233,23.05148,0.01451,912324.0883,15509,22.96862,0.07325,141518.1837,71,0
1.929500,1785530210.286233,23.08918,0.01451,912440.1831,15511,22.88423,0.07325,141477.8499,71,0
1.946500,1785530210.303233,23.11820,0.01451,912529.5844,15512,22.94206,0.07274,141505.4891,72,0
1.963500,1785530210.320233,23.09119,0.01451,912446.3728,15511,23.13426,0.07325,141597.3411,71,0
1.980500,1785530210.337233,23.11193,0.01451,912510.2659,15513,23.20985,0.07325,141633.4700,71,0
1.997500,1785530210.354233,23.09450,0.01451,912456.5929,15511,23.26668,0.07325,141660.6282,71,0
2.014500,1785530210.371233,23.14232,0.01451,912603.8700,15513,23.08713,0.07325,141574.8217,71,0
2.031500,1785530210.388233,23.13256,0.01451,912573.8091,15514,23.19587,0.07325,141626.7853,71,0
2.048500,1785530210.405233,23.15966,0.01451,912657.2913,15514,23.31383,0.07325,141683.1623,71,0
2.065500,1785530210.422233,23.11461,0.01451,912518.5317,15513,23.05866,0.07274,141561.2147,72,0
2.082500,1785530210.439233,23.13296,0.01451,912575.0426,15513,23.57956,0.07325,141810.1581,71,0
2.099500,1785530210.456233,23.09173,0.01451,912448.0407,15511,22.86049,0.07325,141466.5063,71,0
2.116500,1785530210.473233,23.02977,0.01451,912257.1983,15508,23.13421,0.07325,141597.3208,71,0
2.133500,1785530210.490233,23.07229,0.01451,912388.1823,15510,23.06807,0.07325,141565.7123,71,0
2.150500,1785530210.507233,23.05429,0.01451,912332.7438,15509,23.10122,0.07325,141581.5522,71,0
2.167500,1785530210.524233,23.04664,0.01451,912309.1706,15508,23.20952,0.07325,141633.3115,71,0
2.184500,1785530210.541233,23.04304,0.01451,912298.0689,15509,23.33769,0.07325,141694.5627,71,0
2.201500,1785530210.558233,22.99072,0.01452,912136.9388,15506,23.23131,0.07274,141643.7268,72,0
2.218500,1785530210.575233,23.03385,0.01451,912269.7897,15507,23.25228,0.07325,141653.7441,71,0
2.235500,1785530210.592233,22.91207,0.01452,911894.6781,15502,22.93112,0.07325,141500.2625,71,0
2.252500,1785530210.609233,22.97549,0.01452,912090.0113,15505,22.94979,0.07325,141509.1821,71,0
2.269500,1785530210.626233,23.00955,0.01451,912194.9172,15507,22.96398,0.07325,141515.9641,71,0
2.286500,1785530210.643233,23.07167,0.01451,912386.2786,15510,22.85081,0.07325,141461.8778,71,0
2.303500,1785530210.660233,23.09674,0.01451,912463.4755,15511,22.92662,0.07325,141498.1088,71,0
2.320500,1785530210.677233,23.08536,0.01451,912428.4206,15511,23.02635,0.07274,141545.7712,72,0
2.337500,1785530210.694233,23.07507,0.01451,912396.7256,15510,23.21013,0.07325,141633.6036,71,0
2.354500,1785530210.711233,23.06433,0.01451,912363.6452,15509,23.22386,0.07325,141640.1647,71,0
2.371500,1785530210.728233,22.91882,0.01452,911915.4885,15502,22.95009,0.07325,141509.3244,71,0
2.388500,1785530210.745233,22.95783,0.01452,912035.6136,15504,22.94955,0.07325,141509.0700,71,0
2.405500,1785530210.762233,23.02503,0.01451,912242.5946,15508,22.99226,0.07325,141529.4816,71,0
2.422500,1785530210.779233,23.06654,0.01451,912370.4723,15510,23.03518,0.07325,141549.9909,71,0
2.439500,1785530210.796233,23.04813,0.01451,912313.7630,15508,23.01708,0.07274,141541.3398,72,0
2.456500,1785530210.813233,23.01711,0.01451,912218.2295,15507,22.89794,0.07325,141484.4025,71,0
2.473500,1785530210.830233,23.07165,0.01451,912386.1933,15510,23.09627,0.07325,141579.1896,71,0
2.490500,1785530210.847233,23.08467,0.01451,912426.2938,15511,22.90756,0.07325,141488.9995,71,0
2.507500,1785530210.864233,23.04617,0.01451,912307.7306,15509,22.91240,0.07325,141491.3118,71,0
2.524500,1785530210.881233,23.09228,0.01451,912449.7459,15511,22.94993,0.07325,141509.2482,71,0
2.541500,1785530210.898233,23.04480,0.01451,912303.5053,15508,22.87894,0.07325,141475.3243,71,0
2.558500,1785530210.915233,23.00299,0.01451,912174.7198,15507,22.81780,0.07325,141446.1041,71,0
2.575500,1785530210.932233,23.08650,0.01451,912431.9316,15510,23.16078,0.07274,141610.0158,72,0
2.592500,1785530210.949233,23.11416,0.01451,912517.1290,15513,23.12006,0.07325,141590.5591,71,0
2.609500,1785530210.966233,23.10283,0.01451,912482.2245,15511,23.29012,0.07325,141671.8287,71,0
2.626500,1785530210.983233,23.04772,0.01451,912312.5088,15509,23.29974,0.07325,141676.4272,71,0
2.643500,1785530211.000233,23.05775,0.01451,912343.3776,15509,23.00206,0.07325,141534.1615,71,0
2.660500,1785530211.017233,23.07714,0.01451,912403.0975,15511,23.03974,0.07325,141552.1694,71,0
2.677500,1785530211.034233,23.12421,0.01451,912548.1043,15512,22.88420,0.07325,141477.8354,71,0
2.694500,1785530211.051233,23.06755,0.01451,912373.5697,15510,22.95125,0.07274,141509.8821,72,0
2.711500,1785530211.068233,23.12593,0.01451,912553.4007,15513,22.85089,0.07325,141461.9194,71,0
2.728500,1785530211.085233,23.05431,0.01451,912332.7934,15509,22.84129,0.07325,141457.3311,71,0
2.745500,1785530211.102233,23.02027,0.01451,912227.9515,15507,22.94985,0.07325,141509.2130,71,0
2.762500,1785530211.119233,22.99182,0.01452,912140.3348,15506,22.91199,0.07325,141491.1178,71,0
2.779500,1785530211.136233,23.09257,0.01451,912450.6419,15511,22.95457,0.07325,141511.4683,71,0
2.796500,1785530211.153233,23.11579,0.01451,912522.1643,15512,23.16739,0.07325,141613.1756,71,0
2.813500,1785530211.170233,23.07967,0.01451,912410.9056,15511,23.21245,0.07274,141634.7089,72,0
2.830500,1785530211.187233,23.06056,0.01451,912352.0409,15509,23.37071,0.07325,141710.3462,71,0
2.847500,1785530211.204233,23.08048,0.01451,912413.3951,15511,23.06332,0.07325,141563.4419,71,0
2.864500,1785530211.221233,23.14841,0.01451,912622.6229,15514,23.26171,0.07325,141658.2548,71,0
2.881500,1785530211.238233,23.14740,0.01451,912619.5279,15514,23.03978,0.07325,141552.1899,71,0
2.898500,1785530211.255233,23.08221,0.01451,912418.7390,15510,23.24275,0.07325,141649.1914,71,0
2.915500,1785530211.272233,23.07532,0.01451,912397.4977,15510,23.24762,0.07325,141651.5191,71,0
2.932500,1785530211.289233,23.07910,0.01451,912409.1508,15511,23.15796,0.07325,141608.6694,71,0
2.949500,1785530211.306233,22.99369,0.01452,912146.0783,15506,23.12405,0.07274,141592.4646,72,0
2.966500,1785530211.323233,23.02858,0.01451,912253.5292,15507,22.96389,0.07325,141515.9232,71,0
2.983500,1785530211.340233,23.04329,0.01451,912298.8409,15509,22.92645,0.07325,141498.0269,71,0
3.000500,1785530211.357233,22.99109,0.01452,912138.0739,15506,23.19544,0.07325,141626.5807,71,0
3.017500,1785530211.374233,22.98307,0.01452,912113.3811,15505,23.14837,0.07325,141604.0869,71,0
3.034500,1785530211.391233,23.00701,0.01452,912187.0974,15506,23.26202,0.07325,141658.4027,71,0
3.051500,1785530211.408233,23.02183,0.01451,912232.7462,15508,23.26175,0.07325,141658.2707,71,0
3.068500,1785530211.425233,22.93362,0.01452,911961.0560,15503,23.10037,0.07274,141581.1468,72,0
3.085500,1785530211.442233,22.90810,0.01452,911882.4499,15501,22.77020,0.07325,141423.3557,71,0
3.102500,1785530211.459233,22.98540,0.01452,912120.5315,15505,23.25725,0.07325,141656.1220,71,0
3.119500,1785530211.476233,23.01471,0.01451,912210.8335,15507,23.37097,0.07325,141710.4695,71,0
3.136500,1785530211.493233,23.02148,0.01451,912231.6718,15508,22.89818,0.07325,141484.5196,71,0
3.153500,1785530211.510233,23.05684,0.01451,912340.5900,15509,23.16738,0.07325,141613.1703,71,0
3.170500,1785530211.527233,23.11955,0.01451,912533.7246,15512,23.17228,0.07325,141615.5128,71,0
3.187500,1785530211.544233,23.11263,0.01451,912512.4161,15512,23.11015,0.07274,141585.8209,72,0
3.204500,1785530211.561233,23.14433,0.01451,912610.0537,15514,22.91199,0.07325,141491.1176,71,0
3.221500,1785530211.578233,23.13720,0.01451,912588.1126,15514,22.81316,0.07325,141443.8855,71,0
3.238500,1785530211.595233,23.17855,0.01451,912715.4666,15515,22.99242,0.07325,141529.5584,71,0
3.255500,1785530211.612233,23.10383,0.01451,912485.3074,15512,23.04453,0.07325,141554.4610,71,0
3.272500,1785530211.629233,23.09230,0.01451,912449.7955,15511,22.90287,0.07325,141486.7591,71,0
3.289500,1785530211.646233,23.07486,0.01451,912396.0900,15510,22.83664,0.07325,141455.1065,71,0
3.306500,1785530211.663233,23.13657,0.01451,912586.1676,15514,22.91209,0.07325,141491.1641,71,0
3.323500,1785530211.680233,23.10636,0.01451,912493.1119,15512,23.09163,0.07274,141576.9709,72,0
3.340500,1785530211.697233,23.12734,0.01451,912557.7239,15512,22.88381,0.07325,141477.6510,71,0
3.357500,1785530211.714233,23.14802,0.01451,912621.4311,15514,23.17169,0.07325,141615.2314,71,0
3.374500,1785530211.731233,23.09162,0.01451,912447.7251,15512,23.17642,0.07325,141617.4920,71,0
3.391500,1785530211.748233,23.13756,0.01451,912589.2215,15513,23.20021,0.07325,141628.8619,71,0
3.408500,1785530211.765233,23.08775,0.01451,912435.8024,15511,23.12000,0.07325,141590.5280,71,0
3.425500,1785530211.782233,23.10984,0.01451,912503.8289,15512,23.05855,0.07325,141561.1605,71,0
3.442500,1785530211.799233,23.05916,0.01451,912347.7201,15509,23.26356,0.07274,141659.1390,72,0
3.459500,1785530211.816233,23.08345,0.01451,912422.5456,15511,23.08693,0.07325,141574.7250,71,0
3.476500,1785530211.833233,23.10398,0.01451,912485.7960,15511,23.23816,0.07325,141646.9981,71,0
3.493500,1785530211.850233,23.11008,0.01451,912504.5838,15512,23.30920,0.07325,141680.9482,71,0
3.510500,1785530211.867233,23.13310,0.01451,912575.4720,15514,23.17199,0.07325,141615.3752,71,0
3.527500,1785530211.884233,23.05228,0.01451,912326.5285,15509,22.92608,0.07325,141497.8537,71,0
3.544500,1785530211.901233,23.03013,0.01451,912258.3204,15507,23.08703,0.07325,141574.7710,71,0
3.561500,1785530211.918233,23.06569,0.01451,912367.8307,15510,22.98864,0.07274,141527.7514,72,0
3.578500,1785530211.935233,23.12344,0.01451,912545.7177,15513,23.01136,0.07325,141538.6059,71,0
3.595500,1785530211.952233,23.02686,0.01451,912248.2341,15507,23.06326,0.07325,141563.4114,71,0
3.612500,1785530211.969233,23.05352,0.01451,912330.3656,15509,22.77062,0.07325,141423.5551,71,0
3.629500,1785530211.986233,23.10259,0.01451,912481.4928,15512,22.78967,0.07325,141432.6580,71,0
3.646500,1785530212.003233,23.07041,0.01451,912382.3859,15510,23.09160,0.07325,141576.9545,71,0
3.663500,1785530212.020233,23.15337,0.01451,912637.9183,15514,23.01608,0.07325,141540.8616,71,0
3.680500,1785530212.037233,23.04360,0.01451,912299.7990,15509,23.00196,0.07325,141534.1161,71,0
3.697500,1785530212.054233,23.00965,0.01451,912195.2428,15507,23.07705,0.07274,141570.0007,72,0
3.714500,1785530212.071233,23.06007,0.01451,912350.5494,15509,23.10083,0.07325,141581.3684,71,0
3.731500,1785530212.088233,23.04349,0.01451,912299.4571,15508,22.99749,0.07325,141531.9818,71,0
3.748500,1785530212.105233,23.06438,0.01451,912363.8124,15510,22.88376,0.07325,141477.6257,71,0
3.765500,1785530212.122233,23.08554,0.01451,912428.9896,15511,22.82701,0.07325,141450.5033,71,0
3.782500,1785530212.139233,23.10398,0.01451,912485.7960,15511,22.83212,0.07325,141452.9477,71,0
3.799500,1785530212.156233,23.17398,0.01451,912701.3714,15516,23.18609,0.07325,141622.1157,71,0
3.816500,1785530212.173233,23.10912,0.01451,912501.5999,15512,23.09627,0.07274,141579.1890,72,0
3.833500,1785530212.190233,23.07941,0.01451,912410.1089,15510,23.03004,0.07325,141547.5358,71,0
3.850500,1785530212.207233,23.09696,0.01451,912464.1649,15512,22.86023,0.07325,141466.3793,71,0
3.867500,1785530212.224233,23.10803,0.01451,912498.2700,15511,22.95939,0.07325,141513.7703,71,0
3.884500,1785530212.241233,23.13714,0.01451,912587.9096,15514,23.03518,0.07325,141549.9909,71,0
3.901500,1785530212.258233,23.09684,0.01451,912463.8010,15511,23.03041,0.07325,141547.7146,71,0
3.918500,1785530212.275233,23.10656,0.01451,912493.7180,15512,23.10565,0.07325,141583.6697,71,0
3.935500,1785530212.292233,23.12633,0.01451,912554.6299,15513,23.22673,0.07274,141641.5378,72,0
3.952500,1785530212.309233,23.12797,0.01451,912559.6842,15513,23.13922,0.07325,141599.7140,71,0
3.969500,1785530212.326233,23.14933,0.01451,912625.4762,15514,22.89322,0.07325,141482.1467,71,0
3.986500,1785530212.343233,23.07640,0.01451,912400.8338,15510,22.94067,0.07325,141504.8246,71,0
4.003500,1785530212.360233,23.11334,0.01451,912514.6048,15512,23.00648,0.07325,141536.2740,71,0
4.020500,1785530212.377233,23.04809,0.01451,912313.6203,15509,22.91201,0.07325,141491.1274,71,0
4.037500,1785530212.394233,23.05563,0.01451,912336.8646,15509,23.12486,0.07325,141592.8510,71,0
4.054500,1785530212.411233,23.07225,0.01451,912388.0474,15510,23.04430,0.07325,141554.3486,71,0
4.071500,1785530212.428233,23.06960,0.01451,912379.8947,15510,23.05374,0.07274,141558.8598,72,0
4.088500,1785530212.445233,23.09279,0.01451,912451.3240,15511,22.95445,0.07325,141511.4123,71,0
4.105500,1785530212.462233,23.11583,0.01451,912522.2686,15513,22.84576,0.07325,141459.4642,71,0
4.122500,1785530212.479233,23.11834,0.01451,912530.0169,15512,22.77069,0.07325,141423.5904,71,0
4.139500,1785530212.496233,23.08873,0.01451,912438.8252,15511,22.88852,0.07325,141479.9014,71,0
4.156500,1785530212.513233,23.06959,0.01451,912379.8668,15510,22.96418,0.07325,141516.0611,71,0
4.173500,1785530212.530233,23.09528,0.01451,912458.9956,15511,22.94494,0.07325,141506.8650,71,0
4.190500,1785530212.547233,23.13078,0.01451,912568.3159,15513,23.06396,0.07274,141563.7471,72,0
4.207500,1785530212.564233,23.14907,0.01451,912624.6548,15514,23.01130,0.07325,141538.5805,71,0
4.224500,1785530212.581233,23.09085,0.01451,912445.3280,15511,22.85074,0.07325,141461.8472,71,0
4.241500,1785530212.598233,23.05668,0.01451,912340.1017,15509,22.90260,0.07325,141486.6327,71,0
4.258500,1785530212.615233,23.06980,0.01451,912380.5024,15510,22.81777,0.07325,141446.0890,71,0
4.275500,1785530212.632233,23.08028,0.01451,912412.7750,15511,22.82244,0.07325,141448.3193,71,0
4.292500,1785530212.649233,23.11110,0.01451,912507.7226,15512,22.79874,0.07325,141436.9963,71,0
4.309500,1785530212.666233,23.15229,0.01451,912634.5753,15514,22.92335,0.07274,141496.5474,72,0
4.326500,1785530212.683233,23.14388,0.01451,912608.6713,15514,22.95921,0.07325,141513.6830,71,0
4.343500,1785530212.700233,23.11799,0.01451,912528.9225,15512,22.90275,0.07325,141486.7035,71,0
4.360500,1785530212.717233,23.18456,0.01451,912733.9620,15516,22.86511,0.07325,141468.7156,71,0
4.377500,1785530212.734233,23.08688,0.01451,912433.1144,15511,22.89794,0.07325,141484.4019,71,0
4.394500,1785530212.751233,23.05098,0.01451,912322.5224,15509,22.89310,0.07325,141482.0906,71,0
4.411500,1785530212.768233,23.08505,0.01451,912427.4874,15511,22.89815,0.07325,141484.5040,71,0
4.428500,1785530212.785233,23.07237,0.01451,912388.4225,15510,22.93583,0.07325,141502.5126,71,0
4.445500,1785530212.802233,23.01417,0.01451,912209.1605,15507,22.88181,0.07274,141476.6958,72,0
4.462500,1785530212.819233,23.04339,0.01451,912299.1718,15508,22.89305,0.07325,141482.0651,71,0
4.479500,1785530212.836233,23.03996,0.01451,912288.5885,15508,22.80378,0.07325,141439.4047,71,0
4.496500,1785530212.853233,23.07365,0.01451,912392.3694,15510,22.92650,0.07325,141498.0531,71,0
4.513500,1785530212.870233,23.08431,0.01451,912425.2041,15511,23.03487,0.07325,141549.8418,71,0
4.530500,1785530212.887233,23.08950,0.01451,912441.1907,15511,22.95938,0.07325,141513.7648,71,0
4.547500,1785530212.904233,23.06906,0.01451,912378.2157,15510,23.18661,0.07325,141622.3617,71,0
4.564500,1785530212.921233,22.97113,0.01452,912076.6068,15505,23.05416,0.07274,141559.0614,72,0
4.581500,1785530212.938233,23.01186,0.01452,912202.0518,15506,22.87905,0.07325,141475.3753,71,0
4.598500,1785530212.955233,22.98507,0.01452,912119.5298,15506,23.02109,0.07325,141543.2599,71,0
4.615500,1785530212.972233,23.03305,0.01451,912267.3072,15508,22.89779,0.07325,141484.3307,71,0
4.632500,1785530212.989233,22.98299,0.01452,912113.1345,15505,22.87427,0.07325,141473.0892,71,0
4.649500,1785530213.006233,22.95785,0.01452,912035.7035,15504,22.84614,0.07325,141459.6485,71,0
4.666500,1785530213.023233,23.00353,0.01452,912176.3980,15506,23.11074,0.07325,141586.1041,71,0
4.683500,1785530213.040233,23.01434,0.01451,912209.6737,15507,23.12845,0.07274,141594.5675,72,0
4.700500,1785530213.057233,23.03087,0.01451,912260.5844,15508,22.96451,0.07325,141516.2190,71,0
4.717500,1785530213.074233,23.00317,0.01451,912175.2811,15507,22.91692,0.07325,141493.4751,71,0
4.734500,1785530213.091233,23.02583,0.01451,912245.0632,15507,22.91665,0.07325,141493.3476,71,0
4.751500,1785530213.108233,22.98729,0.01452,912126.3774,15506,22.99224,0.07325,141529.4714,71,0
4.768500,1785530213.125233,23.07682,0.01451,912402.1391,15510,22.90743,0.07325,141488.9389,71,0
4.785500,1785530213.142233,23.04986,0.01451,912319.0744,15509,23.01581,0.07325,141540.7335,71,0
4.802500,1785530213.159233,23.07945,0.01451,912410.2329,15510,23.38044,0.07325,141714.9963,71,0
4.819500,1785530213.176233,23.08062,0.01451,912413.8322,15511,23.28243,0.07274,141668.1569,72,0
4.836500,1785530213.193233,23.10508,0.01451,912489.1691,15511,23.05375,0.07325,141558.8647,71,0
4.853500,1785530213.210233,23.09802,0.01451,912467.4184,15512,23.07775,0.07325,141570.3364,71,0
4.870500,1785530213.227233,23.09821,0.01451,912468.0159,15511,23.23358,0.07325,141644.8087,71,0
4.887500,1785530213.244233,23.06346,0.01451,912360.9848,15510,23.07754,0.07325,141570.2345,71,0
4.904500,1785530213.261233,23.16949,0.01451,912687.5496,15515,22.97511,0.08479,141521.2862,53,0
6.621888,1785530214.978621,23.05506,0.01408,912335.0896,15510,23.00674,0.07263,141536.4014,71,1
6.638888,1785530214.995621,23.12831,0.01408,912560.7341,15512,23.00160,0.07263,141533.9417,71,1
6.655888,1785530215.012621,23.15889,0.01408,912654.8949,15515,22.79908,0.07263,141437.1595,71,1
6.672888,1785530215.029621,23.13952,0.01408,912595.2543,15514,22.94516,0.07263,141506.9682,71,1
6.689888,1785530215.046621,23.07810,0.01408,912406.0829,15510,22.96367,0.07263,141515.8160,71,1
6.706888,1785530215.063621,23.05954,0.01408,912348.8906,15509,22.81647,0.07212,141445.4671,72,1
6.723888,1785530215.080621,23.11837,0.01408,912530.0959,15513,23.03509,0.07263,141549.9499,71,1
6.740888,1785530215.097621,23.03273,0.01408,912266.3366,15508,22.89810,0.07263,141484.4789,71,1
6.757888,1785530215.114621,23.07148,0.01408,912385.6802,15510,22.92618,0.07263,141497.8996,71,1
6.774888,1785530215.131621,23.05406,0.01408,912332.0213,15509,23.37522,0.07263,141712.4993,71,1
6.791888,1785530215.148621,23.10357,0.01408,912484.5032,15511,23.19581,0.07263,141626.7603,71,1
6.808888,1785530215.165621,23.07223,0.01408,912387.9962,15510,23.07745,0.07263,141570.1930,71,1
6.825888,1785530215.182621,23.10814,0.01408,912498.5975,15512,22.88833,0.07263,141479.8095,71,1
6.842888,1785530215.199621,23.14377,0.01408,912608.3241,15514,22.89074,0.07212,141480.9631,72,1
6.859888,1785530215.216621,23.17595,0.01408,912707.4429,15516,23.01613,0.07263,141540.8868,71,1
6.876888,1785530215.233621,23.16780,0.01408,912682.3486,15515,23.25274,0.07263,141653.9642,71,1
6.893888,1785530215.250621,23.09448,0.01408,912456.5139,15511,23.06308,0.07263,141563.3246,71,1
6.910888,1785530215.267621,23.08562,0.01408,912429.2298,15511,22.97842,0.07263,141522.8636,71,1
6.927888,1785530215.284621,23.08332,0.01408,912422.1574,15510,23.27583,0.07263,141665.0011,71,1
6.944888,1785530215.301621,23.07619,0.01408,912400.1734,15510,23.13875,0.07263,141599.4894,71,1
6.961888,1785530215.318621,23.03284,0.01408,912266.6513,15508,23.29634,0.07212,141674.8042,72,1
6.978888,1785530215.335621,23.06067,0.01408,912352.3903,15510,22.99702,0.07263,141531.7526,71,1
6.995888,1785530215.352621,23.22806,0.01408,912867.9716,15518,22.87941,0.07263,141475.5487,71,1
7.012888,1785530215.369621,23.19477,0.01408,912765.4104,15516,23.15817,0.07263,141608.7722,71,1
7.029888,1785530215.386621,23.11225,0.01408,912511.2486,15513,23.07256,0.07263,141567.8561,71,1
7.046888,1785530215.403621,23.10819,0.01408,912498.7587,15512,22.78504,0.07263,141430.4486,71,1
7.063888,1785530215.420621,23.14456,0.01408,912610.7688,15513,23.32846,0.07263,141690.1552,71,1
7.080888,1785530215.437621,23.12758,0.01408,912558.4738,15513,23.24058,0.07212,141648.1539,72,1
7.097888,1785530215.454621,23.06930,0.01408,912378.9707,15510,23.16701,0.07263,141612.9966,71,1
7.114888,1785530215.471621,23.12843,0.01408,912561.0885,15513,23.17692,0.07263,141617.7325,71,1
7.131888,1785530215.488621,23.11399,0.01408,912516.6106,15512,23.04884,0.07263,141556.5225,71,1
7.148888,1785530215.505621,23.15654,0.01408,912647.6623,15515,23.01142,0.07263,141538.6368,71,1
7.165888,1785530215.522621,23.19385,0.01408,912762.5746,15516,23.13422,0.07263,141597.3261,71,1
7.182888,1785530215.539621,23.20230,0.01408,912788.6073,15517,23.17664,0.07263,141617.5949,71,1
7.199888,1785530215.556621,23.15979,0.01408,912657.6674,15515,23.35665,0.07263,141703.6263,71,1
7.216888,1785530215.573621,23.16130,0.01408,912662.3244,15515,23.29157,0.07212,141672.5243,72,1
7.233888,1785530215.590621,23.15270,0.01408,912635.8415,15514,23.16750,0.07263,141613.2273,71,1
7.250888,1785530215.607621,23.12537,0.01408,912551.6788,15513,23.39923,0.07263,141723.9767,71,1
7.267888,1785530215.624621,23.14731,0.01408,912619.2381,15514,23.06800,0.07263,141565.6774,71,1
7.284888,1785530215.641621,23.11279,0.01408,912512.9292,15512,22.93099,0.07263,141500.2009,71,1
7.301888,1785530215.658621,23.09477,0.01408,912457.4129,15511,22.97834,0.07263,141522.8277,71,1
7.318888,1785530215.675621,23.12019,0.01408,912535.7221,15513,22.89822,0.07263,141484.5352,71,1
7.335888,1785530215.692621,23.15267,0.01408,912635.7547,15514,23.20300,0.07212,141630.1943,72,1
7.352888,1785530215.709621,23.13701,0.01408,912587.5289,15513,23.17657,0.07263,141617.5642,71,1
7.369888,1785530215.726621,23.03100,0.01408,912260.9844,15508,23.21468,0.07263,141635.7771,71,1
7.386888,1785530215.743621,23.05240,0.01408,912326.9176,15509,22.90746,0.07263,141488.9541,71,1
7.403888,1785530215.760621,23.04903,0.01408,912316.5179,15509,22.97355,0.07263,141520.5372,71,1
7.420888,1785530215.777621,23.15637,0.01408,912647.1445,15514,23.00650,0.07263,141536.2838,71,1
7.437888,1785530215.794621,23.11973,0.01408,912534.2900,15513,23.05380,0.07263,141558.8902,71,1
7.454888,1785530215.811621,23.10253,0.01408,912481.3037,15511,23.23101,0.07212,141643.5797,72,1
7.471888,1785530215.828621,23.28420,0.01408,913040.8722,15522,23.09178,0.07263,141577.0420,71,1
7.488888,1785530215.845621,23.06363,0.01408,912361.5011,15509,23.03940,0.07263,141552.0111,71,1
7.505888,1785530215.862621,23.19265,0.01408,912758.9041,15517,23.06790,0.07263,141565.6308,71,1
7.522888,1785530215.879621,23.17439,0.01408,912702.6611,15515,23.10096,0.07263,141581.4300,71,1
7.539888,1785530215.896621,23.11796,0.01408,912528.8559,15512,23.13416,0.07263,141597.2954,71,1
7.556888,1785530215.913621,23.12708,0.01408,912556.9346,15513,23.25270,0.07263,141653.9449,71,1
7.573888,1785530215.930621,23.10563,0.01408,912490.8675,15512,23.12018,0.07263,141590.6148,71,1
7.590888,1785530215.947621,23.10332,0.01408,912483.7636,15512,22.91428,0.07212,141492.2147,72,1
7.607888,1785530215.964621,23.13518,0.01408,912581.8732,15513,23.07761,0.07263,141570.2702,71,1
7.624888,1785530215.981621,23.18030,0.01408,912720.8613,15516,23.20503,0.07263,141631.1636,71,1
7.641888,1785530215.998621,23.11157,0.01408,912509.1672,15512,22.93586,0.07263,141502.5282,71,1
7.658888,1785530216.015621,23.13146,0.01408,912570.4099,15513,22.97381,0.07263,141520.6644,71,1
7.675888,1785530216.032621,23.16174,0.01408,912663.6943,15515,23.04888,0.07263,141556.5377,71,1
7.692888,1785530216.049621,23.17885,0.01408,912716.3782,15516,22.92135,0.07263,141495.5930,71,1
7.709888,1785530216.066621,23.17785,0.01408,912713.2985,15515,23.09598,0.07212,141579.0481,72,1
7.726888,1785530216.083621,23.14744,0.01408,912619.6395,15514,22.82222,0.07263,141448.2172,71,1
7.743888,1785530216.100621,23.11844,0.01408,912530.3315,15513,23.07270,0.07263,141567.9224,71,1
7.760888,1785530216.117621,23.18706,0.01408,912741.6761,15516,22.98276,0.07263,141524.9400,71,1
7.777888,1785530216.134621,23.19674,0.01408,912771.4865,15516,22.95013,0.07263,141509.3467,71,1
7.794888,1785530216.151621,23.19732,0.01408,912773.2622,15517,23.04929,0.07263,141556.7372,71,1
7.811888,1785530216.168621,23.12786,0.01408,912559.3448,15513,23.07277,0.07263,141567.9583,71,1
7.828888,1785530216.185621,23.01225,0.01408,912203.2343,15507,23.05387,0.07212,141558.9253,72,1
7.845888,1785530216.202621,23.05419,0.01408,912332.4337,15509,23.35191,0.07263,141701.3607,71,1
7.862888,1785530216.219621,23.09477,0.01408,912457.4129,15511,23.14825,0.07263,141604.0310,71,1
7.879888,1785530216.236621,23.13855,0.01408,912592.2569,15514,23.28540,0.07263,141669.5734,71,1
7.896888,1785530216.253621,23.02729,0.01408,912249.5567,15507,23.28526,0.07263,141669.5066,71,1
7.913888,1785530216.270621,23.02740,0.01408,912249.9004,15508,22.96412,0.07263,141516.0306,71,1
7.930888,1785530216.287621,23.05232,0.01408,912326.6695,15509,23.03508,0.07263,141549.9453,71,1
7.947888,1785530216.304621,22.98790,0.01408,912128.2387,15505,22.90292,0.07263,141486.7859,71,1
7.964888,1785530216.321621,22.96904,0.01408,912070.1463,15505,23.11468,0.07212,141587.9863,72,1
7.981888,1785530216.338621,22.97325,0.01408,912083.1338,15505,23.25732,0.07263,141656.1529,71,1
7.998888,1785530216.355621,23.07587,0.01408,912399.1905,15510,22.99738,0.07263,141531.9260,71,1
8.015888,1785530216.372621,23.07975,0.01408,912411.1537,15510,23.11988,0.07263,141590.4726,71,1
8.032888,1785530216.389621,23.11424,0.01408,912517.3755,15513,23.00671,0.07263,141536.3864,71,1
8.049888,1785530216.406621,23.11177,0.01408,912509.7780,15512,22.95927,0.07263,141513.7131,71,1
8.066888,1785530216.423621,23.10954,0.01408,912502.9036,15512,23.18633,0.07263,141622.2281,71,1
8.083888,1785530216.440621,23.12649,0.01408,912555.1011,15513,22.95591,0.07212,141512.1066,72,1
8.100888,1785530216.457621,23.15571,0.01408,912645.1266,15514,22.96868,0.07263,141518.2095,71,1
8.117888,1785530216.474621,23.10968,0.01408,912503.3407,15512,22.93122,0.07263,141500.3081,71,1
8.134888,1785530216.491621,23.11555,0.01408,912521.4172,15512,23.00196,0.07263,141534.1156,71,1
8.151888,1785530216.508621,23.01346,0.01408,912206.9835,15507,22.93120,0.07263,141500.2976,71,1
8.168888,1785530216.525621,23.09305,0.01408,912452.1084,15511,22.93573,0.07263,141502.4617,71,1
8.185888,1785530216.542621,23.07452,0.01408,912395.0452,15510,23.02063,0.07263,141543.0406,71,1
8.202888,1785530216.559621,23.04321,0.01408,912298.6053,15509,22.95000,0.07263,141509.2845,71,1
8.219888,1785530216.576621,23.18507,0.01408,912735.5302,15516,22.98855,0.07212,141527.7061,72,1
8.236888,1785530216.593621,23.14938,0.01408,912625.6250,15514,22.97809,0.07263,141522.7101,71,1
8.253888,1785530216.610621,23.13827,0.01408,912591.3858,15514,22.90737,0.07263,141488.9082,71,1
8.270888,1785530216.627621,23.10890,0.01408,912500.9440,15511,22.83658,0.07263,141455.0803,71,1
8.287888,1785530216.644621,23.12671,0.01408,912555.7877,15513,23.04423,0.07263,141554.3177,71,1
8.304888,1785530216.661621,23.15124,0.01408,912631.3559,15515,23.19608,0.07263,141626.8878,71,1
8.321888,1785530216.678621,23.08856,0.01408,912438.2830,15510,23.01138,0.07263,141538.6159,71,1
8.338888,1785530216.695621,23.08605,0.01408,912430.5459,15511,23.00740,0.07212,141536.7136,72,1
8.355888,1785530216.712621,23.02170,0.01408,912232.3462,15508,22.79902,0.07263,141437.1293,71,1
8.372888,1785530216.729621,23.11017,0.01408,912504.8442,15512,22.95446,0.07263,141511.4170,71,1
8.389888,1785530216.746621,23.11049,0.01408,912505.8440,15512,23.17696,0.07263,141617.7481,71,1
8.406888,1785530216.763621,23.05195,0.01408,912325.5278,15508,22.99284,0.07263,141529.7577,71,1
8.423888,1785530216.780621,23.08352,0.01408,912422.7673,15511,23.12964,0.07263,141595.1369,71,1
8.440888,1785530216.797621,23.09730,0.01408,912465.2179,15511,23.04467,0.07263,141554.5274,71,1
8.457888,1785530216.814621,23.08654,0.01408,912432.0542,15511,23.24958,0.07212,141652.4561,72,1
8.474888,1785530216.831621,23.06946,0.01408,912379.4699,15510,23.19571,0.07263,141626.7089,71,1
8.491888,1785530216.848621,23.06741,0.01408,912373.1558,15510,23.25199,0.07263,141653.6054,71,1
8.508888,1785530216.865621,23.10807,0.01408,912498.3789,15512,23.15283,0.07263,141606.2199,71,1
8.525888,1785530216.882621,23.12018,0.01408,912535.6777,15512,23.14373,0.07263,141601.8680,71,1
8.542888,1785530216.899621,23.15884,0.01408,912654.7446,15515,23.29980,0.07263,141676.4575,71,1
8.559888,1785530216.916621,23.15136,0.01408,912631.7097,15514,23.08687,0.07263,141574.6937,71,1
8.576888,1785530216.933621,23.27164,0.01408,913002.1874,15521,23.07265,0.07263,141567.9016,71,1
8.593888,1785530216.950621,23.12787,0.01408,912559.3494,15513,22.98445,0.07212,141525.7487,72,1
8.610888,1785530216.967621,23.18123,0.01408,912723.7050,15515,22.77991,0.07263,141427.9941,71,1
8.627888,1785530216.984621,23.16064,0.01408,912660.3051,15515,22.96846,0.07263,141518.1071,71,1
8.644888,1785530217.001621,23.02097,0.01408,912230.0912,15507,22.99249,0.07263,141529.5892,71,1
8.661888,1785530217.018621,23.18239,0.01408,912727.2830,15516,22.89297,0.07263,141482.0293,71,1
8.678888,1785530217.035621,23.15904,0.01408,912655.3691,15515,22.94505,0.07263,141506.9164,71,1
8.695888,1785530217.052621,23.10465,0.01408,912487.8542,15512,22.92144,0.07263,141495.6338,71,1
8.712888,1785530217.069621,23.13099,0.01408,912568.9684,15513,23.05890,0.07212,141561.3273,72,1
8.729888,1785530217.086621,23.16910,0.01408,912686.3562,15515,23.11980,0.07263,141590.4310,71,1
8.746888,1785530217.103621,23.15156,0.01408,912632.3203,15514,22.92620,0.07263,141497.9097,71,1
8.763888,1785530217.120621,23.11765,0.01408,912527.8871,15512,22.72797,0.07263,141403.1736,71,1
8.780888,1785530217.137621,23.08231,0.01408,912419.0345,15511,22.86515,0.07263,141468.7310,71,1
8.797888,1785530217.154621,23.10753,0.01408,912496.7065,15512,23.04890,0.07263,141556.5475,71,1
8.814888,1785530217.171621,23.18559,0.01408,912737.1480,15516,22.81334,0.07263,141443.9716,71,1
8.831888,1785530217.188621,23.14352,0.01408,912607.5647,15514,23.09139,0.07212,141576.8557,72,1
8.848888,1785530217.205621,23.13206,0.01408,912572.2667,15513,22.88398,0.07263,141477.7328,71,1
8.865888,1785530217.222621,23.04370,0.01408,912300.1052,15508,23.03932,0.07263,141551.9703,71,1
8.882888,1785530217.239621,23.14409,0.01408,912609.3098,15514,23.05886,0.07263,141561.3089,71,1
8.899888,1785530217.256621,23.10759,0.01408,912496.9049,15512,23.00658,0.07263,141536.3248,71,1
8.916888,1785530217.273621,23.08585,0.01408,912429.9521,15511,22.97802,0.07263,141522.6744,71,1
8.933888,1785530217.290621,23.14400,0.01408,912609.0587,15514,22.99239,0.07263,141529.5431,71,1
8.950888,1785530217.307621,23.21122,0.01408,912816.0947,15517,22.84626,0.07263,141459.7035,71,1
8.967888,1785530217.324621,23.20762,0.01408,912804.9984,15517,22.95155,0.07212,141510.0232,72,1
8.984888,1785530217.341621,23.23705,0.01408,912895.6444,15519,23.20960,0.07263,141633.3472,71,1
9.001888,1785530217.358621,23.07891,0.01408,912408.5648,15510,23.27617,0.07263,141665.1651,71,1
9.018888,1785530217.375621,23.17030,0.01408,912690.0508,15515,23.23324,0.07263,141644.6449,71,1
9.035888,1785530217.392621,23.21261,0.01408,912820.3852,15518,23.18645,0.07263,141622.2847,71,1
9.052888,1785530217.409621,23.18779,0.01408,912743.9184,15516,22.94975,0.07263,141509.1622,71,1
9.069888,1785530217.426621,23.14066,0.01408,912598.7631,15514,22.99248,0.07263,141529.5838,71,1
9.086888,1785530217.443621,23.09496,0.01408,912458.0128,15511,22.94687,0.07212,141507.7890,72,1
9.103888,1785530217.460621,23.14813,0.01408,912621.7519,15514,23.11998,0.07263,141590.5179,71,1
9.120888,1785530217.477621,23.17594,0.01408,912707.4126,15515,23.01174,0.07263,141538.7904,71,1
9.137888,1785530217.494621,23.18505,0.01408,912735.4728,15516,23.03497,0.07263,141549.8934,71,1
9.154888,1785530217.511621,23.23304,0.01408,912883.2930,15519,22.95986,0.07263,141513.9938,71,1
9.171888,1785530217.528621,23.24102,0.01408,912907.8888,15519,22.99234,0.07263,141529.5174,71,1
9.188888,1785530217.545621,23.23282,0.01408,912882.6139,15518,22.97343,0.07263,141520.4801,71,1
9.205888,1785530217.562621,23.21572,0.01408,912829.9561,15518,22.94235,0.07212,141505.6300,72,1
9.222888,1785530217.579621,23.18382,0.01408,912731.6840,15516,22.89348,0.07263,141482.2741,71,1
9.239888,1785530217.596621,23.13043,0.01408,912567.2387,15513,22.90760,0.07263,141489.0206,71,1
9.256888,1785530217.613621,23.18411,0.01408,912732.5797,15516,22.87413,0.07263,141473.0225,71,1
9.273888,1785530217.630621,23.16484,0.01408,912673.2253,15515,22.97817,0.07263,141522.7464,71,1
9.290888,1785530217.647621,23.26466,0.01408,912980.7020,15520,23.04891,0.07263,141556.5524,71,1
9.307888,1785530217.664621,23.14828,0.01408,912622.2153,15514,23.13842,0.07263,141599.3304,71,1
9.324888,1785530217.681621,23.13720,0.01408,912588.1002,15514,23.05829,0.07263,141561.0384,71,1
9.341888,1785530217.698621,23.20264,0.01408,912789.6515,15516,23.13326,0.07212,141596.8674,72,1
9.358888,1785530217.715621,23.16568,0.01408,912675.8258,15515,23.17686,0.07263,141617.7022,71,1
9.375888,1785530217.732621,23.16441,0.01408,912671.9173,15515,23.00199,0.07263,141534.1308,71,1
9.392888,1785530217.749621,23.10629,0.01408,912492.8995,15512,22.88929,0.07263,141480.2696,71,1
9.409888,1785530217.766621,23.08654,0.01408,912432.0790,15511,23.04442,0.07263,141554.4099,71,1
9.426888,1785530217.783621,23.11799,0.01408,912528.9225,15512,23.12018,0.07263,141590.6152,71,1
9.443888,1785530217.800621,23.14281,0.01408,912605.3841,15514,23.06803,0.07263,141565.6925,71,1
9.460888,1785530217.817621,23.15240,0.01408,912634.9131,15514,23.10042,0.07212,141581.1714,72,1
9.477888,1785530217.834621,23.13598,0.01408,912584.3511,15514,23.25235,0.07263,141653.7795,71,1
9.494888,1785530217.851621,23.12693,0.01408,912556.4836,15513,23.10107,0.07263,141581.4812,71,1
9.511888,1785530217.868621,23.11148,0.01408,912508.8705,15512,22.97818,0.07263,141522.7512,71,1
9.528888,1785530217.885621,23.10377,0.01408,912485.1357,15511,23.05424,0.07263,141559.1006,71,1
9.545888,1785530217.902621,23.10841,0.01408,912499.4315,15512,22.85125,0.07263,141462.0878,71,1
9.562888,1785530217.919621,23.08807,0.01408,912436.7852,15511,23.04014,0.07263,141552.3637,71,1
9.579888,1785530217.936621,23.11174,0.01408,912509.6742,15512,23.14255,0.07212,141601.3055,72,1
9.596888,1785530217.953621,23.07941,0.01408,912410.0964,15511,23.08227,0.07263,141572.4949,71,1
9.613888,1785530217.970621,23.02323,0.01408,912237.0671,15507,23.16250,0.07263,141610.8383,71,1
9.630888,1785530217.987621,23.09202,0.01408,912448.9321,15511,23.24746,0.07263,141651.4424,71,1
9.647888,1785530218.004621,23.03539,0.01408,912274.5182,15508,23.02104,0.07263,141543.2346,71,1
9.664888,1785530218.021621,23.04919,0.01408,912317.0311,15509,23.04919,0.07263,141556.6861,71,1
9.681888,1785530218.038621,23.12086,0.01408,912537.7867,15513,23.10100,0.07263,141581.4499,71,1
9.698888,1785530218.055621,23.14728,0.01408,912619.1637,15514,23.04409,0.07263,141554.2512,71,1
9.715888,1785530218.072621,23.15362,0.01408,912638.6654,15514,22.98413,0.07212,141525.5924,72,1
9.732888,1785530218.089621,23.14472,0.01408,912611.2719,15514,23.03030,0.07263,141547.6590,71,1
9.749888,1785530218.106621,23.10356,0.01408,912484.4784,15511,22.95475,0.07263,141511.5554,71,1
9.766888,1785530218.123621,23.10340,0.01408,912483.9822,15512,22.92603,0.07263,141497.8281,71,1
9.783888,1785530218.140621,23.05227,0.01408,912326.5083,15509,23.16270,0.07263,141610.9355,71,1
9.800888,1785530218.157621,23.07634,0.01408,912400.6353,15510,23.20991,0.07263,141633.4955,71,1
9.817888,1785530218.174621,23.10557,0.01408,912490.6830,15512,22.94513,0.07263,141506.9574,71,1
9.834888,1785530218.191621,23.08716,0.01408,912433.9686,15511,23.22646,0.07212,141641.4062,72,1
9.851888,1785530218.208621,23.08776,0.01408,912435.8272,15511,23.14334,0.07263,141601.6833,71,1
9.868888,1785530218.225621,23.08871,0.01408,912438.7632,15511,22.89306,0.07263,141482.0701,71,1
9.885888,1785530218.242621,23.10732,0.01408,912496.0766,15511,22.97832,0.07263,141522.8171,71,1
9.902888,1785530218.259621,23.11438,0.01408,912517.8219,15513,23.18163,0.07263,141619.9818,71,1
9.919888,1785530218.276621,23.05352,0.01408,912330.3656,15509,23.10592,0.07263,141583.7985,71,1
9.936888,1785530218.293621,23.14088,0.01408,912599.4232,15513,23.04469,0.07263,141554.5376,71,1
9.953888,1785530218.310621,23.13139,0.01408,912570.2135,15514,23.13778,0.07212,141599.0258,72,1
9.970888,1785530218.327621,23.06407,0.01408,912362.8592,15509,22.79398,0.07263,141434.7200,71,1
9.987888,1785530218.344621,23.06261,0.01408,912358.3665,15510,23.10599,0.07263,141583.8336,71,1
10.004888,1785530218.361621,23.01305,0.01408,912205.6990,15506,22.90314,0.07263,141486.8874,71,1
10.021888,1785530218.378621,22.93385,0.01409,911961.7585,15503,22.94507,0.07263,141506.9270,71,1
10.038888,1785530218.395621,23.15693,0.01408,912648.8789,15515,23.17189,0.07263,141615.3289,71,1
10.055888,1785530218.412621,23.09598,0.01408,912461.1472,15511,22.94061,0.07263,141504.7941,71,1
10.072888,1785530218.429621,23.09905,0.01408,912470.6047,15511,23.03436,0.07263,141549.6024,71,1
10.089888,1785530218.446621,23.05059,0.01408,912321.3379,15509,23.12865,0.07212,141594.6638,72,1
10.106888,1785530218.463621,23.12318,0.01408,912544.9334,15513,22.92139,0.07263,141495.6084,71,1
10.123888,1785530218.480621,23.16084,0.01408,912660.9281,15515,23.17639,0.07263,141617.4765,71,1
10.140888,1785530218.497621,23.17429,0.01408,912702.3480,15515,23.25223,0.07263,141653.7226,71,1
10.157888,1785530218.514621,23.22446,0.01408,912856.8699,15518,23.32809,0.07263,141689.9756,71,1
10.174888,1785530218.531621,23.14900,0.01408,912624.4518,15514,23.07763,0.07263,141570.2800,71,1
10.191888,1785530218.548621,23.14857,0.01408,912623.1235,15514,22.98280,0.07263,141524.9603,71,1
10.208888,1785530218.565621,23.20665,0.01408,912802.0093,15517,23.11010,0.07212,141585.7963,72,1
10.225888,1785530218.582621,23.18503,0.01408,912735.4310,15516,23.09150,0.07263,141576.9087,71,1
10.242888,1785530218.599621,23.01747,0.01408,912219.3242,15507,23.17672,0.07263,141617.6355,71,1
10.259888,1785530218.616621,23.01827,0.01408,912221.7971,15508,22.97814,0.07263,141522.7304,71,1
10.276888,1785530218.633621,23.06066,0.01408,912352.3634,15509,22.90244,0.07263,141486.5557,71,1
10.293888,1785530218.650621,23.05797,0.01408,912344.0737,15509,22.81286,0.07263,141443.7422,71,1
10.310888,1785530218.667621,23.06925,0.01408,912378.8095,15510,23.13395,0.07263,141597.1931,71,1
10.327888,1785530218.684621,23.04973,0.01408,912318.6868,15509,22.81197,0.07212,141443.3179,72,1
10.344888,1785530218.701621,23.02364,0.01408,912238.3355,15507,22.89351,0.07263,141482.2850,71,1
10.361888,1785530218.718621,23.03404,0.01408,912270.3584,15508,23.05854,0.07263,141561.1567,71,1
10.378888,1785530218.735621,22.95742,0.01409,912034.3528,15504,23.07280,0.07263,141567.9732,71,1
10.395888,1785530218.752621,23.04391,0.01408,912300.7696,15509,23.08690,0.07263,141574.7090,71,1
10.412888,1785530218.769621,23.11055,0.01408,912506.0052,15512,22.98754,0.07263,141527.2262,71,1
10.429888,1785530218.786621,23.06946,0.01408,912379.4699,15510,23.02541,0.07263,141545.3209,71,1
10.446888,1785530218.803621,23.00557,0.01408,912182.6766,15506,22.94062,0.07263,141504.7994,71,1
10.463888,1785530218.820621,23.13160,0.01408,912570.8593,15513,22.96537,0.07212,141516.6305,72,1
10.480888,1785530218.837621,23.09222,0.01408,912449.5677,15511,22.86512,0.07263,141468.7208,71,1
10.497888,1785530218.854621,23.09267,0.01408,912450.9492,15512,22.96875,0.07263,141518.2448,71,1
10.514888,1785530218.871621,23.12760,0.01408,912558.5358,15513,23.03030,0.07263,141547.6583,71,1
10.531888,1785530218.888621,23.07908,0.01408,912409.0842,15510,22.92193,0.07263,141495.8680,71,1
10.548888,1785530218.905621,23.06438,0.01408,912363.8000,15510,22.97343,0.07263,141520.4801,71,1
10.565888,1785530218.922621,23.04373,0.01408,912300.1920,15508,23.18619,0.07263,141622.1620,71,1
10.582888,1785530218.939621,23.01866,0.01408,912222.9913,15507,22.83510,0.07212,141454.3735,72,1
10.599888,1785530218.956621,23.07236,0.01408,912388.3853,15510,23.11988,0.07263,141590.4726,71,1
10.616888,1785530218.973621,23.00965,0.01408,912195.2382,15507,22.94086,0.07263,141504.9169,71,1
10.633888,1785530218.990621,23.19307,0.01408,912760.1974,15516,22.83663,0.07263,141455.1016,71,1
10.650888,1785530219.007621,23.23205,0.01408,912880.2439,15519,22.98784,0.07263,141527.3692,71,1
10.667888,1785530219.024621,23.29011,0.01408,913059.0766,15521,23.11555,0.07263,141588.4017,71,1
10.684888,1785530219.041621,23.25138,0.01408,912939.7958,15520,23.13940,0.07263,141599.8015,71,1
10.701888,1785530219.058621,23.28258,0.01408,913035.8736,15521,23.68454,0.07212,141860.3258,72,1
10.718888,1785530219.075621,23.30312,0.01408,913099.1441,15522,23.21027,0.07263,141633.6693,71,1
10.735888,1785530219.092621,23.29735,0.01408,913081.3645,15522,23.13845,0.07263,141599.3461,71,1
10.752888,1785530219.109621,23.29285,0.01408,913067.5173,15522,23.16248,0.07263,141610.8281,71,1
10.769888,1785530219.126621,23.31286,0.01408,913129.1631,15523,23.01119,0.07263,141538.5291,71,1
10.786888,1785530219.143621,23.28415,0.01408,913040.7146,15521,23.02574,0.07263,141545.4793,71,1
10.803888,1785530219.160621,23.27956,0.01408,913026.5694,15521,22.93584,0.07263,141502.5187,71,1
10.820888,1785530219.177621,23.27681,0.01408,913018.0987,15521,23.16241,0.07263,141610.7970,71,1
10.837888,1785530219.194621,23.27684,0.01408,913018.2123,15520,23.24556,0.07212,141650.5348,72,1
10.854888,1785530219.211621,23.25309,0.01408,912945.0571,15520,23.14862,0.07263,141604.2047,71,1
10.871888,1785530219.228621,23.24310,0.01408,912914.2845,15519,23.05416,0.07263,141559.0649,71,1
10.888888,1785530219.245621,23.24490,0.01408,912919.8234,15519,23.01591,0.07263,141540.7846,71,1
10.905888,1785530219.262621,23.21365,0.01408,912823.5848,15518,23.11520,0.07263,141588.2324,71,1
10.922888,1785530219.279621,23.22701,0.01408,912864.7194,15518,23.13869,0.07263,141599.4584,71,1
10.939888,1785530219.296621,23.20633,0.01408,912801.0393,15517,22.98296,0.07263,141525.0370,71,1
10.956888,1785530219.313621,23.23361,0.01408,912885.0468,15519,22.93762,0.07212,141503.3658,72,1
10.973888,1785530219.330621,23.18406,0.01408,912732.4185,15516,23.00667,0.07263,141536.3660,71,1
10.990888,1785530219.347621,23.21556,0.01408,912829.4471,15517,23.40415,0.07263,141726.3252,71,1
11.007888,1785530219.364621,23.18274,0.01408,912728.3624,15516,23.06771,0.07263,141565.5387,71,1
11.024888,1785530219.381621,23.19855,0.01408,912777.0710,15517,23.07772,0.07263,141570.3215,71,1
11.041888,1785530219.398621,23.18958,0.01408,912749.4290,15516,22.96931,0.07263,141518.5099,71,1
11.058888,1785530219.415621,23.15164,0.01408,912632.5807,15514,23.19087,0.07263,141624.3970,71,1
11.075888,1785530219.432621,23.23044,0.01408,912875.2974,15518,22.96562,0.07212,141516.7465,72,1
11.092888,1785530219.449621,23.27545,0.01408,913013.9315,15521,22.96871,0.07263,141518.2249,71,1
11.109888,1785530219.466621,23.25087,0.01408,912938.2264,15520,23.15779,0.07263,141608.5879,71,1
11.126888,1785530219.483621,23.18014,0.01408,912720.3452,15515,23.34755,0.07263,141699.2748,71,1
11.143888,1785530219.500621,23.18909,0.01408,912747.9163,15517,23.14370,0.07263,141601.8570,71,1
11.160888,1785530219.517621,23.14763,0.01408,912620.2207,15514,22.95459,0.07263,141511.4783,71,1
11.177888,1785530219.534621,23.15100,0.01408,912630.6155,15514,23.10584,0.07263,141583.7620,71,1
11.194888,1785530219.551621,23.13168,0.01408,912571.1073,15513,23.27136,0.07263,141662.8629,71,1
11.211888,1785530219.568621,23.16004,0.01408,912658.4516,15515,23.13288,0.07212,141596.6853,72,1
11.228888,1785530219.585621,23.15211,0.01408,912634.0127,15514,23.15321,0.07263,141606.3991,71,1
11.245888,1785530219.602621,23.11646,0.01408,912524.2166,15512,23.03481,0.07263,141549.8163,71,1
11.262888,1785530219.619621,23.18318,0.01408,912729.7191,15516,22.96401,0.07263,141515.9795,71,1
11.279888,1785530219.636621,23.23025,0.01408,912874.7050,15519,22.89337,0.07263,141482.2180,71,1
11.296888,1785530219.653621,23.23610,0.01408,912892.7287,15518,22.98772,0.07263,141527.3083,71,1
11.313888,1785530219.670621,23.27330,0.01408,913007.3012,15521,23.02070,0.07263,141543.0711,71,1
11.330888,1785530219.687621,23.25709,0.01408,912957.3705,15520,22.97950,0.07212,141523.3839,72,1
11.347888,1785530219.704621,23.21414,0.01408,912825.0929,15517,23.02524,0.07263,141545.2394,71,1
11.364888,1785530219.721621,23.17677,0.01408,912709.9689,15516,23.11053,0.07263,141586.0021,71,1
11.381888,1785530219.738621,23.16185,0.01408,912664.0208,15514,23.10550,0.07263,141583.5983,71,1
11.398888,1785530219.755621,23.20687,0.01408,912802.6812,15518,22.99235,0.07263,141529.5230,71,1
11.415888,1785530219.772621,23.19236,0.01408,912757.9923,15516,23.02531,0.07263,141545.2753,71,1
11.432888,1785530219.789621,23.25464,0.01408,912949.8349,15520,22.92624,0.07263,141497.9303,71,1
11.449888,1785530219.806621,23.26487,0.01408,912981.3372,15520,23.19382,0.07212,141625.8070,72,1
11.466888,1785530219.823621,23.26012,0.01408,912966.6938,15520,23.20482,0.07263,141631.0661,71,1
11.483888,1785530219.840621,23.30442,0.01408,913103.1577,15522,23.36599,0.07263,141708.0912,71,1
11.500888,1785530219.857621,23.23897,0.01408,912901.5582,15519,23.19162,0.07263,141624.7553,71,1
11.517888,1785530219.874621,23.32720,0.01408,913173.3204,15523,23.42273,0.07263,141735.2081,71,1
11.534888,1785530219.891621,23.30089,0.01408,913092.2905,15523,23.24758,0.07263,141651.4991,71,1
11.551888,1785530219.908621,23.29234,0.01408,913065.9595,15521,22.86493,0.07263,141468.6289,71,1
11.568888,1785530219.925621,23.28741,0.01408,913050.7613,15522,22.94028,0.07263,141504.6404,71,1
11.585888,1785530219.942621,23.22659,0.01408,912863.4147,15518,22.92850,0.07212,141499.0088,72,1
11.602888,1785530219.959621,23.22405,0.01408,912855.5978,15518,22.98301,0.07263,141525.0576,71,1
11.619888,1785530219.976621,23.24713,0.01474,912926.6801,14152,23.01682,0.07591,141541.2167,65,1
12.895046,1785530221.251779,23.07256,0.00970,912389.0163,15510,22.93574,0.08873,141502.4666,71,2
12.912046,1785530221.268779,23.12637,0.00970,912554.7354,15512,23.10576,0.08873,141583.7212,71,2
12.929046,1785530221.285779,23.10855,0.00970,912499.8577,15512,23.06318,0.08873,141563.3756,71,2
12.946046,1785530221.302778,23.12961,0.00970,912564.7200,15513,23.12482,0.08873,141592.8305,71,2
12.963046,1785530221.319778,23.18759,0.00970,912743.2972,15517,23.02072,0.08873,141543.0812,71,2
12.980046,1785530221.336778,23.16524,0.00970,912674.4527,15514,23.02599,0.08812,141545.5999,72,2
12.997046,1785530221.353779,23.14438,0.00970,912610.2134,15514,23.03045,0.08873,141547.7298,71,2
13.014046,1785530221.370779,23.20927,0.00970,912810.0845,15518,23.15796,0.08873,141608.6703,71,2
13.031046,1785530221.387779,23.13263,0.00970,912574.0212,15513,23.12454,0.08873,141592.6969,71,2
13.048046,1785530221.404778,23.14228,0.00970,912603.7584,15513,22.94990,0.08873,141509.2334,71,2
13.065046,1785530221.421778,23.14137,0.00970,912600.9546,15514,22.92162,0.08873,141495.7209,71,2
13.082046,1785530221.438778,23.14444,0.00970,912610.4040,15514,23.00652,0.08873,141536.2949,71,2
13.099046,1785530221.455779,23.07244,0.00970,912388.6318,15510,23.05390,0.08812,141558.9403,72,2
13.116046,1785530221.472779,23.15541,0.00970,912644.1936,15514,22.98766,0.08873,141527.2824,71,2
13.133046,1785530221.489779,23.11720,0.00970,912526.4984,15513,23.03957,0.08873,141552.0878,71,2
13.150046,1785530221.506778,23.15083,0.00970,912630.0792,15514,23.03507,0.08873,141549.9397,71,2
13.167046,1785530221.523778,23.09802,0.00970,912467.4346,15511,23.12484,0.08873,141592.8396,71,2
13.184046,1785530221.540778,23.16556,0.00970,912675.4386,15515,23.02543,0.08873,141545.3316,71,2
13.201046,1785530221.557779,23.20973,0.00970,912811.4883,15518,23.01620,0.08873,141540.9235,71,2
13.218046,1785530221.574779,23.25010,0.00970,912935.8358,15519,23.10036,0.08812,141581.1415,72,2
13.235046,1785530221.591779,23.25345,0.00970,912946.1756,15520,23.06315,0.08873,141563.3606,71,2
13.252046,1785530221.608778,23.28208,0.00970,913034.3306,15521,23.27603,0.08873,141665.0983,71,2
13.269046,1785530221.625778,23.41112,0.00970,913431.7931,15528,23.25704,0.08873,141656.0196,71,2
13.286046,1785530221.642778,23.35336,0.00970,913253.8898,15525,23.16271,0.08873,141610.9404,71,2
13.303046,1785530221.659779,23.41586,0.00970,913446.3825,15528,23.20971,0.08873,141633.4033,71,2
13.320046,1785530221.676779,23.33823,0.00970,913207.2853,15524,23.21923,0.08873,141637.9502,71,2
13.337046,1785530221.693779,23.37870,0.00970,913331.9366,15526,23.20503,0.08873,141631.1634,71,2
13.354046,1785530221.710778,23.39852,0.00970,913392.9889,15527,23.30589,0.08812,141679.3686,72,2
13.371046,1785530221.727778,23.39163,0.00970,913371.7553,15527,23.35162,0.08873,141701.2219,71,2
13.388046,1785530221.744778,23.43619,0.00970,913509.0086,15530,23.35659,0.08873,141703.5953,71,2
13.405046,1785530221.761779,23.48552,0.00970,913660.9562,15532,23.26177,0.08873,141658.2804,71,2
13.422046,1785530221.778779,23.47505,0.00970,913628.7116,15531,23.30916,0.08873,141680.9278,71,2
13.439046,1785530221.795779,23.46024,0.00970,913583.0859,15530,23.41320,0.08873,141730.6509,71,2
13.456046,1785530221.812778,23.48197,0.00970,913650.0180,15532,23.42734,0.08873,141737.4073,71,2
13.473046,1785530221.829778,23.48092,0.00970,913646.7839,15532,23.32444,0.08812,141688.2303,72,2
13.490046,1785530221.846778,23.48358,0.00970,913654.9777,15532,23.40359,0.08873,141726.0575,71,2
13.507046,1785530221.863779,23.46443,0.00970,913595.9812,15530,23.45126,0.08873,141748.8388,71,2
13.524046,1785530221.880779,23.46964,0.00970,913612.0399,15531,23.45129,0.08873,141748.8540,71,2
13.541046,1785530221.897779,23.50328,0.00970,913715.6590,15533,23.67435,0.08873,141855.4580,71,2
13.558046,1785530221.914778,23.50147,0.00970,913710.0880,15533,23.51306,0.08873,141778.3756,71,2
13.575046,1785530221.931778,23.52757,0.00970,913790.4659,15534,23.50820,0.08873,141776.0531,71,2
13.592046,1785530221.948778,23.53425,0.00970,913811.0471,15535,23.48306,0.08812,141764.0384,72,2
13.609046,1785530221.965779,23.51399,0.00970,913748.6395,15533,23.66962,0.08873,141853.1979,71,2
13.626046,1785530221.982779,23.53372,0.00970,913809.4208,15534,23.45097,0.08873,141748.7001,71,2
13.643046,1785530221.999779,23.53523,0.00970,913814.0807,15535,23.59815,0.08873,141819.0411,71,2
13.660046,1785530222.016778,23.51557,0.00970,913753.5002,15534,23.43239,0.08873,141739.8219,71,2
13.677046,1785530222.033778,23.52572,0.00970,913784.7838,15534,23.55066,0.08873,141796.3476,71,2
13.694046,1785530222.050778,23.53149,0.00970,913802.5378,15534,23.81160,0.08873,141921.0513,71,2
13.711046,1785530222.067779,23.56389,0.00970,913902.3300,15536,23.67411,0.08873,141855.3442,71,2
13.728046,1785530222.084779,23.57408,0.00970,913933.7265,15537,23.65168,0.08812,141844.6254,72,2
13.745046,1785530222.101779,23.53420,0.00970,913810.9021,15534,23.65978,0.08873,141848.4959,71,2
13.762046,1785530222.118778,23.54859,0.00970,913855.2198,15535,23.45609,0.08873,141751.1503,71,2
13.779046,1785530222.135778,23.56408,0.00970,913902.9292,15536,23.64098,0.08873,141839.5095,71,2
13.796046,1785530222.152778,23.58563,0.00970,913969.3063,15538,23.51349,0.08873,141778.5807,71,2
13.813046,1785530222.169779,23.58597,0.00970,913970.3631,15537,23.68348,0.08873,141859.8195,71,2
13.830046,1785530222.186779,23.56450,0.00970,913904.2181,15536,23.45594,0.08873,141751.0788,71,2
13.847046,1785530222.203779,23.55697,0.00970,913881.0142,15536,23.77745,0.08812,141904.7323,72,2
13.864046,1785530222.220778,23.56446,0.00970,913904.0835,15536,23.72603,0.08873,141880.1544,71,2
13.881046,1785530222.237778,23.58398,0.00970,913964.2255,15537,23.72619,0.08873,141880.2315,71,2
13.898046,1785530222.254778,23.59599,0.00970,914001.2197,15537,23.91619,0.08873,141971.0371,71,2
13.915046,1785530222.271779,23.61251,0.00970,914052.1020,15539,23.81644,0.08873,141923.3632,71,2
13.932046,1785530222.288779,23.62400,0.00970,914087.4768,15539,23.53660,0.08873,141789.6277,71,2
13.949046,1785530222.305779,23.63039,0.00970,914107.1751,15540,23.65976,0.08873,141848.4855,71,2
13.966046,1785530222.322778,23.62842,0.00970,914101.0946,15539,23.68862,0.08812,141862.2762,72,2
13.983046,1785530222.339778,23.63440,0.00970,914119.5144,15540,23.67870,0.08873,141857.5379,71,2
14.000046,1785530222.356779,23.63470,0.00970,914120.4345,15540,23.78808,0.08873,141909.8097,71,2
14.017046,1785530222.373779,23.64221,0.00970,914143.5813,15540,24.08737,0.08873,142052.8467,71,2
14.034046,1785530222.390779,23.60300,0.00970,914022.7895,15538,24.00194,0.08873,142012.0164,71,2
14.051046,1785530222.407779,23.62248,0.00970,914082.8097,15540,23.90686,0.08873,141966.5769,71,2
14.068046,1785530222.424778,23.64898,0.00970,914164.4181,15540,23.77348,0.08873,141902.8330,71,2
14.085046,1785530222.441778,23.63197,0.00970,914112.0458,15540,23.75494,0.08873,141893.9708,71,2
14.102046,1785530222.458779,23.62819,0.00970,914100.3762,15539,23.69817,0.08812,141866.8408,72,2
14.119046,1785530222.475779,23.63256,0.00970,914113.8584,15540,23.65454,0.08873,141845.9884,71,2
14.136046,1785530222.492779,23.64226,0.00970,914143.7174,15540,23.80699,0.08873,141918.8468,71,2
14.153046,1785530222.509778,23.65661,0.00969,914187.9396,15541,23.77864,0.08873,141905.2983,71,2
14.170046,1785530222.526778,23.65903,0.00969,914195.3645,15541,23.86380,0.08873,141946.0002,71,2
14.187046,1785530222.543778,23.65380,0.00969,914179.2769,15541,23.73531,0.08873,141884.5931,71,2
14.204046,1785530222.560779,23.65458,0.00969,914181.6626,15541,23.86401,0.08873,141946.0983,71,2
14.221046,1785530222.577779,23.65569,0.00969,914185.0793,15541,24.12987,0.08812,142073.1537,72,2
14.238046,1785530222.594779,23.67165,0.00969,914234.2596,15542,24.03053,0.08873,142025.6779,71,2
14.255046,1785530222.611778,23.67374,0.00969,914240.6969,15542,24.12545,0.08873,142071.0446,71,2
14.272046,1785530222.628778,23.65830,0.00969,914193.1440,15541,23.91166,0.08873,141968.8693,71,2
14.289046,1785530222.645778,23.66564,0.00969,914215.7440,15541,23.78304,0.08873,141907.4000,71,2
14.306046,1785530222.662779,23.66220,0.00969,914205.1558,15541,24.12533,0.08873,142070.9869,71,2
14.323046,1785530222.679779,23.66667,0.00969,914218.9067,15542,24.02061,0.08873,142020.9396,71,2
14.340046,1785530222.696779,23.67055,0.00969,914230.8682,15542,24.02575,0.08812,142023.3972,72,2
14.357046,1785530222.713778,23.67797,0.00969,914253.7187,15542,23.97816,0.08873,142000.6513,71,2
14.374046,1785530222.730778,23.68433,0.00969,914273.3075,15542,24.13022,0.08873,142073.3208,71,2
14.391046,1785530222.747778,23.67686,0.00969,914250.3022,15542,24.24891,0.08873,142130.0464,71,2
14.408046,1785530222.764779,23.69129,0.00969,914294.7285,15543,24.14923,0.08873,142082.4092,71,2
14.425046,1785530222.781779,23.68633,0.00969,914279.4767,15543,23.99213,0.08873,142007.3301,71,2
14.442046,1785530222.798779,23.67850,0.00969,914255.3456,15542,24.00143,0.08873,142011.7736,71,2
14.459046,1785530222.815778,23.68818,0.00969,914285.1514,15542,24.09188,0.08873,142054.9979,71,2
14.476046,1785530222.832778,23.69269,0.00969,914299.0521,15543,23.91834,0.08812,141972.0653,72,2
14.493046,1785530222.849778,23.70001,0.00969,914321.5935,15543,24.02077,0.08873,142021.0170,71,2
14.510046,1785530222.866779,23.69229,0.00969,914297.8380,15543,24.34919,0.08873,142177.9723,71,2
14.527046,1785530222.883779,23.69454,0.00969,914304.7582,15543,24.37268,0.08873,142189.1977,71,2
14.544046,1785530222.900779,23.69738,0.00969,914313.5155,15543,24.23015,0.08873,142121.0812,71,2
14.561046,1785530222.917778,23.69983,0.00969,914321.0580,15544,24.18250,0.08873,142098.3102,71,2
14.578046,1785530222.934778,23.69809,0.00969,914315.6994,15543,24.16800,0.08873,142091.3785,71,2
14.595046,1785530222.951778,23.70137,0.00969,914325.8043,15543,24.14328,0.08812,142079.5644,72,2
14.612046,1785530222.968779,23.70416,0.00969,914334.3762,15544,24.13984,0.08873,142077.9192,71,2
14.629046,1785530222.985779,23.70293,0.00969,914330.5969,15543,24.03963,0.08873,142030.0288,71,2
14.646046,1785530223.002779,23.70276,0.00969,914330.0672,15544,24.14449,0.08873,142080.1431,71,2
14.663046,1785530223.019778,23.70749,0.00969,914344.6352,15543,24.50660,0.08873,142253.1972,71,2
14.680046,1785530223.036778,23.70776,0.00969,914345.4705,15544,24.49688,0.08873,142248.5515,71,2
14.697046,1785530223.053778,23.70840,0.00969,914347.4458,15544,24.43506,0.08873,142219.0093,71,2
14.714046,1785530223.070779,23.71145,0.00969,914356.8231,15544,24.33600,0.08812,142171.6691,72,2
14.731046,1785530223.087779,23.71254,0.00969,914360.1998,15544,24.26791,0.08873,142139.1244,71,2
14.748046,1785530223.104779,23.71257,0.00969,914360.3011,15543,24.26357,0.08873,142137.0503,71,2
14.765046,1785530223.121778,23.70871,0.00969,914348.4020,15544,24.43070,0.08873,142216.9259,71,2
14.782046,1785530223.138778,23.71534,0.00969,914368.8098,15544,24.53992,0.08873,142269.1243,71,2
14.799046,1785530223.155778,23.71176,0.00969,914357.7821,15544,24.56857,0.08873,142282.8162,71,2
14.816046,1785530223.172779,23.71434,0.00969,914365.7325,15544,24.36837,0.08873,142187.1387,71,2
14.833046,1785530223.189779,23.71562,0.00969,914369.6687,15544,24.46353,0.08873,142232.6144,71,2
14.850046,1785530223.206779,23.72056,0.00969,914384.8857,15545,24.66066,0.08812,142326.8273,72,2
14.867046,1785530223.223778,23.72318,0.00969,914392.9658,15544,24.48733,0.08873,142243.9890,71,2
14.884046,1785530223.240778,23.72103,0.00969,914386.3373,15545,24.64473,0.08873,142319.2129,71,2
14.901046,1785530223.257778,23.72061,0.00969,914385.0637,15544,24.64051,0.08873,142317.1968,71,2
14.918046,1785530223.274779,23.71595,0.00969,914370.6885,15544,24.54499,0.08873,142271.5457,71,2
14.935046,1785530223.291779,23.72152,0.00969,914387.8514,15544,24.41130,0.08873,142207.6550,71,2
14.952046,1785530223.308779,23.72397,0.00969,914395.3971,15545,24.56839,0.08873,142282.7282,71,2
14.969046,1785530223.325778,23.72677,0.00969,914404.0181,15545,24.54759,0.08812,142272.7866,72,2
14.986046,1785530223.342778,23.72863,0.00969,914409.7661,15544,24.80274,0.08873,142394.7283,71,2
15.003046,1785530223.359778,23.72818,0.00969,914408.3777,15545,24.84560,0.08873,142415.2125,71,2
15.020046,1785530223.376779,23.72554,0.00969,914400.2351,15545,24.79785,0.08873,142392.3895,71,2
15.037046,1785530223.393779,23.72486,0.00969,914398.1334,15544,24.75481,0.08873,142371.8216,71,2
15.054046,1785530223.410779,23.72847,0.00969,914409.2478,15545,24.74568,0.08873,142367.4570,71,2
15.071046,1785530223.427778,23.72695,0.00969,914404.5823,15545,24.56854,0.08873,142282.8012,71,2
15.088046,1785530223.444778,23.73018,0.00969,914414.5418,15545,24.58999,0.08812,142293.0535,72,2
15.105046,1785530223.461778,23.72749,0.00969,914406.2489,15544,24.34012,0.08873,142173.6384,71,2
15.122046,1785530223.478779,23.73206,0.00969,914420.3253,15545,24.36834,0.08873,142187.1241,71,2
15.139046,1785530223.495779,23.72771,0.00969,914406.9250,15545,24.75491,0.08873,142371.8686,71,2
15.156046,1785530223.512779,23.72512,0.00969,914398.9405,15545,24.53980,0.08873,142269.0670,71,2
15.173046,1785530223.529778,23.72761,0.00969,914406.6119,15545,24.54975,0.08873,142273.8213,71,2
15.190046,1785530223.546778,23.73062,0.00969,914415.8784,15544,24.61636,0.08873,142305.6551,71,2
15.207046,1785530223.563778,23.73976,0.00969,914444.0368,15546,24.57366,0.08873,142285.2489,71,2
15.224046,1785530223.580779,23.74519,0.00969,914460.7602,15545,24.45816,0.08812,142230.0504,72,2
15.241046,1785530223.597779,23.73146,0.00969,914418.4847,15545,24.44921,0.08873,142225.7706,71,2
15.258046,1785530223.614779,23.72901,0.00969,914410.9110,15545,24.50195,0.08873,142250.9779,71,2
15.275046,1785530223.631778,23.73610,0.00969,914432.7607,15545,24.49238,0.08873,142246.4045,71,2
15.292046,1785530223.648778,23.73116,0.00969,914417.5516,15545,24.77414,0.08873,142381.0614,71,2
15.309046,1785530223.665778,23.72888,0.00969,914410.5179,15545,24.86013,0.08873,142422.1548,71,2
15.326046,1785530223.682779,23.72943,0.00969,914412.2193,15545,24.58762,0.08873,142291.9212,71,2
15.343046,1785530223.699779,23.72432,0.00969,914396.4833,15544,24.71734,0.08812,142353.9149,72,2
15.360046,1785530223.716779,23.72244,0.00969,914390.6980,15545,24.88404,0.08873,142433.5823,71,2
15.377046,1785530223.733778,23.72431,0.00969,914396.4440,15544,24.65022,0.08873,142321.8376,71,2
15.394046,1785530223.750778,23.72632,0.00969,914402.6276,15545,24.47323,0.08873,142237.2498,71,2
15.411046,1785530223.767778,23.72327,0.00969,914393.2321,15545,24.50201,0.08873,142251.0038,71,2
15.428046,1785530223.784779,23.72180,0.00969,914388.7306,15544,24.49227,0.08873,142246.3524,71,2
15.445046,1785530223.801779,23.71967,0.00969,914382.1671,15544,24.50707,0.08873,142253.4255,71,2
15.462046,1785530223.818779,23.71852,0.00969,914378.6001,15545,24.34998,0.08812,142178.3505,72,2
15.479046,1785530223.835778,23.71550,0.00969,914369.3091,15544,24.40184,0.08873,142203.1336,71,2
15.496046,1785530223.852778,23.71885,0.00969,914379.6330,15544,24.57343,0.08873,142285.1398,71,2
15.513046,1785530223.869778,23.71398,0.00969,914364.6237,15544,24.56364,0.08873,142280.4579,71,2
15.530046,1785530223.886779,23.71521,0.00969,914368.4148,15544,24.42537,0.08873,142214.3791,71,2
15.547046,1785530223.903779,23.71728,0.00969,914374.7981,15544,24.42998,0.08873,142216.5829,71,2
15.564046,1785530223.920779,23.72008,0.00969,914383.4095,15545,24.60278,0.08873,142299.1646,71,2
15.581046,1785530223.937778,23.71704,0.00969,914374.0508,15544,24.74047,0.08873,142364.9678,71,2
15.598046,1785530223.954778,23.71982,0.00969,914382.6290,15544,24.60393,0.08812,142299.7151,72,2
15.615046,1785530223.971778,23.71660,0.00969,914372.7127,15544,24.41105,0.08873,142207.5355,71,2
15.632046,1785530223.988779,23.71619,0.00969,914371.4321,15544,24.42088,0.08873,142212.2328,71,2
15.649046,1785530224.005779,23.71690,0.00969,914373.6088,15544,24.33973,0.08873,142173.4518,71,2
15.666046,1785530224.022779,23.71503,0.00969,914367.8513,15545,24.26355,0.08873,142137.0448,71,2
15.683046,1785530224.039778,23.71337,0.00969,914362.7478,15544,24.26364,0.08873,142137.0865,71,2
15.700046,1785530224.056778,23.71326,0.00969,914362.4023,15544,24.67377,0.08873,142333.0920,71,2
15.717046,1785530224.073778,23.71342,0.00969,914362.9113,15543,24.32667,0.08812,142167.2109,72,2
15.734046,1785530224.090779,23.71447,0.00969,914366.1515,15545,24.23949,0.08873,142125.5455,71,2
15.751046,1785530224.107779,23.71662,0.00969,914372.7518,15544,24.24415,0.08873,142127.7701,71,2
15.768046,1785530224.124779,23.71635,0.00969,914371.9193,15544,24.24917,0.08873,142130.1702,71,2
15.785046,1785530224.141778,23.71200,0.00969,914358.5365,15544,24.19190,0.08873,142102.8004,71,2
15.802046,1785530224.158778,23.71687,0.00969,914373.5331,15544,24.37349,0.08873,142189.5856,71,2
15.819046,1785530224.175778,23.71147,0.00969,914356.9114,15544,24.20597,0.08873,142109.5255,71,2
15.836046,1785530224.192779,23.71477,0.00969,914367.0689,15544,24.09653,0.08812,142057.2218,72,2
15.853046,1785530224.209779,23.71201,0.00969,914358.5739,15544,24.25861,0.08873,142134.6811,71,2
15.870046,1785530224.226779,23.71141,0.00969,914356.7238,15544,24.38257,0.08873,142193.9256,71,2
15.887046,1785530224.243778,23.71115,0.00969,914355.9150,15544,24.38717,0.08873,142196.1238,71,2
15.904046,1785530224.260778,23.70942,0.00969,914350.5850,15543,24.46399,0.08873,142232.8360,71,2
15.921046,1785530224.277778,23.70043,0.00969,914322.9080,15544,24.23963,0.08873,142125.6130,71,2
15.938046,1785530224.294779,23.70678,0.00969,914342.4395,15543,24.19213,0.08873,142102.9092,71,2
15.955046,1785530224.311779,23.70746,0.00969,914344.5354,15544,24.23988,0.08873,142125.7317,71,2
15.972046,1785530224.328779,23.69738,0.00969,914313.5152,15543,24.00721,0.08812,142014.5367,72,2
15.989046,1785530224.345778,23.69779,0.00969,914314.7555,15543,24.02585,0.08873,142023.4419,71,2
16.006046,1785530224.362778,23.69735,0.00969,914313.4167,15543,24.10604,0.08873,142061.7692,71,2
16.023046,1785530224.379778,23.69531,0.00969,914307.1155,15543,24.03945,0.08873,142029.9410,71,2
16.040046,1785530224.396779,23.69898,0.00969,914318.4233,15544,24.13532,0.08873,142075.7618,71,2
16.057046,1785530224.413779,23.68528,0.00969,914276.2422,15542,24.10622,0.08873,142061.8521,71,2
16.074046,1785530224.430779,23.68495,0.00969,914275.2153,15543,24.11143,0.08873,142064.3448,71,2
16.091046,1785530224.447778,23.69665,0.00969,914311.2526,15543,24.19472,0.08812,142104.1463,72,2
16.108046,1785530224.464778,23.69475,0.00969,914305.4147,15543,24.15417,0.08873,142084.7673,71,2
16.125046,1785530224.481779,23.68361,0.00969,914271.0750,15542,24.12994,0.08873,142073.1914,71,2
16.142046,1785530224.498779,23.69064,0.00969,914292.7322,15543,23.93515,0.08873,141980.0947,71,2
16.159046,1785530224.515779,23.68582,0.00969,914277.9063,15542,24.07808,0.08873,142048.4031,71,2
16.176046,1785530224.532779,23.67562,0.00969,914246.4860,15542,24.09194,0.08873,142055.0290,71,2
16.193046,1785530224.549778,23.68621,0.00969,914279.0873,15543,24.06821,0.08873,142043.6898,71,2
16.210046,1785530224.566778,23.67520,0.00969,914245.1730,15542,23.99811,0.08812,142010.1856,72,2
16.227046,1785530224.583779,23.68295,0.00969,914269.0598,15542,24.11118,0.08873,142064.2216,71,2
16.244046,1785530224.600779,23.68181,0.00969,914265.5363,15543,24.04902,0.08873,142034.5184,71,2
16.261046,1785530224.617779,23.69713,0.00969,914312.7209,15543,23.91157,0.08873,141968.8270,71,2
16.278046,1785530224.634778,23.68885,0.00969,914287.2226,15542,24.01598,0.08873,142018.7258,71,2
16.295046,1785530224.651778,23.68829,0.00969,914285.4892,15543,24.12069,0.08873,142068.7677,71,2
16.312046,1785530224.668778,23.69225,0.00969,914297.6886,15543,24.38728,0.08873,142196.1759,71,2
16.329046,1785530224.685779,23.68939,0.00969,914288.8917,15543,24.09668,0.08873,142057.2944,71,2
16.346046,1785530224.702779,23.68170,0.00969,914265.2010,15542,24.11549,0.08812,142066.2816,72,2
16.363046,1785530224.719779,23.67251,0.00969,914236.8938,15542,24.23987,0.08873,142125.7259,71,2
16.380046,1785530224.736778,23.66838,0.00969,914224.1786,15541,24.09203,0.08873,142055.0703,71,2
16.397046,1785530224.753778,23.67369,0.00969,914240.5374,15542,24.01119,0.08873,142016.4391,71,2
16.414046,1785530224.770778,23.66808,0.00969,914223.2542,15542,24.01123,0.08873,142016.4547,71,2
16.431046,1785530224.787779,23.67024,0.00969,914229.8998,15542,23.90645,0.08873,141966.3816,71,2
16.448046,1785530224.804779,23.68170,0.00969,914265.1993,15542,23.93529,0.08873,141980.1619,71,2
16.465046,1785530224.821779,23.66439,0.00969,914211.8772,15541,23.64207,0.08812,141840.0292,72,2
16.482046,1785530224.838778,23.68207,0.00969,914266.3438,15543,23.75438,0.08873,141893.7075,71,2
16.499046,1785530224.855778,23.68253,0.00969,914267.7711,15542,24.09693,0.08873,142057.4134,71,2
16.516046,1785530224.872778,23.67509,0.00969,914244.8467,15542,24.21569,0.08873,142114.1705,71,2
16.533046,1785530224.889779,23.67139,0.00969,914233.4642,15542,24.07759,0.08873,142048.1697,71,2
16.550046,1785530224.906779,23.67910,0.00969,914257.1849,15542,23.83569,0.08873,141932.5652,71,2
16.567046,1785530224.923779,23.66157,0.00969,914203.2069,15541,23.81671,0.08873,141923.4914,71,2
16.584046,1785530224.940778,23.64756,0.00969,914160.0564,15541,23.74049,0.08812,141887.0650,72,2
16.601046,1785530224.957778,23.65114,0.00970,914171.0777,15540,23.90696,0.08873,141966.6241,71,2
16.618046,1785530224.974778,23.66807,0.00969,914223.2168,15542,23.80232,0.08873,141916.6175,71,2
16.635046,1785530224.991779,23.66275,0.00969,914206.8340,15541,23.84968,0.08873,141939.2495,71,2
16.652046,1785530225.008779,23.67309,0.00969,914238.6978,15542,23.82588,0.08873,141927.8743,71,2
16.669046,1785530225.025779,23.65112,0.00969,914171.0268,15541,23.83526,0.08873,141932.3594,71,2
16.686046,1785530225.042778,23.66271,0.00969,914206.7215,15541,23.74020,0.08873,141886.9265,71,2
16.703046,1785530225.059778,23.66000,0.00969,914198.3613,15541,23.87806,0.08873,141952.8129,71,2
16.720046,1785530225.076778,23.66185,0.00969,914204.0762,15541,24.14356,0.08812,142079.6970,72,2
16.737046,1785530225.093779,23.64277,0.00969,914145.2835,15541,23.82613,0.08873,141927.9929,71,2
16.754046,1785530225.110779,23.65757,0.00969,914190.8802,15541,23.82619,0.08873,141928.0238,71,2
16.771046,1785530225.127779,23.64899,0.00970,914164.4673,15540,24.04479,0.08873,142032.4951,71,2
16.788046,1785530225.144778,23.64754,0.00969,914159.9961,15541,23.81207,0.08873,141921.2779,71,2
16.805046,1785530225.161778,23.67424,0.00969,914242.2375,15542,23.77364,0.08873,141902.9092,71,2
16.822046,1785530225.178778,23.64139,0.00970,914141.0469,15540,23.75039,0.08873,141891.7981,71,2
16.839046,1785530225.195779,23.63905,0.00970,914133.8256,15540,23.69808,0.08812,141866.8005,72,2
16.856046,1785530225.212779,23.62929,0.00970,914103.7803,15539,23.92552,0.08873,141975.4956,71,2
16.873046,1785530225.229779,23.63151,0.00970,914110.6153,15540,23.76907,0.08873,141900.7265,71,2
16.890046,1785530225.246778,23.64757,0.00970,914160.0700,15540,23.92110,0.08873,141973.3805,71,2
16.907046,1785530225.263778,23.64627,0.00969,914156.0787,15541,23.70227,0.08873,141868.7999,71,2
16.924046,1785530225.280778,23.64307,0.00970,914146.2144,15540,23.85939,0.08873,141943.8885,71,2
16.941046,1785530225.297779,23.65032,0.00969,914168.5412,15541,23.64079,0.08873,141839.4176,71,2
16.958046,1785530225.314779,23.65210,0.00969,914174.0225,15541,23.99262,0.08873,142007.5616,71,2
16.975046,1785530225.331779,23.64222,0.00970,914143.5937,15540,23.81060,0.08812,141920.5752,72,2
16.992046,1785530225.348778,23.61966,0.00970,914074.1056,15539,23.75477,0.08873,141893.8930,71,2
17.009046,1785530225.365778,23.61721,0.00970,914066.5635,15539,23.91624,0.08873,141971.0579,71,2
17.026046,1785530225.382778,23.62270,0.00970,914083.4730,15539,23.82130,0.08873,141925.6859,71,2
17.043046,1785530225.399779,23.64028,0.00970,914137.6182,15540,23.55576,0.08873,141798.7834,71,2
17.060046,1785530225.416779,23.64053,0.00970,914138.3884,15540,23.68786,0.08873,141861.9157,71,2
17.077046,1785530225.433779,23.64361,0.00970,914147.8922,15540,23.74030,0.08873,141886.9774,71,2
17.094046,1785530225.450778,23.60506,0.00970,914029.1613,15539,23.77317,0.08812,141902.6860,72,2
17.111046,1785530225.467778,23.60899,0.00970,914041.2552,15538,23.61721,0.08873,141828.1500,71,2
17.128046,1785530225.484778,23.60602,0.00970,914032.0971,15538,23.67835,0.08873,141857.3682,71,2
17.145046,1785530225.501779,23.59651,0.00970,914002.8209,15538,23.62227,0.08873,141830.5705,71,2
17.162046,1785530225.518779,23.60599,0.00970,914032.0107,15538,23.56963,0.08873,141805.4106,71,2
17.179046,1785530225.535779,23.63678,0.00970,914126.8568,15540,23.63634,0.08873,141837.2910,71,2
17.196046,1785530225.552778,23.62779,0.00970,914099.1585,15540,23.48888,0.08873,141766.8204,71,2
17.213046,1785530225.569778,23.61278,0.00970,914052.9288,15538,23.52498,0.08812,141784.0709,72,2
17.230046,1785530225.586778,23.60946,0.00970,914042.7034,15539,23.57912,0.08873,141809.9471,71,2
17.247046,1785530225.603779,23.57893,0.00970,913948.6528,15537,24.13012,0.08873,142073.2733,71,2
17.264046,1785530225.620779,23.60647,0.00970,914033.4901,15538,23.98710,0.08873,142004.9245,71,2
17.281046,1785530225.637779,23.58802,0.00970,913976.6662,15537,23.70753,0.08873,141871.3140,71,2
17.298046,1785530225.654778,23.58977,0.00970,913982.0426,15538,23.49372,0.08873,141769.1333,71,2
17.315046,1785530225.671778,23.61539,0.00970,914060.9578,15539,23.65040,0.08873,141844.0097,71,2
17.332046,1785530225.688778,23.60257,0.00970,914021.4757,15538,23.58344,0.08873,141812.0126,71,2
17.349046,1785530225.705779,23.60535,0.00970,914030.0359,15538,23.59565,0.08812,141817.8488,72,2
17.366046,1785530225.722779,23.59433,0.00970,913996.0849,15538,23.54118,0.08873,141791.8160,71,2
17.383046,1785530225.739779,23.56578,0.00970,913908.1723,15536,23.60261,0.08873,141821.1731,71,2
17.400046,1785530225.756778,23.59859,0.00970,914009.2214,15538,23.55063,0.08873,141796.3320,71,2
17.417046,1785530225.773778,23.58253,0.00970,913959.7609,15537,23.98275,0.08873,142002.8453,71,2
17.434046,1785530225.790778,23.55762,0.00970,913883.0266,15535,23.63623,0.08873,141837.2390,71,2
17.451046,1785530225.807779,23.54703,0.00970,913850.4147,15536,23.51784,0.08873,141780.6617,71,2
17.468046,1785530225.824779,23.55649,0.00970,913879.5427,15535,23.51123,0.08812,141777.5004,72,2
17.485046,1785530225.841779,23.56358,0.00970,913901.3751,15536,23.59349,0.08873,141816.8155,71,2
17.502046,1785530225.858778,23.62444,0.00970,914088.8350,15540,23.47010,0.08873,141757.8456,71,2
17.519046,1785530225.875778,23.59359,0.00970,913993.8131,15537,23.50337,0.08873,141773.7469,71,2
17.536046,1785530225.892778,23.56473,0.00970,913904.9269,15536,23.42283,0.08873,141735.2547,71,2
17.553046,1785530225.909779,23.56544,0.00970,913907.1045,15536,23.56507,0.08873,141803.2312,71,2
17.570046,1785530225.926779,23.59078,0.00970,913985.1638,15538,23.48390,0.08873,141764.4421,71,2
17.587046,1785530225.943779,23.56768,0.00970,913914.0008,15536,23.51098,0.08812,141777.3834,72,2
17.604046,1785530225.960778,23.58656,0.00970,913972.1521,15537,23.53634,0.08873,141789.5038,71,2
17.621046,1785530225.977778,23.56230,0.00970,913897.4456,15536,23.60309,0.08873,141821.3998,71,2
17.638046,1785530225.994778,23.56505,0.00970,913905.9109,15537,23.85454,0.08873,141941.5718,71,2
17.655046,1785530226.011779,23.59835,0.00970,914008.4668,15537,23.76444,0.08873,141898.5119,71,2
17.672046,1785530226.028779,23.57011,0.00970,913921.4962,15537,23.71654,0.08873,141875.6227,71,2
17.689046,1785530226.045779,23.56888,0.00970,913917.6950,15536,23.79240,0.08873,141911.8748,71,2
17.706046,1785530226.062778,23.56886,0.00970,913917.6409,15536,23.65013,0.08873,141843.8819,71,2
17.723046,1785530226.079778,23.56498,0.00970,913905.6880,15537,23.55777,0.08812,141799.7412,72,2
17.740046,1785530226.096778,23.54734,0.00970,913851.3698,15535,23.44188,0.08873,141744.3586,71,2
17.757046,1785530226.113779,23.54081,0.00970,913831.2669,15535,23.59347,0.08873,141816.8061,71,2
17.774046,1785530226.130779,23.55495,0.00970,913874.7988,15535,23.43738,0.08873,141742.2053,71,2
17.791046,1785530226.147779,23.57113,0.00970,913924.6535,15537,23.57401,0.08873,141807.5064,71,2
17.808046,1785530226.164778,23.55577,0.00970,913877.3201,15535,23.49387,0.08873,141769.2050,71,2
17.825046,1785530226.181778,23.53936,0.00970,913826.7954,15535,23.52730,0.08873,141785.1834,71,2
17.842046,1785530226.198778,23.54964,0.00970,913858.4391,15535,23.49723,0.08812,141770.8122,72,2
17.859046,1785530226.215779,23.56632,0.00970,913909.8129,15536,23.51259,0.08873,141778.1498,71,2
17.876046,1785530226.232779,23.55810,0.00970,913884.5057,15536,23.36594,0.08873,141708.0655,71,2
17.893046,1785530226.249779,23.55109,0.00970,913862.9058,15536,23.31870,0.08873,141685.4902,71,2
17.910046,1785530226.266778,23.55080,0.00970,913862.0176,15535,23.49856,0.08873,141771.4450,71,2
17.927046,1785530226.283778,23.55783,0.00970,913883.6662,15536,23.39894,0.08873,141723.8379,71,2
17.944046,1785530226.300778,23.56605,0.00970,913909.0050,15536,23.44178,0.08873,141744.3122,71,2
17.961046,1785530226.317779,23.53256,0.01055,913805.8486,13112,23.39881,0.09653,141723.7753,60,2
19.543526,1785530227.900259,23.25271,0.01273,912943.8889,15520,23.33256,0.07185,141692.1127,71,3
19.560526,1785530227.917259,23.29709,0.01273,913080.5680,15522,23.11943,0.07135,141590.2551,72,3
19.577526,1785530227.934259,23.25617,0.01274,912954.5457,15519,23.26175,0.07185,141658.2705,71,3
19.594526,1785530227.951259,23.36775,0.01273,913298.2195,15526,23.27136,0.07185,141662.8627,71,3
19.611526,1785530227.968259,23.27559,0.01273,913014.3529,15521,23.12475,0.07185,141592.7997,71,3
19.628526,1785530227.985259,23.36717,0.01273,913296.4245,15525,23.38019,0.07185,141714.8735,71,3
19.645526,1785530228.002259,23.37202,0.01273,913311.3660,15526,23.44138,0.07185,141744.1172,71,3
19.662526,1785530228.019259,23.33392,0.01273,913194.0133,15524,23.50367,0.07185,141773.8898,71,3
19.679526,1785530228.036259,23.31363,0.01273,913131.5144,15523,23.22647,0.07135,141641.4110,72,3
19.696526,1785530228.053259,23.35338,0.01273,913253.9517,15525,23.20979,0.07185,141633.4398,71,3
19.713526,1785530228.070259,23.35313,0.01273,913253.1681,15525,23.26180,0.07185,141658.2956,71,3
19.730526,1785530228.087259,23.30659,0.01273,913109.8248,15522,23.29472,0.07185,141674.0281,71,3
19.747526,1785530228.104259,23.30046,0.01273,913090.9574,15522,23.37073,0.07185,141710.3571,71,3
19.764526,1785530228.121259,23.39681,0.01273,913387.7332,15527,23.61210,0.07185,141825.7099,71,3
19.781526,1785530228.138259,23.30165,0.01273,913094.6186,15523,23.54605,0.07185,141794.1432,71,3
19.798526,1785530228.155259,23.25503,0.01274,912951.0380,15519,23.13420,0.07185,141597.3150,71,3
19.815526,1785530228.172259,23.24987,0.01273,912935.1404,15520,23.25909,0.07135,141657.0011,72,3
19.832526,1785530228.189259,23.31778,0.01273,913144.3009,15523,23.24765,0.07185,141651.5345,71,3
19.849526,1785530228.206259,23.37309,0.01273,913314.6739,15526,23.21482,0.07185,141635.8433,71,3
19.866526,1785530228.223259,23.38318,0.01273,913345.7381,15526,23.14881,0.07185,141604.2978,71,3
19.883526,1785530228.240259,23.37255,0.01273,913313.0075,15526,23.41335,0.07185,141730.7227,71,3
19.900526,1785530228.257259,23.33051,0.01273,913183.5183,15524,23.13880,0.07185,141599.5149,71,3
19.917526,1785530228.274259,23.26954,0.01273,912995.7189,15520,23.34717,0.07185,141699.0953,71,3
19.934526,1785530228.291259,23.27870,0.01273,913023.9328,15521,23.24054,0.07135,141648.1347,72,3
19.951526,1785530228.308259,23.30651,0.01273,913109.5909,15522,23.07745,0.07185,141570.1930,71,3
19.968526,1785530228.325259,23.31088,0.01273,913123.0401,15523,23.25737,0.07185,141656.1789,71,3
19.985526,1785530228.342259,23.30828,0.01273,913115.0399,15523,23.35188,0.07185,141701.3449,71,3
20.002526,1785530228.359259,23.25818,0.01274,912960.7322,15519,23.46532,0.07185,141755.5590,71,3
20.019526,1785530228.376259,23.26111,0.01273,912969.7659,15520,23.44645,0.07185,141746.5426,71,3
20.036526,1785530228.393259,23.28777,0.01273,913051.8719,15522,23.24770,0.07185,141651.5554,71,3
20.053526,1785530228.410259,23.26584,0.01273,912984.3211,15520,23.20767,0.07135,141632.4285,72,3
20.070526,1785530228.427259,23.25555,0.01273,912952.6329,15520,23.36126,0.07185,141705.8301,71,3
20.087526,1785530228.444259,23.27306,0.01273,913006.5529,15521,23.25218,0.07185,141653.6978,71,3
20.104526,1785530228.461259,23.26328,0.01273,912976.4478,15520,23.36575,0.07185,141707.9733,71,3
20.121526,1785530228.478259,23.31620,0.01273,913139.4342,15523,23.38979,0.07185,141719.4659,71,3
20.138526,1785530228.495259,23.27040,0.01273,912998.3557,15520,23.50833,0.07185,141776.1152,71,3
20.155526,1785530228.512259,23.24224,0.01274,912911.6366,15519,23.15304,0.07185,141606.3173,71,3
20.172526,1785530228.529259,23.26720,0.01273,912988.5133,15520,23.15781,0.07185,141608.5980,71,3
20.189526,1785530228.546259,23.32829,0.01273,913176.6616,15524,23.10533,0.07135,141583.5167,72,3
20.206526,1785530228.563259,23.35884,0.01273,913270.7665,15525,23.16250,0.07185,141610.8381,71,3
20.223526,1785530228.580259,23.33377,0.01273,913193.5564,15524,23.28533,0.07185,141669.5425,71,3
20.240526,1785530228.597259,23.32155,0.01273,913155.9180,15523,23.31851,0.07185,141685.3977,71,3
20.257526,1785530228.614259,23.31052,0.01273,913121.9342,15523,23.26666,0.07185,141660.6175,71,3
20.274526,1785530228.631259,23.32674,0.01273,913171.9139,15523,23.09146,0.07185,141576.8881,71,3
20.291526,1785530228.648259,23.34869,0.01273,913239.5221,15525,23.50296,0.07185,141773.5513,71,3
20.308526,1785530228.665259,23.36748,0.01273,913297.3863,15526,23.37114,0.07135,141710.5526,72,3
20.325526,1785530228.682259,23.34779,0.01273,913236.7412,15524,23.38466,0.07185,141717.0104,71,3
20.342526,1785530228.699259,23.34731,0.01273,913235.2445,15525,23.58375,0.07185,141812.1616,71,3
20.359526,1785530228.716259,23.31952,0.01273,913149.6587,15523,23.50811,0.07185,141776.0124,71,3
20.376526,1785530228.733259,23.30781,0.01273,913113.5843,15522,23.56971,0.07185,141805.4516,71,3
20.393526,1785530228.750259,23.27549,0.01273,913014.0539,15521,23.44681,0.07185,141746.7163,71,3
20.410526,1785530228.767259,23.20405,0.01274,912794.0060,15517,23.33300,0.07185,141692.3228,71,3
20.427526,1785530228.784259,23.20869,0.01274,912808.2819,15517,23.15654,0.07135,141607.9935,72,3
20.444526,1785530228.801259,23.26969,0.01273,912996.1922,15521,23.44171,0.07185,141744.2765,71,3
20.461526,1785530228.818259,23.31196,0.01273,913126.3859,15523,23.32853,0.07185,141690.1859,71,3
20.478526,1785530228.835259,23.28204,0.01273,913034.2330,15521,23.41808,0.07185,141732.9838,71,3
20.495526,1785530228.852259,23.25133,0.01274,912939.6271,15519,23.35628,0.07185,141703.4469,71,3
20.512526,1785530228.869259,23.23031,0.01274,912874.8785,15519,23.42252,0.07185,141735.1056,71,3
20.529526,1785530228.886259,23.25277,0.01274,912944.0721,15519,23.25226,0.07185,141653.7390,71,3
20.546526,1785530228.903259,23.26057,0.01273,912968.1005,15520,23.20531,0.07185,141631.3012,71,3
20.563526,1785530228.920259,23.28566,0.01273,913045.3807,15521,23.14237,0.07135,141601.2196,72,3
20.580526,1785530228.937259,23.26769,0.01273,912990.0065,15521,23.20039,0.07185,141628.9483,71,3
20.597526,1785530228.954259,23.22731,0.01274,912865.6428,15518,23.18139,0.07185,141619.8653,71,3
20.614526,1785530228.971259,23.22367,0.01274,912854.4295,15518,23.07721,0.07185,141570.0809,71,3
20.631526,1785530228.988259,23.25796,0.01273,912960.0615,15520,23.18159,0.07185,141619.9625,71,3
20.648526,1785530229.005259,23.31877,0.01273,913147.3570,15523,23.09155,0.07185,141576.9338,71,3
20.665526,1785530229.022259,23.31327,0.01273,913130.4162,15523,23.28553,0.07185,141669.6348,71,3
20.682526,1785530229.039259,23.26412,0.01273,912979.0103,15520,23.25913,0.07135,141657.0208,72,3
20.699526,1785530229.056259,23.27756,0.01273,913020.4131,15521,23.04424,0.07185,141554.3235,71,3
20.716526,1785530229.073259,23.26674,0.01273,912987.1066,15520,23.19563,0.07185,141626.6727,71,3
20.733526,1785530229.090259,23.24543,0.01274,912921.4657,15519,23.07758,0.07185,141570.2547,71,3
20.750526,1785530229.107259,23.22631,0.01274,912862.5564,15518,23.16708,0.07185,141613.0270,71,3
20.767526,1785530229.124259,23.23164,0.01274,912878.9719,15519,23.16238,0.07185,141610.7814,71,3
20.784526,1785530229.141259,23.28456,0.01273,913041.9849,15521,23.19080,0.07185,141624.3661,71,3
20.801526,1785530229.158259,23.27137,0.01273,913001.3416,15521,23.14718,0.07135,141603.5196,72,3
20.818526,1785530229.175259,23.35781,0.01273,913267.6055,15525,23.15745,0.07185,141608.4242,71,3
20.835526,1785530229.192259,23.35649,0.01273,913263.5183,15525,23.14817,0.07185,141603.9896,71,3
20.852526,1785530229.209259,23.34417,0.01273,913225.5942,15524,23.04901,0.07185,141556.6039,71,3
20.869526,1785530229.226259,23.32059,0.01273,913152.9564,15523,23.23340,0.07185,141644.7223,71,3
20.886526,1785530229.243259,23.28732,0.01273,913050.4856,15522,23.29931,0.07185,141676.2221,71,3
20.903526,1785530229.260259,23.29745,0.01273,913081.6864,15522,23.04466,0.07185,141554.5225,71,3
20.920526,1785530229.277259,23.30303,0.01273,913098.8792,15522,23.24261,0.07185,141649.1255,71,3
20.937526,1785530229.294259,23.23865,0.01274,912900.5635,15519,23.14272,0.07135,141601.3865,72,3
20.954526,1785530229.311259,23.27742,0.01273,913019.9871,15521,23.31390,0.07185,141683.1937,71,3
20.971526,1785530229.328259,23.23872,0.01274,912900.7811,15518,23.50790,0.07185,141775.9098,71,3
20.988526,1785530229.345259,23.27483,0.01273,913012.0245,15521,23.42281,0.07185,141735.2443,71,3
21.005526,1785530229.362259,23.26242,0.01273,912973.7738,15520,23.13930,0.07185,141599.7500,71,3
21.022526,1785530229.379259,23.24997,0.01273,912935.4502,15520,23.04434,0.07185,141554.3689,71,3
21.039526,1785530229.396259,23.34304,0.01273,913222.1046,15524,23.12052,0.07185,141590.7791,71,3
21.056526,1785530229.413259,23.21067,0.01274,912814.4026,15517,23.22628,0.07135,141641.3205,72,3
21.073526,1785530229.430259,23.21248,0.01274,912819.9607,15518,23.38495,0.07185,141717.1489,71,3
21.090526,1785530229.447259,23.28196,0.01273,913033.9852,15521,23.34721,0.07185,141699.1150,71,3
21.107526,1785530229.464259,23.31676,0.01273,913141.1643,15523,23.27136,0.07185,141662.8631,71,3
21.124526,1785530229.481259,23.28888,0.01273,913055.2797,15521,23.05821,0.07185,141560.9974,71,3
21.141526,1785530229.498259,23.22642,0.01274,912862.8910,15518,23.22429,0.07185,141640.3703,71,3
21.158526,1785530229.515259,23.32930,0.01273,913179.7980,15524,23.23829,0.07185,141647.0597,71,3
21.175526,1785530229.532259,23.36556,0.01273,913291.4674,15526,23.02574,0.07135,141545.4793,72,3
21.192526,1785530229.549259,23.35188,0.01273,913249.3287,15524,23.05892,0.07185,141561.3356,71,3
21.209526,1785530229.566259,23.39207,0.01273,913373.1103,15527,22.99684,0.07185,141531.6706,71,3
21.226526,1785530229.583259,23.37736,0.01273,913327.7983,15527,22.97343,0.07185,141520.4809,71,3
21.243526,1785530229.600259,23.29629,0.01273,913078.1234,15521,23.19595,0.07185,141626.8264,71,3
21.260526,1785530229.617259,23.27796,0.01273,913021.6555,15521,23.28083,0.07185,141667.3899,71,3
21.277526,1785530229.634259,23.30150,0.01273,913094.1500,15522,23.23855,0.07185,141647.1825,71,3
21.294526,1785530229.651259,23.26626,0.01273,912985.6039,15521,23.18191,0.07185,141620.1168,71,3
21.311526,1785530229.668259,23.32390,0.01273,913163.1593,15523,23.30592,0.07135,141679.3831,72,3
21.328526,1785530229.685259,23.36327,0.01273,913284.4010,15526,23.14839,0.07185,141604.0967,71,3
21.345526,1785530229.702259,23.36977,0.01273,913304.4439,15525,23.03473,0.07185,141549.7764,71,3
21.362526,1785530229.719259,23.39701,0.01273,913388.3355,15527,23.11042,0.07185,141585.9506,71,3
21.379526,1785530229.736259,23.32725,0.01273,913173.4694,15524,23.05399,0.07185,141558.9818,71,3
21.396526,1785530229.753259,23.32952,0.01273,913180.4578,15524,23.06322,0.07185,141563.3907,71,3
21.413526,1785530229.770259,23.30557,0.01273,913106.7050,15522,23.03017,0.07185,141547.5973,71,3
21.430526,1785530229.787259,23.25536,0.01273,912952.0473,15520,23.13333,0.07135,141596.8972,72,3
21.447526,1785530229.804259,23.22442,0.01274,912856.7583,15518,23.14871,0.07185,141604.2515,71,3
21.464526,1785530229.821259,23.30720,0.01273,913111.7023,15522,23.20968,0.07185,141633.3883,71,3
21.481526,1785530229.838259,23.27564,0.01273,913014.5047,15521,23.21005,0.07185,141633.5621,71,3
21.498526,1785530229.855259,23.26198,0.01273,912972.4369,15520,23.11518,0.07185,141588.2271,71,3
21.515526,1785530229.872259,23.31811,0.01273,913145.3062,15523,23.14823,0.07185,141604.0209,71,3
21.532526,1785530229.889259,23.32307,0.01273,913160.5849,15523,23.11495,0.07185,141588.1142,71,3
21.549526,1785530229.906259,23.32544,0.01273,913167.8827,15524,23.20797,0.07135,141632.5697,72,3
21.566526,1785530229.923259,23.32187,0.01273,913156.9000,15523,23.20528,0.07185,141631.2862,71,3
21.583526,1785530229.940259,23.36351,0.01273,913285.1543,15525,23.26191,0.07185,141658.3474,71,3
21.600526,1785530229.957259,23.36360,0.01273,913285.4246,15526,23.31838,0.07185,141685.3362,71,3
21.617526,1785530229.974259,23.37871,0.01273,913331.9570,15526,23.33800,0.07185,141694.7116,71,3
21.634526,1785530229.991259,23.39908,0.01273,913394.7171,15527,23.47512,0.07185,141760.2442,71,3
21.651526,1785530230.008259,23.40967,0.01273,913427.3382,15528,23.24775,0.07185,141651.5813,71,3
21.668526,1785530230.025259,23.35936,0.01273,913272.3649,15526,23.22419,0.07185,141640.3231,71,3
21.685526,1785530230.042259,23.30327,0.01273,913099.6011,15522,23.48784,0.07135,141766.3237,72,3
21.702526,1785530230.059259,23.27573,0.01273,913014.7851,15521,23.28093,0.07185,141667.4404,71,3
21.719526,1785530230.076259,23.31260,0.01273,913128.3389,15522,23.15756,0.07185,141608.4803,71,3
21.736526,1785530230.093259,23.31484,0.01273,913135.2566,15523,23.38939,0.07185,141719.2711,71,3
21.753526,1785530230.110259,23.33587,0.01273,913200.0243,15524,23.08240,0.07185,141572.5567,71,3
21.770526,1785530230.127259,23.35624,0.01273,913262.7672,15525,23.10592,0.07185,141583.7984,71,3
21.787526,1785530230.144259,23.28896,0.01273,913055.5355,15522,23.02994,0.07185,141547.4898,71,3
21.804526,1785530230.161259,23.22902,0.01274,912870.9187,15518,23.19379,0.07135,141625.7916,72,3
21.821526,1785530230.178259,23.26686,0.01273,912987.4691,15520,23.13931,0.07185,141599.7552,71,3
21.838526,1785530230.195259,23.29668,0.01273,913079.3133,15522,23.12936,0.07185,141595.0035,71,3
21.855526,1785530230.212259,23.28880,0.01273,913055.0398,15522,23.04408,0.07185,141554.2460,71,3
21.872526,1785530230.229259,23.28307,0.01273,913037.4057,15521,23.05847,0.07185,141561.1207,71,3
21.889526,1785530230.246259,23.28206,0.01273,913034.2935,15521,23.04907,0.07185,141556.6298,71,3
21.906526,1785530230.263259,23.35180,0.01273,913249.1011,15525,23.21973,0.07185,141638.1909,71,3
21.923526,1785530230.280259,23.34411,0.01273,913225.3960,15524,23.30566,0.07135,141679.2571,72,3
21.940526,1785530230.297259,23.33259,0.01273,913189.9135,15524,23.38992,0.07185,141719.5276,71,3
21.957526,1785530230.314259,23.30212,0.01273,913096.0817,15522,23.07755,0.07185,141570.2391,71,3
21.974526,1785530230.331259,23.32626,0.01273,913170.4321,15524,23.27600,0.07185,141665.0827,71,3
21.991526,1785530230.348259,23.33863,0.01273,913208.5182,15524,23.32315,0.07185,141687.6171,71,3
22.008526,1785530230.365259,23.31715,0.01273,913142.3616,15523,23.38957,0.07185,141719.3586,71,3
22.025526,1785530230.382259,23.34121,0.01273,913216.4762,15524,23.39880,0.07185,141723.7716,71,3
22.042526,1785530230.399259,23.29370,0.01273,913070.1460,15522,23.20972,0.07185,141633.4082,71,3
22.059526,1785530230.416259,23.28041,0.01273,913029.1937,15521,23.18469,0.07135,141621.4447,72,3
22.076526,1785530230.433259,23.27690,0.01273,913018.3734,15520,23.02540,0.07185,141545.3165,71,3
22.093526,1785530230.450259,23.31136,0.01273,913124.5333,15523,23.18612,0.07185,141622.1255,71,3
22.110526,1785530230.467259,23.26105,0.01273,912969.5770,15520,23.30424,0.07185,141678.5799,71,3
22.127526,1785530230.484259,23.27248,0.01273,913004.7621,15521,23.16709,0.07185,141613.0324,71,3
22.144526,1785530230.501259,23.31307,0.01273,913129.7935,15523,23.06786,0.07185,141565.6103,71,3
22.161526,1785530230.518259,23.27837,0.01273,913022.9050,15520,23.12950,0.07185,141595.0703,71,3
22.178526,1785530230.535259,23.29336,0.01273,913069.0850,15522,23.10512,0.07135,141583.4159,72,3
22.195526,1785530230.552259,23.30531,0.01273,913105.9011,15523,23.01132,0.07185,141538.5902,71,3
22.212526,1785530230.569259,23.34259,0.01273,913220.7339,15524,23.37088,0.07185,141710.4286,71,3
22.229526,1785530230.586259,23.35508,0.01273,913259.1741,15525,23.05868,0.07185,141561.2224,71,3
22.246526,1785530230.603259,23.40063,0.01273,913399.4773,15527,23.03013,0.07185,141547.5770,71,3
22.263526,1785530230.620259,23.44084,0.01273,913523.3422,15530,23.15307,0.07185,141606.3325,71,3
22.280526,1785530230.637259,23.46701,0.01273,913603.9335,15531,23.00202,0.07185,141534.1456,71,3
22.297526,1785530230.654259,23.44694,0.01273,913542.1317,15530,23.13326,0.07135,141596.8672,72,3
22.314526,1785530230.671259,23.42200,0.01273,913465.3172,15528,23.06792,0.07185,141565.6410,71,3
22.331526,1785530230.688259,23.35362,0.01273,913254.6936,15525,23.18597,0.07185,141622.0542,71,3
22.348526,1785530230.705259,23.36958,0.01273,913303.8550,15526,23.11058,0.07185,141586.0273,71,3
22.365526,1785530230.722259,23.35222,0.01273,913250.3788,15525,23.10546,0.07185,141583.5780,71,3
22.382526,1785530230.739259,23.38020,0.01273,913336.5609,15526,23.32810,0.07185,141689.9804,71,3
22.399526,1785530230.756259,23.42766,0.01273,913482.7444,15529,23.36148,0.07185,141705.9330,71,3
22.416526,1785530230.773259,23.38181,0.01273,913341.5103,15526,23.21468,0.07185,141635.7765,71,3
22.433526,1785530230.790259,23.45426,0.01273,913564.6726,15530,23.23103,0.07135,141643.5900,72,3
22.450526,1785530230.807259,23.46389,0.01273,913594.3381,15531,23.44664,0.07185,141746.6345,71,3
22.467526,1785530230.824259,23.44433,0.01273,913534.0979,15530,23.39426,0.07185,141721.5979,71,3
22.484526,1785530230.841259,23.48076,0.01273,913646.3032,15531,23.01627,0.07185,141540.9537,71,3
22.501526,1785530230.858259,23.48939,0.01273,913672.8815,15533,23.12456,0.07185,141592.7069,71,3
22.518526,1785530230.875259,23.44751,0.01273,913543.8707,15529,23.13404,0.07185,141597.2387,71,3
22.535526,1785530230.892259,23.38950,0.01273,913365.1925,15527,23.26171,0.07185,141658.2549,71,3
22.552526,1785530230.909259,23.36202,0.01273,913280.5603,15526,23.47861,0.07135,141761.9109,72,3
22.569526,1785530230.926259,23.36954,0.01273,913303.7268,15525,23.60313,0.07185,141821.4200,71,3
22.586526,1785530230.943259,23.33000,0.01273,913181.9385,15524,23.44620,0.07185,141746.4237,71,3
22.603526,1785530230.960259,23.26027,0.01273,912967.1632,15520,23.34233,0.07185,141696.7827,71,3
22.620526,1785530230.977259,23.34899,0.01273,913240.4297,15525,23.19548,0.07185,141626.6010,71,3
22.637526,1785530230.994259,23.31677,0.01273,913141.1891,15523,23.20520,0.07185,141631.2450,71,3
22.654526,1785530231.011259,23.28480,0.01273,913042.7146,15521,23.02072,0.07185,141543.0810,71,3
22.671526,1785530231.028259,23.32261,0.01273,913159.1785,15523,23.05848,0.07135,141561.1292,72,3
22.688526,1785530231.045259,23.28889,0.01273,913055.3248,15522,22.98272,0.07185,141524.9195,71,3
22.705526,1785530231.062259,23.35707,0.01273,913265.3165,15525,23.22869,0.07185,141642.4718,71,3
22.722526,1785530231.079259,23.32828,0.01273,913176.6537,15523,23.45598,0.07185,141751.0984,71,3
22.739526,1785530231.096259,23.36799,0.01273,913298.9660,15526,23.25218,0.07185,141653.6980,71,3
22.756526,1785530231.113259,23.35974,0.01273,913273.5511,15525,23.23828,0.07185,141647.0540,71,3
22.773526,1785530231.130259,23.35287,0.01273,913252.3844,15525,23.25213,0.07185,141653.6770,71,3
22.790526,1785530231.147259,23.28777,0.01273,913051.8840,15521,23.27150,0.07185,141662.9302,71,3
22.807526,1785530231.164259,23.20683,0.01274,912802.5821,15518,23.20320,0.07135,141630.2902,72,3
22.824526,1785530231.181259,23.27063,0.01273,912999.0776,15520,23.17210,0.07185,141615.4256,71,3
22.841526,1785530231.198259,23.28419,0.01273,913040.8494,15521,23.27137,0.07185,141662.8684,71,3
22.858526,1785530231.215259,23.25859,0.01273,912961.9887,15520,23.29490,0.07185,141674.1148,71,3
22.875526,1785530231.232259,23.23730,0.01274,912896.4283,15519,23.13436,0.07185,141597.3918,71,3
22.892526,1785530231.249259,23.31737,0.01273,913143.0339,15523,23.12953,0.07185,141595.0807,71,3
22.909526,1785530231.266259,23.30533,0.01273,913105.9553,15522,23.04922,0.07185,141556.7011,71,3
22.926526,1785530231.283259,23.35548,0.01273,913260.4286,15525,23.03073,0.07135,141547.8648,72,3
22.943526,1785530231.300259,23.35879,0.01273,913270.6178,15525,23.19069,0.07185,141624.3098,71,3
22.960526,1785530231.317259,23.37414,0.01273,913317.9074,15526,23.13895,0.07185,141599.5863,71,3
22.977526,1785530231.334259,23.36486,0.01273,913289.3009,15526,23.24758,0.07185,141651.4981,71,3
22.994526,1785530231.351259,23.36373,0.01273,913285.8280,15525,23.20024,0.07185,141628.8769,71,3
23.011526,1785530231.368259,23.36888,0.01273,913301.7009,15526,23.15793,0.07185,141608.6546,71,3
23.028526,1785530231.385259,23.34513,0.01273,913228.5276,15525,23.30444,0.07185,141678.6726,71,3
23.045526,1785530231.402259,23.34476,0.01273,913227.4017,15524,23.52739,0.07185,141785.2240,71,3
23.062526,1785530231.419259,23.31823,0.01273,913145.6904,15523,23.20776,0.07135,141632.4692,72,3
23.079526,1785530231.436259,23.33058,0.01273,913183.7290,15524,23.40381,0.07185,141726.1661,71,3
23.096526,1785530231.453259,23.32019,0.01273,913151.7389,15523,23.27123,0.07185,141662.8021,71,3
23.113526,1785530231.470259,23.34418,0.01273,913225.6097,15524,23.13375,0.07185,141597.1005,71,3
23.130526,1785530231.487259,23.29359,0.01273,913069.8068,15522,23.34727,0.07185,141699.1407,71,3
23.147526,1785530231.504259,23.34980,0.01273,913242.9340,15525,23.19093,0.07185,141624.4274,71,3
23.164526,1785530231.521259,23.34371,0.01273,913224.1538,15524,23.25718,0.07185,141656.0860,71,3
23.181526,1785530231.538259,23.31478,0.01273,913135.0708,15523,23.37567,0.07135,141712.7154,72,3
23.198526,1785530231.555259,23.27756,0.01273,913020.4085,15521,23.30923,0.07185,141680.9634,71,3
23.215526,1785530231.572259,23.30618,0.01273,913108.5716,15522,23.27599,0.07185,141665.0777,71,3
23.232526,1785530231.589259,23.23109,0.01274,912877.2924,15519,23.16239,0.07185,141610.7866,71,3
23.249526,1785530231.606259,23.28114,0.01273,913031.4461,15521,23.14381,0.07185,141601.9090,71,3
23.266526,1785530231.623259,23.26425,0.01273,912979.4325,15520,23.04440,0.07185,141554.3995,71,3
23.283526,1785530231.640259,23.23148,0.01274,912878.4955,15518,23.17668,0.07185,141617.6150,71,3
23.300526,1785530231.657259,23.24920,0.01273,912933.0740,15520,23.31061,0.07135,141681.6234,72,3
23.317526,1785530231.674259,23.27394,0.01273,913009.2779,15520,23.12011,0.07185,141590.5795,71,3
23.334526,1785530231.691259,23.28388,0.01273,913039.8886,15522,23.10108,0.07185,141581.4858,71,3
23.351526,1785530231.708259,23.30409,0.01273,913102.1430,15522,23.29950,0.07185,141676.3137,71,3
23.368526,1785530231.725259,23.32196,0.01273,913157.1835,15523,23.24743,0.07185,141651.4267,71,3
23.385526,1785530231.742259,23.30276,0.01273,913098.0335,15522,23.13435,0.07185,141597.3873,71,3
23.402526,1785530231.759259,23.28081,0.01273,913030.4286,15521,23.20943,0.07185,141633.2700,71,3
23.419526,1785530231.776259,23.30877,0.01273,913116.5578,15523,23.43202,0.07185,141739.6472,71,3
23.436526,1785530231.793259,23.33567,0.01273,913199.4141,15524,23.30558,0.07135,141679.2172,72,3
23.453526,1785530231.810259,23.38800,0.01273,913360.5887,15527,23.11052,0.07185,141585.9975,71,3
23.470526,1785530231.827259,23.31951,0.01273,913149.6355,15523,23.09169,0.07185,141577.0004,71,3
23.487526,1785530231.844259,23.30353,0.01273,913100.4221,15522,23.23340,0.07185,141644.7224,71,3
23.504526,1785530231.861259,23.35299,0.01273,913252.7422,15525,23.17170,0.07185,141615.2368,71,3
23.521526,1785530231.878259,23.31676,0.01273,913141.1643,15523,23.26613,0.07185,141660.3670,71,3
23.538526,1785530231.895259,23.34073,0.01273,913215.0001,15524,23.23321,0.07185,141644.6350,71,3
23.555526,1785530231.912259,23.30201,0.01273,913095.7316,15522,23.32911,0.07135,141690.4641,72,3
23.572526,1785530231.929259,23.32962,0.01273,913180.7830,15524,23.28061,0.07185,141667.2874,71,3
23.589526,1785530231.946259,23.32900,0.01273,913178.8532,15523,23.42727,0.07185,141737.3762,71,3
23.606526,1785530231.963259,23.29957,0.01273,913088.2172,15522,23.26181,0.07185,141658.3017,71,3
23.623526,1785530231.980259,23.27991,0.01273,913027.6507,15521,23.45121,0.07185,141748.8178,71,3
23.640526,1785530231.997259,23.27076,0.01273,912999.4888,15521,23.28083,0.07185,141667.3900,71,3
23.657526,1785530232.014259,23.28382,0.01273,913039.7031,15521,23.61224,0.07185,141825.7765,71,3
23.674526,1785530232.031259,23.25358,0.01273,912946.5505,15520,23.17038,0.07135,141614.6046,72,3
23.691526,1785530232.048259,23.27510,0.01273,913012.8347,15521,23.28065,0.07185,141667.3025,71,3
23.708526,1785530232.065259,23.30947,0.01273,913118.7209,15522,23.35646,0.07185,141703.5333,71,3
23.725526,1785530232.082259,23.36232,0.01273,913281.4993,15525,22.99210,0.07185,141529.4054,71,3
23.742526,1785530232.099259,23.34529,0.01273,913229.0480,15525,23.19056,0.07185,141624.2483,71,3
23.759526,1785530232.116259,23.34550,0.01273,913229.6909,15524,23.10104,0.07185,141581.4659,71,3
23.776526,1785530232.133259,23.34417,0.01273,913225.5818,15525,23.01600,0.07185,141540.8259,71,3
23.793526,1785530232.150259,23.41626,0.01273,913447.6228,15528,23.14368,0.07185,141601.8469,71,3
23.810526,1785530232.167259,23.26764,0.01273,912989.8798,15520,23.29654,0.07135,141674.9001,72,3
23.827526,1785530232.184259,23.28950,0.01273,913057.2069,15522,23.35182,0.07185,141701.3196,71,3
23.844526,1785530232.201259,23.34168,0.01273,913217.9212,15524,23.37985,0.07185,141714.7137,71,3
23.861526,1785530232.218259,23.26721,0.01273,912988.5505,15520,23.23385,0.07185,141644.9367,71,3
23.878526,1785530232.235259,23.36661,0.01273,913294.7010,15526,23.13862,0.07185,141599.4277,71,3
23.895526,1785530232.252259,23.32550,0.01273,913168.0934,15524,23.32798,0.07185,141689.9238,71,3
23.912526,1785530232.269259,23.32958,0.01273,913180.6438,15523,23.21470,0.07185,141635.7878,71,3
23.929526,1785530232.286259,23.32638,0.01273,913170.7915,15524,23.25914,0.07135,141657.0255,72,3
23.946526,1785530232.303259,23.27543,0.01273,913013.8713,15520,23.26681,0.07185,141660.6902,71,3
23.963526,1785530232.320259,23.33147,0.01273,913186.4769,15524,23.46533,0.07185,141755.5645,71,3
23.980526,1785530232.337259,23.38608,0.01273,913354.6702,15527,23.39900,0.07185,141723.8643,71,3
23.997526,1785530232.354259,23.33808,0.01273,913206.8145,15524,23.45083,0.07185,141748.6334,71,3
24.014526,1785530232.371259,23.39597,0.01273,913385.1393,15527,23.24328,0.07185,141649.4476,71,3
24.031526,1785530232.388259,23.33140,0.01273,913186.2536,15524,23.11036,0.07185,141585.9203,71,3
24.048526,1785530232.405259,23.26551,0.01273,912983.3017,15520,23.20801,0.07135,141632.5901,72,3
24.065526,1785530232.422259,23.33560,0.01273,913199.1910,15524,23.16728,0.07185,141613.1245,71,3
24.082526,1785530232.439259,23.28780,0.01273,913051.9460,15521,23.22930,0.07185,141642.7635,71,3
24.099526,1785530232.456259,23.29378,0.01273,913070.3815,15522,23.21426,0.07185,141635.5773,71,3
24.116526,1785530232.473259,23.25846,0.01273,912961.5999,15520,23.18649,0.07185,141622.3054,71,3
24.133526,1785530232.490259,23.27562,0.01273,913014.4551,15521,23.18122,0.07185,141619.7882,71,3
24.150526,1785530232.507259,23.27880,0.01273,913024.2380,15521,23.30000,0.07185,141676.5503,71,3
24.167526,1785530232.524259,23.23598,0.01274,912892.3459,15518,23.47019,0.07185,141757.8863,71,3
24.184526,1785530232.541259,23.31753,0.01273,913143.5280,15523,23.35250,0.07135,141701.6406,72,3
24.201526,1785530232.558259,23.35528,0.01273,913259.7967,15525,23.20494,0.07185,141631.1220,71,3
24.218526,1785530232.575259,23.34230,0.01273,913219.8360,15525,23.21914,0.07185,141637.9096,71,3
24.235526,1785530232.592259,23.28385,0.01273,913039.8068,15521,23.33768,0.07185,141694.5582,71,3
24.252526,1785530232.609259,23.24113,0.01274,912908.2219,15519,23.37536,0.07185,141712.5656,71,3
24.269526,1785530232.626259,23.24179,0.01274,912910.2531,15519,23.33291,0.07185,141692.2825,71,3
24.286526,1785530232.643259,23.22096,0.01274,912846.0811,15518,23.24807,0.07185,141651.7346,71,3
24.303526,1785530232.660259,23.25062,0.01274,912937.4409,15519,23.29638,0.07135,141674.8243,72,3
24.320526,1785530232.677259,23.27249,0.01273,913004.8117,15521,23.31859,0.07185,141685.4382,71,3
24.337526,1785530232.694259,23.27329,0.01273,913007.2762,15520,23.27138,0.07185,141662.8739,71,3
24.354526,1785530232.711259,23.21616,0.01274,912831.3103,15518,23.29964,0.07185,141676.3806,71,3
24.371526,1785530232.728259,23.30107,0.01273,913092.8427,15522,23.33735,0.07185,141694.4041,71,3
24.388526,1785530232.745259,23.28815,0.01273,913053.0508,15522,23.24759,0.07185,141651.5039,71,3
24.405526,1785530232.762259,23.31029,0.01273,913121.2459,15522,23.30469,0.07185,141678.7953,71,3
24.422526,1785530232.779259,23.28038,0.01273,913029.0961,15521,23.14236,0.07135,141601.2146,72,3
24.439526,1785530232.796259,23.28341,0.01273,913038.4483,15521,23.42737,0.07185,141737.4226,71,3
24.456526,1785530232.813259,23.29958,0.01273,913088.2420,15522,23.12463,0.07185,141592.7430,71,3
24.473526,1785530232.830259,23.31661,0.01273,913140.6904,15523,23.10090,0.07185,141581.3990,71,3
24.490526,1785530232.847259,23.32498,0.01273,913166.4888,15524,22.91203,0.07185,141491.1379,71,3
24.507526,1785530232.864259,23.35448,0.01273,913257.3466,15525,22.90245,0.07185,141486.5607,71,3
24.524526,1785530232.881259,23.37744,0.01273,913328.0557,15526,22.92152,0.07185,141495.6747,71,3
24.541526,1785530232.898259,23.31792,0.01333,913144.7189,14156,22.99602,0.07509,141531.2784,65,3
25.820331,1785530234.177064,23.27439,0.01293,913010.6706,15521,23.31845,0.07250,141685.3719,71,4
25.837331,1785530234.194064,23.29402,0.01293,913071.1235,15522,23.10122,0.07250,141581.5525,71,4
25.854331,1785530234.211064,23.29004,0.01293,913058.8536,15521,23.12940,0.07250,141595.0186,71,4
25.871331,1785530234.228064,23.30859,0.01293,913115.9893,15523,23.27608,0.07250,141665.1190,71,4
25.888331,1785530234.245064,23.29538,0.01293,913075.3028,15522,23.16721,0.07250,141613.0889,71,4
25.905331,1785530234.262064,23.27734,0.01294,913019.7306,15520,23.12952,0.07250,141595.0804,71,4
25.922331,1785530234.279064,23.24326,0.01294,912914.7849,15520,23.26686,0.07250,141660.7159,71,4
25.939331,1785530234.296064,23.30771,0.01293,913113.2947,15522,23.25951,0.07200,141657.2027,72,4
25.956331,1785530234.313064,23.33780,0.01293,913205.9703,15524,23.25206,0.07250,141653.6416,71,4
25.973331,1785530234.330064,23.33216,0.01293,913188.5799,15524,23.12969,0.07250,141595.1575,71,4
25.990331,1785530234.347064,23.33345,0.01293,913192.5744,15524,23.30926,0.07250,141680.9790,71,4
26.007331,1785530234.364064,23.27569,0.01294,913014.6754,15520,23.01153,0.07250,141538.6876,71,4
26.024331,1785530234.381064,23.30372,0.01293,913101.0095,15523,23.24284,0.07250,141649.2329,71,4
26.041331,1785530234.398064,23.24211,0.01294,912911.2478,15519,23.06815,0.07250,141565.7489,71,4
26.058331,1785530234.415064,23.25571,0.01294,912953.1172,15519,23.25420,0.07200,141654.6652,72,4
26.075331,1785530234.432064,23.22562,0.01294,912860.4340,15519,23.06299,0.07250,141563.2834,71,4
26.092331,1785530234.449064,23.24782,0.01294,912928.8080,15519,23.43213,0.07250,141739.6985,71,4
26.109331,1785530234.466064,23.22418,0.01294,912856.0100,15518,23.39443,0.07250,141721.6806,71,4
26.126331,1785530234.483064,23.22680,0.01294,912864.0702,15518,23.49369,0.07250,141769.1172,71,4
26.143331,1785530234.500064,23.22636,0.01294,912862.7299,15518,23.42768,0.07250,141737.5712,71,4
26.160331,1785530234.517064,23.27624,0.01293,913016.3698,15521,23.38497,0.07250,141717.1594,71,4
26.177331,1785530234.534064,23.26455,0.01294,912980.3628,15520,23.21245,0.07200,141634.7135,72,4
26.194331,1785530234.551064,23.24390,0.01294,912916.7495,15519,23.30921,0.07250,141680.9536,71,4
26.211331,1785530234.568064,23.18624,0.01294,912739.1502,15516,23.29991,0.07250,141676.5087,71,4
26.228331,1785530234.585064,23.27379,0.01293,913008.8178,15521,23.20491,0.07250,141631.1072,71,4
26.245331,1785530234.602064,23.28735,0.01293,913050.5878,15522,23.10080,0.07250,141581.3526,71,4
26.262331,1785530234.619064,23.22707,0.01294,912864.8960,15518,23.23328,0.07250,141644.6660,71,4
26.279331,1785530234.636064,23.22830,0.01294,912868.7015,15518,23.29461,0.07250,141673.9768,71,4
26.296331,1785530234.653064,23.25749,0.01294,912958.6037,15520,23.23826,0.07250,141647.0441,71,4
26.313331,1785530234.670064,23.30094,0.01293,913092.4213,15522,23.08203,0.07200,141572.3813,72,4
26.330331,1785530234.687064,23.31238,0.01293,913127.6823,15523,23.12489,0.07250,141592.8657,71,4
26.347331,1785530234.704064,23.25339,0.01294,912945.9623,15519,23.20043,0.07250,141628.9646,71,4
26.364331,1785530234.721064,23.26362,0.01294,912977.4905,15520,23.23327,0.07250,141644.6602,71,4
26.381331,1785530234.738064,23.22244,0.01294,912850.6334,15518,23.35655,0.07250,141703.5795,71,4
26.398331,1785530234.755064,23.31589,0.01293,913138.4784,15523,23.45609,0.07250,141751.1501,71,4
26.415331,1785530234.772064,23.29876,0.01293,913085.7046,15522,23.22375,0.07250,141640.1135,71,4
26.432331,1785530234.789064,23.34017,0.01293,913213.2716,15524,23.15206,0.07200,141605.8511,72,4
26.449331,1785530234.806064,23.33092,0.01293,913184.7729,15524,23.42339,0.07250,141735.5212,71,4
26.466331,1785530234.823064,23.33140,0.01293,913186.2536,15524,23.37552,0.07250,141712.6434,71,4
26.483331,1785530234.840064,23.33584,0.01293,913199.9221,15524,23.22384,0.07250,141640.1543,71,4
26.500331,1785530234.857064,23.26918,0.01294,912994.5957,15520,23.18608,0.07250,141622.1110,71,4
26.517331,1785530234.874064,23.28845,0.01293,913053.9709,15522,23.10118,0.07250,141581.5320,71,4
26.534331,1785530234.891064,23.30599,0.01293,913107.9767,15522,23.17196,0.07250,141615.3596,71,4
26.551331,1785530234.908064,23.32384,0.01293,913162.9812,15523,23.30106,0.07200,141677.0588,72,4
26.568331,1785530234.925064,23.29450,0.01293,913072.5920,15522,23.31383,0.07250,141683.1626,71,4
26.585331,1785530234.942064,23.31518,0.01293,913136.2885,15523,23.21457,0.07250,141635.7255,71,4
26.602331,1785530234.959064,23.37809,0.01293,913330.0689,15526,23.29505,0.07250,141674.1862,71,4
26.619331,1785530234.976064,23.34062,0.01293,913214.6586,15525,23.14839,0.07250,141604.0978,71,4
26.636331,1785530234.993064,23.36341,0.01293,913284.8461,15525,23.28096,0.07250,141667.4509,71,4
26.653331,1785530235.010064,23.36240,0.01293,913281.7471,15525,23.42281,0.07250,141735.2436,71,4
26.670331,1785530235.027064,23.30815,0.01293,913114.6309,15523,23.29499,0.07250,141674.1564,71,4
26.687331,1785530235.044064,23.30423,0.01293,913102.5752,15522,23.07751,0.07200,141570.2226,72,4
26.704331,1785530235.061064,23.33804,0.01293,913206.7169,15524,23.17201,0.07250,141615.3854,71,4
26.721331,1785530235.078064,23.41146,0.01293,913432.8367,15528,23.17704,0.07250,141617.7893,71,4
26.738331,1785530235.095064,23.34376,0.01293,913224.3243,15525,23.24767,0.07250,141651.5450,71,4
26.755331,1785530235.112064,23.31036,0.01293,913121.4566,15522,23.20499,0.07250,141631.1479,71,4
26.772331,1785530235.129064,23.35633,0.01293,913263.0429,15525,23.34675,0.07250,141698.8947,71,4
26.789331,1785530235.146064,23.32191,0.01293,913157.0240,15523,23.23333,0.07250,141644.6911,71,4
26.806331,1785530235.163064,23.31337,0.01293,913130.7263,15523,23.24045,0.07200,141648.0939,72,4
26.823331,1785530235.180064,23.33295,0.01293,913191.0178,15524,23.17657,0.07250,141617.5640,71,4
26.840331,1785530235.197064,23.33777,0.01293,913205.8712,15524,23.30450,0.07250,141678.7027,71,4
26.857331,1785530235.214064,23.37653,0.01293,913325.2542,15526,23.27141,0.07250,141662.8890,71,4
26.874331,1785530235.231064,23.36123,0.01293,913278.1351,15526,23.25713,0.07250,141656.0657,71,4
26.891331,1785530235.248064,23.35826,0.01293,913268.9761,15525,23.37091,0.07250,141710.4389,71,4
26.908331,1785530235.265064,23.39100,0.01293,913369.8282,15527,23.29937,0.07250,141676.2525,71,4
26.925331,1785530235.282064,23.36855,0.01293,913300.6665,15525,23.00757,0.07200,141536.7990,72,4
26.942331,1785530235.299064,23.37400,0.01293,913317.4583,15526,23.35188,0.07250,141701.3451,71,4
26.959331,1785530235.316064,23.33134,0.01293,913186.0677,15524,23.46062,0.07250,141753.3136,71,4
26.976331,1785530235.333064,23.31216,0.01293,913126.9837,15523,23.49851,0.07250,141771.4244,71,4
26.993331,1785530235.350064,23.27737,0.01293,913019.8477,15521,23.19114,0.07250,141624.5251,71,4
27.010331,1785530235.367064,23.28013,0.01293,913028.3370,15521,23.30446,0.07250,141678.6827,71,4
27.027331,1785530235.384064,23.28261,0.01293,913035.9727,15521,23.06353,0.07250,141563.5392,71,4
27.044331,1785530235.401064,23.26798,0.01294,912990.9271,15520,23.06316,0.07250,141563.3653,71,4
27.061331,1785530235.418064,23.32151,0.01293,913155.7817,15523,23.30105,0.07200,141677.0536,72,4
27.078331,1785530235.435064,23.33338,0.01293,913192.3513,15524,23.37563,0.07250,141712.6988,71,4
27.095331,1785530235.452064,23.30603,0.01293,913108.1006,15523,23.40853,0.07250,141728.4211,71,4
27.112331,1785530235.469064,23.30002,0.01293,913089.6113,15522,23.10578,0.07250,141583.7316,71,4
27.129331,1785530235.486064,23.27025,0.01294,912997.9095,15520,23.26199,0.07250,141658.3887,71,4
27.146331,1785530235.503064,23.26066,0.01294,912968.3716,15520,23.33251,0.07250,141692.0869,71,4
27.163331,1785530235.520064,23.25901,0.01294,912963.2824,15520,23.16253,0.07250,141610.8536,71,4
27.180331,1785530235.537064,23.23077,0.01294,912876.3076,15518,23.34779,0.07200,141699.3911,72,4
27.197331,1785530235.554064,23.21890,0.01294,912839.7331,15518,23.20490,0.07250,141631.1012,71,4
27.214331,1785530235.571064,23.20148,0.01294,912786.0816,15517,23.30443,0.07250,141678.6672,71,4
27.231331,1785530235.588064,23.23226,0.01294,912880.8993,15519,23.40837,0.07250,141728.3443,71,4
27.248331,1785530235.605064,23.24127,0.01294,912908.6430,15518,23.40373,0.07250,141726.1245,71,4
27.265331,1785530235.622064,23.27269,0.01293,913005.4344,15521,23.38017,0.07250,141714.8675,71,4
27.282331,1785530235.639064,23.20969,0.01294,912811.3655,15517,23.39419,0.07250,141721.5671,71,4
27.299331,1785530235.656064,23.30605,0.01293,913108.1749,15523,23.46927,0.07200,141757.4467,72,4
27.316331,1785530235.673064,23.23951,0.01294,912903.2129,15519,23.42267,0.07250,141735.1775,71,4
27.333331,1785530235.690064,23.21087,0.01294,912815.0007,15517,23.19559,0.07250,141626.6519,71,4
27.350331,1785530235.707064,23.17003,0.01294,912689.2078,15515,23.42308,0.07250,141735.3728,71,4
27.367331,1785530235.724064,23.27959,0.01293,913026.6686,15521,23.21446,0.07250,141635.6695,71,4
27.384331,1785530235.741064,23.23299,0.01294,912883.1520,15519,23.19571,0.07250,141626.7133,71,4
27.401331,1785530235.758064,23.26847,0.01294,912992.4205,15520,23.23846,0.07250,141647.1413,71,4
27.418331,1785530235.775064,23.29624,0.01293,913077.9687,15522,23.38518,0.07250,141717.2618,71,4
27.435331,1785530235.792064,23.28818,0.01293,913053.1434,15521,23.59071,0.07200,141815.4876,72,4
27.452331,1785530235.809064,23.26147,0.01294,912970.8721,15520,23.45146,0.07250,141748.9363,71,4
27.469331,1785530235.826064,23.26402,0.01293,912978.7087,15521,23.25718,0.07250,141656.0864,71,4
27.486331,1785530235.843064,23.21241,0.01294,912819.7640,15517,23.15269,0.07250,141606.1533,71,4
27.503331,1785530235.860064,23.26741,0.01294,912989.1501,15520,23.41822,0.07250,141733.0499,71,4
27.520331,1785530235.877064,23.23011,0.01294,912874.2665,15519,23.42259,0.07250,141735.1414,71,4
27.537331,1785530235.894064,23.30278,0.01293,913098.1078,15522,23.46546,0.07250,141755.6256,71,4
27.554331,1785530235.911064,23.34252,0.01293,913220.5078,15524,23.31077,0.07200,141681.6989,72,4
27.571331,1785530235.928064,23.29416,0.01293,913071.5649,15522,23.17203,0.07250,141615.3953,71,4
27.588331,1785530235.945064,23.27715,0.01293,913019.1661,15521,23.30901,0.07250,141680.8558,71,4
27.605331,1785530235.962064,23.26553,0.01294,912983.3543,15520,23.03482,0.07250,141549.8218,71,4
27.622331,1785530235.979064,23.27172,0.01293,913002.4229,15521,23.20516,0.07250,141631.2250,71,4
27.639331,1785530235.996064,23.24916,0.01294,912932.9463,15519,23.14870,0.07250,141604.2460,71,4
27.656331,1785530236.013064,23.25465,0.01294,912949.8473,15520,23.13888,0.07250,141599.5506,71,4
27.673331,1785530236.030064,23.24554,0.01294,912921.7879,15519,23.14729,0.07200,141603.5699,72,4
27.690331,1785530236.047064,23.27889,0.01293,913024.5261,15521,23.06318,0.07250,141563.3755,71,4
27.707331,1785530236.064064,23.31892,0.01293,913147.8077,15523,23.12010,0.07250,141590.5749,71,4
27.724331,1785530236.081064,23.34835,0.01293,913238.4535,15525,23.06811,0.07250,141565.7282,71,4
27.741331,1785530236.098064,23.33653,0.01293,913202.0502,15524,23.22907,0.07250,141642.6563,71,4
27.758331,1785530236.115064,23.35208,0.01293,913249.9374,15524,23.38956,0.07250,141719.3530,71,4
27.775331,1785530236.132064,23.32500,0.01293,913166.5383,15524,23.40368,0.07250,141726.1038,71,4
27.792331,1785530236.149064,23.36071,0.01293,913276.5247,15525,23.34694,0.07250,141698.9868,71,4
27.809331,1785530236.166064,23.34475,0.01293,913227.3737,15525,23.33355,0.07200,141692.5874,72,4
27.826331,1785530236.183064,23.34233,0.01293,913219.9130,15524,23.27153,0.07250,141662.9452,71,4
27.843331,1785530236.200064,23.30826,0.01293,913114.9862,15522,23.34704,0.07250,141699.0328,71,4
27.860331,1785530236.217064,23.27751,0.01293,913020.2768,15521,23.51288,0.07250,141778.2885,71,4
27.877331,1785530236.234064,23.28441,0.01293,913041.5236,15521,23.39473,0.07250,141721.8247,71,4
27.894331,1785530236.251064,23.28283,0.01293,913036.6666,15522,23.12491,0.07250,141592.8762,71,4
27.911331,1785530236.268064,23.27694,0.01294,913018.5098,15520,23.32392,0.07250,141687.9857,71,4
27.928331,1785530236.285064,23.28994,0.01293,913058.5468,15522,23.12395,0.07200,141592.4140,72,4
27.945331,1785530236.302064,23.23623,0.01294,912893.1065,15519,23.20031,0.07250,141628.9077,71,4
27.962331,1785530236.319064,23.30396,0.01293,913101.7264,15522,23.16754,0.07250,141613.2469,71,4
27.979331,1785530236.336064,23.27419,0.01293,913010.0478,15521,23.41789,0.07250,141732.8914,71,4
27.996331,1785530236.353064,23.27033,0.01294,912998.1450,15520,23.16248,0.07250,141610.8279,71,4
28.013331,1785530236.370064,23.21301,0.01294,912821.5907,15518,23.19546,0.07250,141626.5908,71,4
28.030331,1785530236.387064,23.24073,0.01294,912906.9933,15519,23.35651,0.07250,141703.5597,71,4
28.047331,1785530236.404064,23.25970,0.01294,912965.3958,15519,23.44584,0.07200,141746.2505,72,4
28.064331,1785530236.421064,23.31326,0.01293,913130.3790,15523,23.19545,0.07250,141626.5860,71,4
28.081331,1785530236.438064,23.26112,0.01294,912969.7923,15520,23.15294,0.07250,141606.2713,71,4
28.098331,1785530236.455064,23.32921,0.01293,913179.5208,15524,23.08665,0.07250,141574.5918,71,4
28.115331,1785530236.472064,23.32250,0.01293,913158.8269,15523,23.24315,0.07250,141649.3812,71,4
28.132331,1785530236.489064,23.30350,0.01293,913100.3106,15522,23.13409,0.07250,141597.2645,71,4
28.149331,1785530236.506064,23.21015,0.01294,912812.7836,15518,23.31879,0.07250,141685.5310,71,4
28.166331,1785530236.523064,23.20338,0.01294,912791.9543,15517,23.36564,0.07250,141707.9220,71,4
28.183331,1785530236.540064,23.23128,0.01294,912877.8711,15518,23.26367,0.07200,141659.1893,72,4
28.200331,1785530236.557064,23.26697,0.01294,912987.7917,15520,23.31369,0.07250,141683.0959,71,4
28.217331,1785530236.574064,23.27943,0.01293,913026.1822,15521,23.40848,0.07250,141728.3964,71,4
28.234331,1785530236.591064,23.32547,0.01293,913167.9819,15524,23.17236,0.07250,141615.5538,71,4
28.251331,1785530236.608064,23.36429,0.01293,913287.5688,15525,23.04904,0.07250,141556.6139,71,4
28.268331,1785530236.625064,23.32675,0.01293,913171.9252,15524,23.20966,0.07250,141633.3779,71,4
28.285331,1785530236.642064,23.30187,0.01293,913095.3102,15522,22.96884,0.07250,141518.2858,71,4
28.302331,1785530236.659064,23.27020,0.01294,912997.7437,15520,23.22646,0.07200,141641.4062,72,4
28.319331,1785530236.676064,23.31379,0.01293,913132.0224,15523,23.03469,0.07250,141549.7556,71,4
28.336331,1785530236.693064,23.38044,0.01293,913337.2847,15527,23.13432,0.07250,141597.3712,71,4
28.353331,1785530236.710064,23.36909,0.01293,913302.3314,15525,23.06792,0.07250,141565.6364,71,4
28.370331,1785530236.727064,23.36127,0.01293,913278.2590,15526,23.11990,0.07250,141590.4825,71,4
28.387331,1785530236.744064,23.33480,0.01293,913196.7172,15523,23.11064,0.07250,141586.0535,71,4
28.404331,1785530236.761064,23.37400,0.01293,913317.4707,15526,23.40369,0.07250,141726.1090,71,4
28.421331,1785530236.778064,23.32223,0.01293,913158.0182,15524,23.18901,0.07200,141623.5067,72,4
28.438331,1785530236.795064,23.34350,0.01293,913223.5188,15524,23.23330,0.07250,141644.6759,71,4
28.455331,1785530236.812064,23.30185,0.01293,913095.2235,15522,23.16710,0.07250,141613.0376,71,4
28.472331,1785530236.829064,23.31738,0.01293,913143.0788,15523,23.32359,0.07250,141687.8274,71,4
28.489331,1785530236.846064,23.29355,0.01293,913069.6581,15522,23.22369,0.07250,141640.0829,71,4
28.506331,1785530236.863064,23.31125,0.01293,913124.1987,15523,23.26657,0.07250,141660.5772,71,4
28.523331,1785530236.880064,23.24975,0.01294,912934.7792,15519,23.08217,0.07250,141572.4486,71,4
28.540331,1785530236.897064,23.25297,0.01294,912944.6806,15520,22.89344,0.07250,141482.2537,71,4
28.557331,1785530236.914064,23.23567,0.01294,912891.3962,15518,23.16570,0.07200,141612.3706,72,4
28.574331,1785530236.931064,23.27645,0.01293,913016.9895,15521,23.21022,0.07250,141633.6443,71,4
28.591331,1785530236.948064,23.31362,0.01293,913131.4850,15523,22.99699,0.07250,141531.7424,71,4
28.608331,1785530236.965064,23.24694,0.01294,912926.1168,15519,23.20998,0.07250,141633.5314,71,4
28.625331,1785530236.982064,23.26015,0.01294,912966.8038,15520,23.17210,0.07250,141615.4261,71,4
28.642331,1785530236.999064,23.29049,0.01293,913060.2508,15522,23.06786,0.07250,141565.6106,71,4
28.659331,1785530237.016064,23.31515,0.01293,913136.2139,15523,23.17220,0.07250,141615.4776,71,4
28.676331,1785530237.033064,23.30276,0.01293,913098.0335,15522,23.18923,0.07200,141623.6129,72,4
28.693331,1785530237.050064,23.32124,0.01293,913154.9562,15523,23.17663,0.07250,141617.5947,71,4
28.710331,1785530237.067064,23.32157,0.01293,913155.9800,15523,23.19107,0.07250,141624.4941,71,4
28.727331,1785530237.084064,23.32588,0.01293,913169.2364,15524,23.17185,0.07250,141615.3083,71,4
28.744331,1785530237.101064,23.30867,0.01293,913116.2332,15522,23.24290,0.07250,141649.2636,71,4
28.761331,1785530237.118064,23.28702,0.01293,913049.5448,15521,23.53187,0.07250,141787.3665,71,4
28.778331,1785530237.135064,23.32062,0.01293,913153.0557,15524,23.46086,0.07250,141753.4268,71,4
28.795331,1785530237.152064,23.33953,0.01293,913211.2952,15524,23.27301,0.07200,141663.6528,72,4
28.812331,1785530237.169064,23.31660,0.01293,913140.6562,15523,23.31851,0.07250,141685.3979,71,4
28.829331,1785530237.186064,23.32647,0.01293,913171.0667,15523,23.22366,0.07250,141640.0676,71,4
28.846331,1785530237.203064,23.32431,0.01293,913164.4009,15524,23.17189,0.07250,141615.3292,71,4
28.863331,1785530237.220064,23.30439,0.01293,913103.0586,15522,23.28528,0.07250,141669.5171,71,4
28.880331,1785530237.237064,23.31079,0.01293,913122.7675,15523,23.16686,0.07250,141612.9248,71,4
28.897331,1785530237.254064,23.31261,0.01293,913128.3637,15522,23.21901,0.07250,141637.8481,71,4
28.914331,1785530237.271064,23.35970,0.01293,913273.4257,15525,23.23827,0.07250,141647.0492,71,4
28.931331,1785530237.288064,23.31511,0.01293,913136.0652,15523,23.10064,0.07200,141581.2774,72,4
28.948331,1785530237.305064,23.33122,0.01293,913185.6929,15524,23.21437,0.07250,141635.6286,71,4
28.965331,1785530237.322064,23.33898,0.01293,913209.5869,15524,23.45610,0.07250,141751.1554,71,4
28.982331,1785530237.339064,23.30962,0.01293,913119.1709,15523,23.28567,0.07250,141669.7018,71,4
28.999331,1785530237.356064,23.28270,0.01293,913036.2624,15521,23.47018,0.07250,141757.8812,71,4
29.016331,1785530237.373064,23.33504,0.01293,913197.4579,15524,23.27582,0.07250,141664.9961,71,4
29.033331,1785530237.390064,23.31513,0.01293,913136.1272,15523,23.07749,0.07250,141570.2136,71,4
29.050331,1785530237.407064,23.33849,0.01293,913208.0814,15524,23.16149,0.07200,141610.3585,72,4
29.067331,1785530237.424064,23.28977,0.01293,913058.0201,15521,23.07284,0.07250,141567.9881,71,4
29.084331,1785530237.441064,23.27110,0.01293,913000.5206,15521,23.08209,0.07250,141572.4131,71,4
29.101331,1785530237.458064,23.31735,0.01293,913142.9921,15523,23.28095,0.07250,141667.4457,71,4
29.118331,1785530237.475064,23.30074,0.01293,913091.8234,15522,23.42754,0.07250,141737.5046,71,4
29.135331,1785530237.492064,23.32874,0.01293,913178.0679,15524,23.51734,0.07250,141780.4205,71,4
29.152331,1785530237.509064,23.34218,0.01293,913219.4515,15524,23.40850,0.07250,141728.4066,71,4
29.169331,1785530237.526064,23.33861,0.01293,913208.4702,15524,23.46565,0.07250,141755.7185,71,4
29.186331,1785530237.543064,23.31429,0.01293,913133.5513,15523,23.34776,0.07200,141699.3759,72,4
29.203331,1785530237.560064,23.32515,0.01293,913167.0007,15523,23.08204,0.07250,141572.3877,71,4
29.220331,1785530237.577064,23.26019,0.01294,912966.9262,15520,23.51759,0.07250,141780.5386,71,4
29.237331,1785530237.594064,23.33325,0.01293,913191.9394,15524,23.38501,0.07250,141717.1797,71,4
29.254331,1785530237.611064,23.26862,0.01294,912992.8791,15520,23.35666,0.07250,141703.6318,71,4
29.271331,1785530237.628064,23.26438,0.01293,912979.8194,15521,23.14834,0.07250,141604.0722,71,4
29.288331,1785530237.645064,23.28367,0.01293,913039.2321,15521,23.11028,0.07250,141585.8842,71,4
29.305331,1785530237.662064,23.27704,0.01293,913018.8330,15521,23.13782,0.07200,141599.0460,72,4
29.322331,1785530237.679064,23.29620,0.01293,913077.8259,15521,23.20061,0.07250,141629.0505,71,4
29.339331,1785530237.696064,23.28336,0.01293,913038.2838,15522,23.20468,0.07250,141630.9996,71,4
29.356331,1785530237.713064,23.31094,0.01293,913123.2473,15522,23.34235,0.07250,141696.7928,71,4
29.373331,1785530237.730064,23.25487,0.01294,912950.5445,15520,23.19564,0.07250,141626.6776,71,4
29.390331,1785530237.747064,23.26260,0.01294,912974.3548,15520,23.13398,0.07250,141597.2082,71,4
29.407331,1785530237.764064,23.27220,0.01293,913003.9039,15521,23.30959,0.07250,141681.1335,71,4
29.424331,1785530237.781064,23.30627,0.01293,913108.8551,15522,23.14273,0.07200,141601.3917,72,4
29.441331,1785530237.798064,23.33436,0.01293,913195.3592,15524,23.20989,0.07250,141633.4855,71,4
29.458331,1785530237.815064,23.30296,0.01293,913098.6438,15522,23.33291,0.07250,141692.2823,71,4
29.475331,1785530237.832064,23.30235,0.01293,913096.7741,15522,23.27632,0.07250,141665.2372,71,4
29.492331,1785530237.849064,23.27190,0.01293,913002.9837,15521,23.08696,0.07250,141574.7399,71,4
29.509331,1785530237.866064,23.26120,0.01294,912970.0386,15520,23.16708,0.07250,141613.0271,71,4
29.526331,1785530237.883064,23.30149,0.01293,913094.1253,15522,23.04465,0.07250,141554.5168,71,4
29.543331,1785530237.900064,23.36552,0.01293,913291.3311,15526,23.11546,0.07250,141588.3600,71,4
29.560331,1785530237.917064,23.30065,0.01293,913091.5507,15522,23.08650,0.07200,141574.5197,72,4
29.577331,1785530237.934064,23.28983,0.01293,913058.2060,15521,23.37121,0.07250,141710.5831,71,4
29.594331,1785530237.951064,23.25346,0.01294,912946.1880,15520,23.31424,0.07250,141683.3571,71,4
29.611331,1785530237.968064,23.30531,0.01293,913105.8933,15522,23.15303,0.07250,141606.3114,71,4
29.628331,1785530237.985064,23.34176,0.01293,913218.1773,15525,23.16235,0.07250,141610.7666,71,4
29.645331,1785530238.002064,23.33754,0.01293,913205.1525,15524,23.17170,0.07250,141615.2370,71,4
29.662331,1785530238.019064,23.34032,0.01293,913213.7409,15524,23.24764,0.07250,141651.5295,71,4
29.679331,1785530238.036064,23.29650,0.01293,913078.7649,15522,23.26874,0.07200,141661.6106,72,4
29.696331,1785530238.053064,23.24828,0.01294,912930.2226,15519,23.30460,0.07250,141678.7499,71,4
29.713331,1785530238.070064,23.25252,0.01294,912943.3111,15520,23.32323,0.07250,141687.6529,71,4
29.730331,1785530238.087064,23.23563,0.01294,912891.2768,15518,23.14840,0.07250,141604.1027,71,4
29.747331,1785530238.104064,23.25408,0.01294,912948.1014,15520,23.10594,0.07250,141583.8082,71,4
29.764331,1785530238.121064,23.22041,0.01294,912844.4015,15518,22.98771,0.07250,141527.3079,71,4
29.781331,1785530238.138064,23.22913,0.01294,912871.2642,15518,23.14375,0.07250,141601.8782,71,4
29.798331,1785530238.155064,23.25214,0.01294,912942.1182,15520,23.31047,0.07200,141681.5574,72,4
29.815331,1785530238.172064,23.20608,0.01294,912800.2676,15517,23.31402,0.07250,141683.2550,71,4
29.832331,1785530238.189064,23.25477,0.01294,912950.2292,15519,22.99707,0.07250,141531.7783,71,4
29.849331,1785530238.206064,23.29040,0.01293,913059.9673,15522,23.03943,0.07250,141552.0210,71,4
29.866331,1785530238.223064,23.26152,0.01294,912971.0208,15520,23.30922,0.07250,141680.9591,71,4
29.883331,1785530238.240064,23.21794,0.01294,912836.7860,15518,23.15798,0.07250,141608.6801,71,4
29.900331,1785530238.257064,23.30450,0.01293,913103.3932,15522,23.15783,0.07250,141608.6091,71,4
29.917331,1785530238.274064,23.24278,0.01294,912913.3022,15519,23.19091,0.07250,141624.4172,71,4
29.934331,1785530238.291064,23.27092,0.01294,912999.9607,15520,23.15189,0.07200,141605.7689,72,4
29.951331,1785530238.308064,23.26936,0.01293,912995.1559,15521,23.04450,0.07250,141554.4458,71,4
29.968331,1785530238.325064,23.26988,0.01294,912996.7739,15520,23.08702,0.07250,141574.7657,71,4
29.985331,1785530238.342064,23.26609,0.01293,912985.0927,15521,23.16270,0.07250,141610.9346,71,4
30.002331,1785530238.359064,23.24206,0.01294,912911.0866,15519,23.08210,0.07250,141572.4132,71,4
30.019331,1785530238.376064,23.28135,0.01293,913032.0906,15521,23.11036,0.07250,141585.9201,71,4
30.036331,1785530238.393064,23.27438,0.01294,913010.6226,15520,23.36642,0.07250,141708.2958,71,4
30.053331,1785530238.410064,23.32998,0.01293,913181.8641,15524,23.19379,0.07200,141625.7916,72,4
30.070331,1785530238.427064,23.26089,0.01294,912969.0812,15520,23.20067,0.07250,141629.0820,71,4
30.087331,1785530238.444064,23.32162,0.01293,913156.1163,15523,23.30431,0.07250,141678.6108,71,4
30.104331,1785530238.461064,23.31337,0.01293,913130.7260,15523,23.11036,0.07250,141585.9206,71,4
30.121331,1785530238.478064,23.28059,0.01293,913029.7668,15521,23.32350,0.07250,141687.7815,71,4
30.138331,1785530238.495064,23.28757,0.01293,913051.2570,15522,23.15784,0.07250,141608.6138,71,4
30.155331,1785530238.512064,23.27859,0.01294,913023.5975,15520,23.03963,0.07250,141552.1186,71,4
30.172331,1785530238.529064,23.31381,0.01293,913132.0720,15523,23.33380,0.07200,141692.7079,72,4
30.189331,1785530238.546064,23.27512,0.01293,913012.9075,15521,23.46575,0.07250,141755.7648,71,4
30.206331,1785530238.563064,23.26828,0.01294,912991.8473,15520,23.39432,0.07250,141721.6289,71,4
30.223331,1785530238.580064,23.27411,0.01293,913009.7999,15521,23.42776,0.07250,141737.6123,71,4
30.240331,1785530238.597064,23.26416,0.01294,912979.1342,15520,23.39425,0.07250,141721.5929,71,4
30.257331,1785530238.614064,23.15338,0.01294,912637.9268,15515,23.28116,0.07250,141667.5485,71,4
30.274331,1785530238.631064,23.24258,0.01294,912912.6670,15519,23.35202,0.07250,141701.4118,71,4
30.291331,1785530238.648064,23.30922,0.01293,913117.9495,15522,23.26652,0.07250,141660.5503,71,4
30.308331,1785530238.665064,23.30554,0.01293,913106.6074,15523,23.17086,0.07200,141614.8369,72,4
30.325331,1785530238.682064,23.24938,0.01294,912933.6311,15519,22.95463,0.07250,141511.4985,71,4
30.342331,1785530238.699064,23.20047,0.01294,912782.9825,15517,23.14870,0.07250,141604.2454,71,4
30.359331,1785530238.716064,23.32349,0.01293,913161.9000,15523,23.05412,0.07250,141559.0436,71,4
30.376331,1785530238.733064,23.28542,0.01293,913044.6170,15521,23.05843,0.07250,141561.1048,71,4
30.393331,1785530238.750064,23.24472,0.01294,912919.2749,15519,23.40859,0.07250,141728.4469,71,4
30.410331,1785530238.767064,23.26650,0.01293,912986.3629,15521,23.23783,0.07250,141646.8394,71,4
30.427331,1785530238.784064,23.24535,0.01294,912921.2256,15519,23.31047,0.07200,141681.5573,72,4
30.444331,1785530238.801064,23.21557,0.01294,912829.4820,15518,23.34721,0.07250,141699.1152,71,4
30.461331,1785530238.818064,23.24540,0.01294,912921.3619,15519,23.20050,0.07250,141628.9997,71,4
30.478331,1785530238.835064,23.25416,0.01294,912948.3390,15519,23.21489,0.07250,141635.8795,71,4
30.495331,1785530238.852064,23.25742,0.01294,912958.3945,15520,23.17174,0.07250,141615.2569,71,4
30.512331,1785530238.869064,23.25987,0.01294,912965.9458,15520,23.08674,0.07250,141574.6328,71,4
30.529331,1785530238.886064,23.30847,0.01293,913115.6254,15523,23.18129,0.07250,141619.8194,71,4
30.546331,1785530238.903064,23.32086,0.01293,913153.8006,15523,23.17971,0.07200,141619.0635,72,4
30.563331,1785530238.920064,23.30428,0.01293,913102.7364,15522,23.27609,0.07250,141665.1243,71,4
30.580331,1785530238.937064,23.26686,0.01294,912987.4691,15520,23.48927,0.07250,141767.0055,71,4
30.597331,1785530238.954064,23.26465,0.01293,912980.6652,15521,23.47044,0.07250,141758.0093,71,4
30.614331,1785530238.971064,23.30717,0.01293,913111.6155,15522,23.49398,0.07250,141769.2566,71,4
30.631331,1785530238.988064,23.23291,0.01294,912882.9056,15519,23.27130,0.07250,141662.8375,71,4
30.648331,1785530239.005064,23.26428,0.01294,912979.5169,15520,23.19152,0.07250,141624.7085,71,4
30.665331,1785530239.022064,23.25362,0.01294,912946.6967,15519,23.17678,0.07250,141617.6665,71,4
30.682331,1785530239.039064,23.26966,0.01293,912996.0885,15521,23.36644,0.07200,141708.3033,72,4
30.699331,1785530239.056064,23.30936,0.01293,913118.3615,15522,23.26664,0.07250,141660.6071,71,4
30.716331,1785530239.073064,23.31838,0.01293,913146.1395,15523,23.18591,0.07250,141622.0285,71,4
30.733331,1785530239.090064,23.34400,0.01293,913225.0708,15525,23.23793,0.07250,141646.8903,71,4
30.750331,1785530239.107064,23.23419,0.01294,912886.8439,15518,23.22373,0.07250,141640.1034,71,4
30.767331,1785530239.124064,23.20266,0.01294,912789.7385,15517,23.23846,0.07250,141647.1413,71,4
30.784331,1785530239.141064,23.22686,0.01294,912864.2764,15519,23.25217,0.07250,141653.6930,71,4
30.801331,1785530239.158064,23.27695,0.01294,913018.5376,15520,23.17026,0.07200,141614.5498,72,4
30.818331,1785530239.175064,23.24824,0.01294,912930.1146,15520,23.39956,0.07250,141724.1310,71,4
30.835331,1785530239.192064,23.24681,0.01294,912925.7156,15519,23.53148,0.07250,141787.1769,71,4
30.852331,1785530239.209064,23.26947,0.01294,912995.5081,15520,23.47015,0.07250,141757.8707,71,4
30.869331,1785530239.226064,23.27187,0.01293,913002.8923,15521,23.21927,0.07250,141637.9704,71,4
30.886331,1785530239.243064,23.27975,0.01408,913027.1534,13101,23.21974,0.07887,141638.1972,60,4
32.468562,1785530240.825295,23.26655,0.01191,912986.5117,15521,23.34197,0.14373,141696.6084,71,5
32.485562,1785530240.842295,23.24083,0.01191,912907.3016,15519,23.48296,0.14272,141763.9930,72,5
32.502562,1785530240.859295,23.27467,0.01191,913011.5196,15520,23.50332,0.14373,141773.7212,71,5
32.519562,1785530240.876295,23.31270,0.01191,913128.6504,15523,23.47020,0.14373,141757.8918,71,5
32.536562,1785530240.893295,23.30346,0.01191,913100.1866,15522,23.47494,0.14373,141760.1575,71,5
32.553562,1785530240.910295,23.31588,0.01191,913138.4491,15523,23.60755,0.14373,141823.5315,71,5
32.570562,1785530240.927295,23.34437,0.01190,913226.2138,15525,23.25715,0.14373,141656.0718,71,5
32.587562,1785530240.944295,23.33522,0.01190,913198.0108,15524,23.34707,0.14373,141699.0489,71,5
32.604562,1785530240.961295,23.27488,0.01191,913012.1548,15520,23.45973,0.14272,141752.8868,72,5
32.621562,1785530240.978295,23.37903,0.01190,913332.9692,15527,23.29517,0.14373,141674.2428,71,5
32.638562,1785530240.995295,23.35047,0.01190,913244.9764,15524,23.16240,0.14373,141610.7922,71,5
32.655562,1785530241.012295,23.28550,0.01191,913044.8765,15522,23.11996,0.14373,141590.5078,71,5
32.672562,1785530241.029295,23.35465,0.01190,913257.8794,15525,23.20964,0.14373,141633.3677,71,5
32.689562,1785530241.046295,23.31138,0.01191,913124.5918,15522,23.40859,0.14373,141728.4472,71,5
32.706562,1785530241.063295,23.26058,0.01191,912968.1083,15520,23.37072,0.14373,141710.3517,71,5
32.723562,1785530241.080295,23.36838,0.01190,913300.1460,15526,23.17958,0.14272,141619.0030,72,5
32.740562,1785530241.097295,23.28383,0.01191,913039.7449,15521,23.32838,0.14373,141690.1137,71,5
32.757562,1785530241.114295,23.26893,0.01191,912993.8360,15521,23.15799,0.14373,141608.6850,71,5
32.774562,1785530241.131295,23.21169,0.01191,912817.5482,15517,23.19583,0.14373,141626.7698,71,5
32.791562,1785530241.148295,23.29709,0.01191,913080.5804,15522,23.41810,0.14373,141732.9938,71,5
32.808562,1785530241.165295,23.29560,0.01191,913075.9751,15522,23.15300,0.14373,141606.3013,71,5
32.825562,1785530241.182295,23.32099,0.01191,913154.1894,15523,23.29026,0.14373,141671.8957,71,5
32.842562,1785530241.199295,23.32499,0.01191,913166.5004,15523,23.23846,0.14373,141647.1406,71,5
32.859562,1785530241.216295,23.32055,0.01190,913152.8326,15524,23.08214,0.14272,141572.4365,72,5
32.876562,1785530241.233295,23.26433,0.01191,912979.6826,15520,23.19123,0.14373,141624.5705,71,5
32.893562,1785530241.250295,23.24656,0.01191,912924.9362,15519,23.30431,0.14373,141678.6112,71,5
32.910562,1785530241.267295,23.27209,0.01191,913003.5647,15521,23.20981,0.14373,141633.4497,71,5
32.927562,1785530241.284295,23.28411,0.01191,913040.6031,15521,23.01107,0.14373,141538.4674,71,5
32.944562,1785530241.301295,23.31921,0.01191,913148.7015,15523,23.20030,0.14373,141628.9030,71,5
32.961562,1785530241.318295,23.30190,0.01191,913095.3846,15522,23.17673,0.14373,141617.6409,71,5
32.978562,1785530241.335295,23.29818,0.01191,913083.9263,15522,23.65160,0.14272,141844.5840,72,5
32.995562,1785530241.352295,23.31866,0.01191,913147.0224,15523,23.37547,0.14373,141712.6178,71,5
33.012562,1785530241.369295,23.32814,0.01190,913176.2155,15524,23.62631,0.14373,141832.4969,71,5
33.029562,1785530241.386295,23.34933,0.01190,913241.4822,15524,23.29021,0.14373,141671.8750,71,5
33.046562,1785530241.403295,23.34283,0.01190,913221.4607,15525,23.41323,0.14373,141730.6667,71,5
33.063562,1785530241.420295,23.33566,0.01190,913199.3645,15524,23.21433,0.14373,141635.6078,71,5
33.080562,1785530241.437295,23.22974,0.01191,912873.1298,15518,23.31413,0.14373,141683.3063,71,5
33.097562,1785530241.454295,23.32643,0.01191,913170.9443,15523,23.23599,0.14272,141645.9608,72,5
33.114562,1785530241.471295,23.29840,0.01191,913084.6110,15522,23.07257,0.14373,141567.8614,71,5
33.131562,1785530241.488295,23.34907,0.01190,913240.6929,15525,22.98780,0.14373,141527.3488,71,5
33.148562,1785530241.505295,23.29247,0.01191,913066.3369,15522,23.08190,0.14373,141572.3205,71,5
33.165562,1785530241.522295,23.33390,0.01190,913193.9637,15524,23.21913,0.14373,141637.9042,71,5
33.182562,1785530241.539295,23.32238,0.01191,913158.4676,15523,23.30904,0.14373,141680.8717,71,5
33.199562,1785530241.556295,23.32760,0.01191,913174.5503,15523,23.51282,0.14373,141778.2622,71,5
33.216562,1785530241.573295,23.22624,0.01191,912862.3490,15519,23.33283,0.14373,141692.2421,71,5
33.233562,1785530241.590295,23.29552,0.01191,913075.7454,15521,23.22652,0.14272,141641.4369,72,5
33.250562,1785530241.607295,23.33912,0.01190,913210.0376,15524,23.42769,0.14373,141737.5771,71,5
33.267562,1785530241.624295,23.33581,0.01190,913199.8385,15524,23.06801,0.14373,141565.6821,71,5
33.284562,1785530241.641295,23.28317,0.01191,913037.6982,15522,23.16246,0.14373,141610.8228,71,5
33.301562,1785530241.658295,23.29581,0.01191,913076.6300,15521,23.25264,0.14373,141653.9184,71,5
33.318562,1785530241.675295,23.25806,0.01191,912960.3450,15520,23.07264,0.14373,141567.8966,71,5
33.335562,1785530241.692295,23.32411,0.01190,913163.7907,15524,23.24273,0.14373,141649.1818,71,5
33.352562,1785530241.709295,23.25911,0.01191,912963.6062,15520,23.21254,0.14272,141634.7540,72,5
33.369562,1785530241.726295,23.22300,0.01191,912852.3657,15518,23.41797,0.14373,141732.9322,71,5
33.386562,1785530241.743295,23.19580,0.01191,912768.6089,15516,23.21915,0.14373,141637.9146,71,5
33.403562,1785530241.760295,23.16925,0.01191,912686.8259,15515,23.19539,0.14373,141626.5598,71,5
33.420562,1785530241.777295,23.22914,0.01191,912871.2964,15519,23.01616,0.14373,141540.9025,71,5
33.437562,1785530241.794295,23.27510,0.01191,913012.8473,15520,23.33300,0.14373,141692.3234,71,5
33.454562,1785530241.811295,23.27020,0.01191,912997.7430,15521,23.28074,0.14373,141667.3486,71,5
33.471562,1785530241.828295,23.27764,0.01191,913020.6610,15521,23.11536,0.14373,141588.3087,71,5
33.488562,1785530241.845295,23.31642,0.01191,913140.1079,15523,23.08662,0.14272,141574.5746,72,5
33.505562,1785530241.862295,23.35025,0.01190,913244.3027,15524,22.98326,0.14373,141525.1796,71,5
33.522562,1785530241.879295,23.32414,0.01190,913163.9022,15524,23.41808,0.14373,141732.9836,71,5
33.539562,1785530241.896295,23.29336,0.01191,913069.0779,15521,23.36125,0.14373,141705.8247,71,5
33.556562,1785530241.913295,23.29025,0.01191,913059.5211,15522,23.18151,0.14373,141619.9269,71,5
33.573562,1785530241.930295,23.26435,0.01191,912979.7400,15520,23.15323,0.14373,141606.4091,71,5
33.590562,1785530241.947295,23.27256,0.01191,913005.0100,15521,23.19552,0.14373,141626.6216,71,5
33.607562,1785530241.964295,23.17240,0.01191,912696.5226,15515,23.47417,0.14272,141759.7920,72,5
33.624562,1785530241.981295,23.29170,0.01191,913063.9731,15522,23.46101,0.14373,141753.5027,71,5
33.641562,1785530241.998295,23.26153,0.01191,912971.0456,15520,23.35181,0.14373,141701.3144,71,5
33.658562,1785530242.015295,23.25701,0.01191,912957.1226,15520,23.27111,0.14373,141662.7454,71,5
33.675562,1785530242.032295,23.29227,0.01191,913065.7442,15521,23.09600,0.14373,141579.0564,71,5
33.692562,1785530242.049295,23.29397,0.01191,913070.9546,15522,23.20500,0.14373,141631.1530,71,5
33.709562,1785530242.066295,23.31447,0.01191,913134.0965,15523,22.98745,0.14373,141527.1802,71,5
33.726562,1785530242.083295,23.32461,0.01191,913165.3449,15523,22.85852,0.14272,141465.5652,72,5
33.743562,1785530242.100295,23.33343,0.01190,913192.5000,15524,23.13458,0.14373,141597.4949,71,5
33.760562,1785530242.117295,23.29102,0.01191,913061.8680,15522,23.12915,0.14373,141594.9016,71,5
33.777562,1785530242.134295,23.27553,0.01191,913014.1688,15520,23.17641,0.14373,141617.4868,71,5
33.794562,1785530242.151295,23.26294,0.01191,912975.3866,15520,23.08228,0.14373,141572.4999,71,5
33.811562,1785530242.168295,23.24579,0.01191,912922.5760,15520,23.18605,0.14373,141622.0954,71,5
33.828562,1785530242.185295,23.29639,0.01191,913078.4069,15521,23.11102,0.14373,141586.2378,71,5
33.845562,1785530242.202295,23.27490,0.01191,913012.2398,15521,23.20021,0.14373,141628.8619,71,5
33.862562,1785530242.219295,23.23653,0.01191,912894.0392,15519,23.23559,0.14272,141645.7687,72,5
33.879562,1785530242.236295,23.26636,0.01191,912985.9246,15520,23.29018,0.14373,141671.8595,71,5
33.896562,1785530242.253295,23.29796,0.01191,913083.2664,15522,23.17178,0.14373,141615.2727,71,5
33.913562,1785530242.270295,23.25271,0.01191,912943.8889,15520,23.27617,0.14373,141665.1656,71,5
33.930562,1785530242.287295,23.19464,0.01191,912765.0215,15516,23.30937,0.14373,141681.0298,71,5
33.947562,1785530242.304295,23.21281,0.01191,912820.9848,15518,23.38499,0.14373,141717.1695,71,5
33.964562,1785530242.321295,23.21973,0.01191,912842.3083,15518,23.42724,0.14373,141737.3613,71,5
33.981562,1785530242.338295,23.25528,0.01191,912951.7848,15519,23.15164,0.14272,141605.6480,72,5
33.998562,1785530242.355295,23.27357,0.01191,913008.1331,15521,23.08217,0.14373,141572.4484,71,5
34.015562,1785530242.372295,23.21583,0.01191,912830.2931,15517,23.13871,0.14373,141599.4686,71,5
34.032562,1785530242.389295,23.26943,0.01191,912995.3914,15521,23.14355,0.14373,141601.7812,71,5
34.049562,1785530242.406295,23.25572,0.01191,912953.1565,15520,23.14832,0.14373,141604.0621,71,5
34.066562,1785530242.423295,23.28329,0.01191,913038.0780,15521,23.33748,0.14373,141694.4664,71,5
34.083562,1785530242.440295,23.19579,0.01191,912768.5593,15516,23.14335,0.14373,141601.6882,71,5
34.100562,1785530242.457295,23.20104,0.01191,912784.7320,15517,23.24054,0.14272,141648.1345,72,5
34.117562,1785530242.474295,23.26206,0.01191,912972.6878,15520,23.22884,0.14373,141642.5433,71,5
34.134562,1785530242.491295,23.36362,0.01190,913285.4865,15526,23.37550,0.14373,141712.6328,71,5
34.151562,1785530242.508295,23.27444,0.01191,913010.8209,15520,23.40351,0.14373,141726.0218,71,5
34.168562,1785530242.525295,23.25420,0.01191,912948.4654,15520,23.41357,0.14373,141730.8308,71,5
34.185562,1785530242.542295,23.28842,0.01191,913053.8563,15522,23.32352,0.14373,141687.7914,71,5
34.202562,1785530242.559295,23.31436,0.01191,913133.7606,15522,23.68826,0.14373,141862.1056,71,5
34.219562,1785530242.576295,23.28483,0.01191,913042.8101,15522,23.61724,0.14373,141828.1662,71,5
34.236562,1785530242.593295,23.33238,0.01191,913189.2792,15523,23.63296,0.14272,141835.6782,72,5
34.253562,1785530242.610295,23.34981,0.01190,913242.9541,15525,23.59360,0.14373,141816.8679,71,5
34.270562,1785530242.627295,23.38478,0.01190,913350.6656,15527,23.65988,0.14373,141848.5423,71,5
34.287562,1785530242.644295,23.35827,0.01190,913269.0133,15525,23.46549,0.14373,141755.6407,71,5
34.304562,1785530242.661295,23.33836,0.01190,913207.6849,15524,23.43219,0.14373,141739.7290,71,5
34.321562,1785530242.678295,23.37035,0.01190,913306.2306,15526,23.37554,0.14373,141712.6531,71,5
34.338562,1785530242.695295,23.41344,0.01190,913438.9531,15528,23.42248,0.14373,141735.0851,71,5
34.355562,1785530242.712295,23.40699,0.01190,913419.0620,15528,23.43206,0.14272,141739.6638,72,5
34.372562,1785530242.729295,23.41228,0.01190,913435.3731,15528,23.55100,0.14373,141796.5066,71,5
34.389562,1785530242.746295,23.45237,0.01190,913558.8419,15530,23.58402,0.14373,141812.2906,71,5
34.406562,1785530242.763295,23.44809,0.01190,913545.6617,15530,23.57901,0.14373,141809.8957,71,5
34.423562,1785530242.780295,23.48385,0.01190,913655.8041,15531,23.63595,0.14373,141837.1049,71,5
34.440562,1785530242.797295,23.50734,0.01190,913728.1509,15533,23.32806,0.14373,141689.9604,71,5
34.457562,1785530242.814295,23.52943,0.01190,913796.2058,15535,23.46047,0.14373,141753.2418,71,5
34.474562,1785530242.831295,23.57048,0.01190,913922.6370,15536,23.31994,0.14272,141686.0815,72,5
34.491562,1785530242.848295,23.57472,0.01190,913935.6888,15537,23.39918,0.14373,141723.9506,71,5
34.508562,1785530242.865295,23.58219,0.01190,913958.7070,15537,23.75017,0.14373,141891.6948,71,5
34.525562,1785530242.882295,23.60646,0.01190,914033.4651,15538,23.87321,0.14373,141950.4959,71,5
34.542562,1785530242.899295,23.55958,0.01190,913889.0697,15536,23.65978,0.14373,141848.4959,71,5
34.559562,1785530242.916295,23.55933,0.01190,913888.3099,15536,23.81625,0.14373,141923.2758,71,5
34.576562,1785530242.933295,23.56915,0.01190,913918.5276,15536,23.70257,0.14373,141868.9442,71,5
34.593562,1785530242.950295,23.59769,0.01190,914006.4590,15538,23.87840,0.14373,141952.9774,71,5
34.610562,1785530242.967295,23.60879,0.01190,914040.6375,15538,23.76818,0.14272,141900.2986,72,5
34.627562,1785530242.984295,23.61260,0.01190,914052.3730,15539,23.94516,0.14373,141984.8825,71,5
34.644562,1785530243.001295,23.63412,0.01190,914118.6690,15540,23.97308,0.14373,141998.2255,71,5
34.661562,1785530243.018295,23.62019,0.01190,914075.7579,15539,23.70719,0.14373,141871.1531,71,5
34.678562,1785530243.035295,23.65183,0.01190,914173.2046,15540,23.79296,0.14373,141912.1418,71,5
34.695562,1785530243.052295,23.65682,0.01190,914188.5817,15541,23.76444,0.14373,141898.5121,71,5
34.712562,1785530243.069295,23.64552,0.01190,914153.7551,15541,23.83032,0.14373,141929.9955,71,5
34.729562,1785530243.086295,23.65086,0.01190,914170.2181,15541,24.01695,0.14272,142019.1890,72,5
34.746562,1785530243.103295,23.65072,0.01190,914169.7773,15540,24.06851,0.14373,142043.8291,71,5
34.763562,1785530243.120295,23.66288,0.01190,914207.2358,15542,23.85927,0.14373,141943.8328,71,5
34.780562,1785530243.137295,23.66174,0.01190,914203.7185,15541,23.93965,0.14373,141982.2468,71,5
34.797562,1785530243.154295,23.65583,0.01190,914185.5228,15541,23.94012,0.14373,141982.4733,71,5
34.814562,1785530243.171295,23.66164,0.01190,914203.4044,15541,24.19734,0.14373,142105.4024,71,5
34.831562,1785530243.188295,23.67457,0.01190,914243.2439,15542,24.25878,0.14373,142134.7636,71,5
34.848562,1785530243.205295,23.68579,0.01190,914277.7957,15542,24.04505,0.14272,142032.6192,72,5
34.865562,1785530243.222295,23.69746,0.01190,914313.7509,15544,24.38772,0.14373,142196.3833,71,5
34.882562,1785530243.239295,23.68560,0.01190,914277.2115,15542,24.16328,0.14373,142089.1234,71,5
34.899562,1785530243.256295,23.69714,0.01190,914312.7715,15543,24.08278,0.14373,142050.6525,71,5
34.916562,1785530243.273295,23.68596,0.01190,914278.3304,15543,23.96839,0.14373,141995.9807,71,5
34.933562,1785530243.290295,23.69709,0.01190,914312.5969,15543,24.03490,0.14373,142027.7678,71,5
34.950562,1785530243.307295,23.70386,0.01190,914333.4679,15543,24.16851,0.14373,142091.6219,71,5
34.967562,1785530243.324295,23.69585,0.01190,914308.7932,15543,24.28267,0.14373,142146.1803,71,5
34.984562,1785530243.341295,23.70207,0.01190,914327.9387,15544,24.10586,0.14272,142061.6803,72,5
35.001562,1785530243.358295,23.70831,0.01190,914347.1564,15543,24.16786,0.14373,142091.3114,71,5
35.018562,1785530243.375295,23.70871,0.01190,914348.4020,15544,24.21565,0.14373,142114.1494,71,5
35.035562,1785530243.392295,23.70830,0.01190,914347.1332,15544,24.31095,0.14373,142159.6972,71,5
35.052562,1785530243.409295,23.70716,0.01190,914343.6287,15544,24.38747,0.14373,142196.2638,71,5
35.069562,1785530243.426295,23.70497,0.01190,914336.8833,15543,24.27301,0.14373,142141.5661,71,5
35.086562,1785530243.443295,23.71395,0.01190,914364.5363,15544,24.25378,0.14373,142132.3737,71,5
35.103562,1785530243.460295,23.71132,0.01190,914356.4214,15544,24.15767,0.14272,142086.4412,72,5
35.120562,1785530243.477295,23.70688,0.01190,914342.7469,15544,24.30139,0.14373,142155.1290,71,5
35.137562,1785530243.494295,23.71364,0.01190,914363.5913,15544,24.48288,0.14373,142241.8635,71,5
35.154562,1785530243.511295,23.71014,0.01190,914352.8130,15543,24.61169,0.14373,142303.4207,71,5
35.171562,1785530243.528295,23.71422,0.01190,914365.3820,15544,24.48297,0.14373,142241.9050,71,5
35.188562,1785530243.545295,23.71478,0.01190,914367.0942,15545,24.25876,0.14373,142134.7539,71,5
35.205562,1785530243.562295,23.71375,0.01190,914363.9191,15544,24.42548,0.14373,142214.4314,71,5
35.222562,1785530243.579295,23.71743,0.01190,914375.2710,15544,24.60892,0.14272,142302.0979,72,5
35.239562,1785530243.596295,23.72405,0.01190,914395.6393,15544,24.47768,0.14373,142239.3794,71,5
35.256562,1785530243.613295,23.72162,0.01190,914388.1526,15545,24.53016,0.14373,142264.4579,71,5
35.273562,1785530243.630295,23.72488,0.01190,914398.1956,15544,24.54938,0.14373,142273.6449,71,5
35.290562,1785530243.647295,23.72268,0.01190,914391.4292,15545,24.63081,0.14373,142312.5614,71,5
35.307562,1785530243.664295,23.72122,0.01190,914386.9171,15544,24.83598,0.14373,142410.6138,71,5
35.324562,1785530243.681295,23.72595,0.01190,914401.5081,15545,24.86998,0.14373,142426.8634,71,5
35.341562,1785530243.698295,23.72487,0.01190,914398.1708,15544,24.75029,0.14373,142369.6602,71,5
35.358562,1785530243.715295,23.72537,0.01190,914399.7193,15545,24.63208,0.14272,142313.1664,72,5
35.375562,1785530243.732295,23.72959,0.01190,914412.7015,15545,24.67361,0.14373,142333.0149,71,5
35.392562,1785530243.749295,23.73541,0.01190,914430.6460,15545,24.75493,0.14373,142371.8792,71,5
35.409562,1785530243.766295,23.73384,0.01190,914425.7902,15545,24.74028,0.14373,142364.8788,71,5
35.426562,1785530243.783295,23.73174,0.01190,914419.3301,15545,24.76424,0.14373,142376.3272,71,5
35.443562,1785530243.800295,23.73156,0.01190,914418.7743,15545,24.79350,0.14373,142390.3110,71,5
35.460562,1785530243.817295,23.73305,0.01190,914423.3581,15545,24.95098,0.14373,142465.5717,71,5
35.477562,1785530243.834295,23.73212,0.01190,914420.5013,15545,24.99572,0.14272,142486.9567,72,5
35.494562,1785530243.851295,23.74076,0.01190,914447.0999,15545,25.04213,0.14373,142509.1342,71,5
35.511562,1785530243.868295,23.74472,0.01190,914459.3216,15546,24.87928,0.14373,142431.3062,71,5
35.528562,1785530243.885295,23.73783,0.01190,914438.1045,15545,25.07070,0.14373,142522.7899,71,5
35.545562,1785530243.902295,23.74450,0.01190,914458.6400,15546,25.08507,0.14373,142529.6547,71,5
35.562562,1785530243.919295,23.74627,0.01190,914464.0858,15545,25.08037,0.14373,142527.4108,71,5
35.579562,1785530243.936295,23.74784,0.01190,914468.9119,15546,24.77416,0.14373,142381.0666,71,5
35.596562,1785530243.953295,23.75433,0.01190,914488.9162,15546,24.87276,0.14272,142428.1917,72,5
35.613562,1785530243.970295,23.77294,0.01190,914546.2265,15547,24.90781,0.14373,142444.9414,71,5
35.630562,1785530243.987295,23.76373,0.01190,914517.8626,15547,24.81252,0.14373,142399.4001,71,5
35.647562,1785530244.004295,23.76138,0.01190,914510.6173,15546,25.02796,0.14373,142502.3643,71,5
35.664562,1785530244.021295,23.75682,0.01190,914496.5705,15547,25.18066,0.14373,142575.3372,71,5
35.681562,1785530244.038295,23.76838,0.01190,914532.1854,15547,25.05612,0.14373,142515.8214,71,5
35.698562,1785530244.055295,23.78013,0.01190,914568.3743,15547,25.30080,0.14373,142632.7539,71,5
35.715562,1785530244.072295,23.78897,0.01190,914595.6201,15548,25.23814,0.14373,142602.8115,71,5
35.732562,1785530244.089295,23.78769,0.01190,914591.6527,15548,24.95782,0.14272,142468.8430,72,5
35.749562,1785530244.106295,23.78232,0.01190,914575.1310,15547,25.08951,0.14373,142531.7798,71,5
35.766562,1785530244.123295,23.77306,0.01190,914546.6133,15547,25.06106,0.14373,142518.1814,71,5
35.783562,1785530244.140295,23.77520,0.01190,914553.1852,15548,25.38220,0.14373,142671.6554,71,5
35.800562,1785530244.157295,23.77788,0.01190,914561.4584,15547,25.27680,0.14373,142621.2860,71,5
35.817562,1785530244.174295,23.77337,0.01190,914547.5474,15547,25.18566,0.14373,142577.7276,71,5
35.834562,1785530244.191295,23.78243,0.01190,914575.4589,15548,24.82665,0.14373,142406.1555,71,5
35.851562,1785530244.208295,23.82159,0.01190,914696.0697,15549,24.99985,0.14272,142488.9294,72,5
35.868562,1785530244.225295,23.82533,0.01190,914707.5971,15550,24.97481,0.14373,142476.9627,71,5
35.885562,1785530244.242295,23.80886,0.01190,914656.8671,15549,24.95089,0.14373,142465.5297,71,5
35.902562,1785530244.259295,23.80395,0.01190,914641.7555,15548,25.13327,0.14373,142552.6921,71,5
35.919562,1785530244.276295,23.82383,0.01190,914702.9810,15550,25.10910,0.14373,142541.1395,71,5
35.936562,1785530244.293295,23.83167,0.01190,914727.1204,15550,25.22890,0.14373,142598.3947,71,5
35.953562,1785530244.310295,23.83853,0.01189,914748.2591,15551,25.03744,0.14373,142506.8951,71,5
35.970562,1785530244.327295,23.82662,0.01190,914711.5835,15550,25.31656,0.14272,142640.2872,72,5
35.987562,1785530244.344295,23.84365,0.01190,914764.0111,15550,25.55952,0.14373,142756.4000,71,5
36.004562,1785530244.361295,23.84318,0.01189,914762.5647,15551,25.48799,0.14373,142722.2139,71,5
36.021562,1785530244.378295,23.82759,0.01190,914714.5645,15550,25.44949,0.14373,142703.8171,71,5
36.038562,1785530244.395295,23.84371,0.01189,914764.2006,15551,25.32452,0.14373,142644.0920,71,5
36.055562,1785530244.412295,23.84293,0.01190,914761.8209,15550,25.38701,0.14373,142673.9578,71,5
36.072562,1785530244.429295,23.88519,0.01189,914891.9801,15553,25.43019,0.14373,142694.5929,71,5
36.089562,1785530244.446295,23.85151,0.01189,914788.2235,15551,25.29137,0.14373,142628.2497,71,5
36.106562,1785530244.463295,23.85911,0.01189,914811.6476,15552,25.24561,0.14272,142606.3798,72,5
36.123562,1785530244.480295,23.85005,0.01189,914783.7482,15551,25.30092,0.14373,142632.8122,71,5
36.140562,1785530244.497295,23.84873,0.01189,914779.6735,15551,25.63680,0.14373,142793.3343,71,5
36.157562,1785530244.514295,23.85246,0.01189,914791.1526,15551,25.49273,0.14373,142724.4793,71,5
36.174562,1785530244.531295,23.89781,0.01189,914930.8429,15554,25.55561,0.14373,142754.5334,71,5
36.191562,1785530244.548295,23.89246,0.01189,914914.3703,15553,25.40118,0.14373,142680.7276,71,5
36.208562,1785530244.565295,23.87963,0.01189,914874.8393,15552,25.27199,0.14373,142618.9882,71,5
36.225562,1785530244.582295,23.87209,0.01189,914851.6072,15553,25.21258,0.14272,142590.5919,72,5
36.242562,1785530244.599295,23.87663,0.01189,914865.6065,15552,25.46428,0.14373,142710.8865,71,5
36.259562,1785530244.616295,23.91463,0.01189,914982.6522,15554,25.31985,0.14373,142641.8581,71,5
36.276562,1785530244.633295,23.94712,0.01189,915082.7229,15557,25.52656,0.14373,142740.6464,71,5
36.293562,1785530244.650295,23.97905,0.01189,915181.0564,15557,25.43972,0.14373,142699.1450,71,5
36.310562,1785530244.667295,23.96480,0.01189,915137.1667,15557,25.53595,0.14373,142745.1352,71,5
36.327562,1785530244.684295,23.94635,0.01189,915080.3397,15556,25.65610,0.14373,142802.5581,71,5
36.344562,1785530244.701295,23.94757,0.01189,915084.0980,15556,25.61503,0.14272,142782.9307,72,5
36.361562,1785530244.718295,23.97629,0.01189,915172.5678,15558,25.66105,0.14373,142804.9235,71,5
36.378562,1785530244.735295,23.99943,0.01189,915243.8374,15559,25.61294,0.14373,142781.9284,71,5
36.395562,1785530244.752295,24.04794,0.01189,915393.2563,15561,25.63708,0.14373,142793.4654,71,5
36.412562,1785530244.769295,24.00121,0.01189,915249.3326,15559,25.69501,0.14373,142821.1540,71,5
36.429562,1785530244.786295,23.99134,0.01189,915218.9191,15558,25.60323,0.14373,142777.2921,71,5
36.446562,1785530244.803295,24.03196,0.01189,915344.0385,15561,25.57447,0.14373,142763.5476,71,5
36.463562,1785530244.820295,24.02380,0.01189,915318.8923,15560,25.67047,0.14373,142809.4224,71,5
36.480562,1785530244.837295,24.01894,0.01189,915303.9241,15560,25.54376,0.14272,142748.8681,72,5
36.497562,1785530244.854295,23.99375,0.01189,915226.3460,15558,25.72883,0.14373,142837.3162,71,5
36.514562,1785530244.871295,24.05689,0.01189,915420.8162,15562,25.83921,0.14373,142890.0672,71,5
36.531562,1785530244.888295,24.12697,0.01189,915636.6834,15565,25.64641,0.14373,142797.9280,71,5
36.548562,1785530244.905295,24.07067,0.01189,915463.2635,15563,25.64158,0.14373,142795.6155,71,5
36.565562,1785530244.922295,24.08545,0.01189,915508.7717,15563,25.82921,0.14373,142885.2893,71,5
36.582562,1785530244.939295,24.10509,0.01189,915569.2892,15564,25.64620,0.14373,142797.8278,71,5
36.599562,1785530244.956295,24.06084,0.01189,915432.9749,15562,25.89511,0.14272,142916.7847,72,5
36.616562,1785530244.973295,24.03070,0.01189,915340.1402,15560,25.77165,0.14373,142857.7785,71,5
36.633562,1785530244.990295,24.04360,0.01189,915379.8794,15561,25.78093,0.14373,142862.2149,71,5
36.650562,1785530245.007295,24.03144,0.01189,915342.4174,15561,25.81959,0.14373,142880.6903,71,5
36.667562,1785530245.024295,24.07938,0.01189,915490.0932,15563,25.77632,0.14373,142860.0126,71,5
36.684562,1785530245.041295,24.11538,0.01189,915600.9679,15565,25.86774,0.14373,142903.7009,71,5
36.701562,1785530245.058295,24.13382,0.01189,915657.7776,15565,25.58914,0.14373,142770.5539,71,5
36.718562,1785530245.075295,24.08387,0.01189,915503.9075,15563,25.92832,0.14272,142932.6552,72,5
36.735562,1785530245.092295,24.04856,0.01189,915395.1683,15562,25.90158,0.14373,142919.8734,71,5
36.752562,1785530245.109295,24.07739,0.01189,915483.9488,15563,26.00755,0.14373,142970.5168,71,5
36.769562,1785530245.126295,24.05030,0.01189,915400.5156,15561,26.25366,0.14373,143088.1387,71,5
36.786562,1785530245.143295,24.08479,0.01189,915506.7586,15563,26.07023,0.14373,143000.4758,71,5
36.803562,1785530245.160295,24.10266,0.01189,915561.7876,15564,25.97839,0.14373,142956.5824,71,5
36.820562,1785530245.177295,24.12634,0.01189,915634.7393,15566,25.76661,0.14373,142855.3715,71,5
36.837562,1785530245.194295,24.12570,0.01189,915632.7528,15565,25.72818,0.14373,142837.0067,71,5
36.854562,1785530245.211295,24.11008,0.01189,915584.6379,15564,25.70021,0.14272,142823.6397,72,5
36.871562,1785530245.228295,24.18678,0.01189,915820.8762,15569,25.87258,0.14373,142906.0137,71,5
36.888562,1785530245.245295,24.16361,0.01189,915749.5312,15567,25.92110,0.14373,142929.2047,71,5
36.905562,1785530245.262295,24.18598,0.01189,915818.4313,15569,25.98354,0.14373,142959.0429,71,5
36.922562,1785530245.279295,24.13650,0.01189,915666.0099,15565,25.84873,0.14373,142894.6192,71,5
36.939562,1785530245.296295,24.10580,0.01189,915571.4719,15565,25.83393,0.14373,142887.5439,71,5
36.956562,1785530245.313295,24.11260,0.01189,915592.4236,15564,25.77659,0.14373,142860.1388,71,5
36.973562,1785530245.330295,24.13647,0.01189,915665.9185,15566,25.87117,0.14272,142905.3400,72,5
36.990562,1785530245.347295,24.17320,0.01189,915779.0765,15568,25.85354,0.14373,142896.9165,71,5
37.007562,1785530245.364295,24.23855,0.01189,915980.3494,15571,25.93029,0.14373,142933.5930,71,5
37.024562,1785530245.381295,24.13783,0.01189,915670.1296,15566,25.94054,0.14373,142938.4917,71,5
37.041562,1785530245.398295,24.13768,0.01189,915669.6616,15566,25.77663,0.14373,142860.1603,71,5
37.058562,1785530245.415295,24.15089,0.01189,915710.3600,15567,25.76181,0.14373,142853.0747,71,5
37.075562,1785530245.432295,24.25219,0.01189,916022.3722,15571,25.69449,0.14373,142820.9018,71,5
37.092562,1785530245.449295,24.22409,0.01189,915935.7997,15571,25.80908,0.14272,142875.6671,72,5
37.109562,1785530245.466295,24.16975,0.01189,915768.4487,15567,25.77151,0.14373,142857.7108,71,5
37.126562,1785530245.483295,24.20336,0.01189,915871.9491,15570,25.79576,0.14373,142869.3003,71,5
37.143562,1785530245.500295,24.23250,0.01189,915961.7070,15571,25.80023,0.14373,142871.4391,71,5
37.160562,1785530245.517295,24.18438,0.01189,915813.4924,15568,25.64656,0.14373,142797.9964,71,5
37.177562,1785530245.534295,24.21486,0.01189,915907.3691,15570,25.83880,0.14373,142889.8723,71,5
37.194562,1785530245.551295,24.20034,0.01189,915862.6519,15569,25.84364,0.14373,142892.1853,71,5
37.211562,1785530245.568295,24.29215,0.01189,916145.4320,15574,25.69418,0.14373,142820.7553,71,5
37.228562,1785530245.585295,24.25942,0.01189,916044.6270,15572,25.75747,0.14272,142851.0007,72,5
37.245562,1785530245.602295,24.20994,0.01189,915892.2377,15570,25.75216,0.14373,142848.4652,71,5
37.262562,1785530245.619295,24.18262,0.01189,915808.0762,15568,25.74274,0.14373,142843.9610,71,5
37.279562,1785530245.636295,24.19272,0.01189,915839.1844,15569,25.80513,0.14373,142873.7785,71,5
37.296562,1785530245.653295,24.19543,0.01189,915847.5325,15569,25.90129,0.14373,142919.7375,71,5
37.313562,1785530245.670295,24.24357,0.01189,915995.8145,15571,26.22928,0.14373,143076.4853,71,5
37.330562,1785530245.687295,24.28517,0.01189,916123.9451,15574,26.06528,0.14373,142998.1065,71,5
37.347562,1785530245.704295,24.26118,0.01189,916050.0578,15572,25.86648,0.14272,142903.1013,72,5
37.364562,1785530245.721295,24.28562,0.01189,916125.3195,15574,25.71849,0.14373,142832.3759,71,5
37.381562,1785530245.738295,24.22902,0.01189,915951.0026,15570,25.85329,0.14373,142896.7945,71,5
37.398562,1785530245.755295,24.23498,0.01189,915969.3521,15571,25.90172,0.14373,142919.9425,71,5
37.415562,1785530245.772295,24.22080,0.01189,915925.6714,15571,25.64141,0.14373,142795.5362,71,5
37.432562,1785530245.789295,24.17066,0.01189,915771.2448,15567,25.83396,0.14373,142887.5598,71,5
37.449562,1785530245.806295,24.15740,0.01189,915730.4089,15567,25.58366,0.14373,142767.9366,71,5
37.466562,1785530245.823295,24.14229,0.01245,915683.8730,14196,25.67694,0.15021,142812.5162,65,5
38.732164,1785530247.088897,23.77518,0.00828,914553.1300,15547,25.00820,0.07916,142492.9207,71,6
38.749164,1785530247.105896,23.77368,0.00828,914548.5051,15547,25.05677,0.07861,142516.1302,72,6
38.766164,1785530247.122896,23.77236,0.00828,914544.4486,15547,24.89847,0.07916,142440.4780,71,6
38.783164,1785530247.139896,23.76940,0.00828,914535.3292,15547,24.89830,0.07916,142440.3947,71,6
38.800164,1785530247.156896,23.77192,0.00828,914543.0827,15547,24.95097,0.07916,142465.5676,71,6
38.817164,1785530247.173896,23.77925,0.00828,914565.6795,15548,24.97014,0.07916,142474.7281,71,6
38.834164,1785530247.190897,23.77056,0.00828,914538.8975,15547,25.03243,0.07916,142504.4987,71,6
38.851164,1785530247.207896,23.76813,0.00828,914531.4205,15547,25.18102,0.07916,142575.5098,71,6
38.868164,1785530247.224896,23.77100,0.00828,914540.2557,15547,25.01319,0.07916,142495.3015,71,6
38.885164,1785530247.241896,23.77499,0.00828,914552.5313,15547,24.49117,0.07861,142245.8229,72,6
38.902164,1785530247.258896,23.76895,0.00828,914533.9377,15547,24.77394,0.07916,142380.9624,71,6
38.919164,1785530247.275896,23.75387,0.00828,914487.5084,15546,24.95586,0.07916,142467.9051,71,6
38.936164,1785530247.292897,23.75856,0.00828,914501.9482,15546,24.97986,0.07916,142479.3734,71,6
38.953164,1785530247.309896,23.76232,0.00828,914513.5157,15547,24.88870,0.07916,142435.8067,71,6
38.970164,1785530247.326896,23.77148,0.00828,914541.7377,15547,24.92233,0.07916,142451.8801,71,6
38.987164,1785530247.343896,23.77738,0.00828,914559.9134,15547,25.15672,0.07916,142563.9000,71,6
39.004164,1785530247.360896,23.75830,0.00828,914501.1436,15546,25.07543,0.07861,142525.0509,72,6
39.021164,1785530247.377896,23.76020,0.00828,914506.9776,15547,25.05163,0.07916,142513.6762,71,6
39.038164,1785530247.394897,23.75799,0.00828,914500.1712,15546,25.06120,0.07916,142518.2488,71,6
39.055164,1785530247.411896,23.75602,0.00828,914494.1222,15546,25.00356,0.07916,142490.7018,71,6
39.072164,1785530247.428896,23.75417,0.00828,914488.4285,15546,25.28629,0.07916,142625.8221,71,6
39.089164,1785530247.445896,23.74555,0.00828,914461.8781,15546,25.01299,0.07916,142495.2067,71,6
39.106164,1785530247.462896,23.74878,0.00828,914471.8296,15546,24.93244,0.07916,142456.7127,71,6
39.123164,1785530247.479896,23.75306,0.00828,914484.9873,15546,25.15614,0.07861,142563.6230,72,6
39.140164,1785530247.496897,23.74033,0.00828,914445.7893,15545,25.16661,0.07916,142568.6244,71,6
39.157164,1785530247.513896,23.74905,0.00828,914472.6494,15546,25.02745,0.07916,142502.1184,71,6
39.174164,1785530247.530896,23.74414,0.00828,914457.5219,15545,25.10391,0.07916,142538.6599,71,6
39.191164,1785530247.547896,23.74750,0.00828,914467.8637,15546,25.20473,0.07916,142586.8427,71,6
39.208164,1785530247.564896,23.74950,0.00828,914474.0255,15546,24.88877,0.07916,142435.8426,71,6
39.225164,1785530247.581896,23.73935,0.00828,914442.7640,15545,25.10443,0.07916,142538.9102,71,6
39.242164,1785530247.598897,23.74582,0.00828,914462.7080,15546,24.85999,0.07916,142422.0879,71,6
39.259164,1785530247.615896,23.75093,0.00828,914478.4236,15546,24.80698,0.07861,142396.7541,72,6
39.276164,1785530247.632896,23.75517,0.00828,914491.4991,15546,24.88393,0.07916,142433.5300,71,6
39.293164,1785530247.649896,23.75514,0.00828,914491.4100,15546,25.04192,0.07916,142509.0355,71,6
39.310164,1785530247.666896,23.75414,0.00828,914488.3250,15546,25.04689,0.07916,142511.4104,71,6
39.327164,1785530247.683896,23.74835,0.00828,914470.4977,15546,25.04656,0.07916,142511.2536,71,6
39.344164,1785530247.700897,23.74411,0.00828,914457.4261,15546,25.07077,0.07916,142522.8216,71,6
39.361164,1785530247.717896,23.73947,0.00828,914443.1436,15545,24.93652,0.07916,142458.6603,71,6
39.378164,1785530247.734896,23.73918,0.00828,914442.2334,15546,24.93919,0.07861,142459.9374,72,6
39.395164,1785530247.751896,23.73560,0.00828,914431.2105,15545,24.82653,0.07916,142406.0978,71,6
39.412164,1785530247.768896,23.73313,0.00828,914423.6238,15545,24.82187,0.07916,142403.8689,71,6
39.429164,1785530247.785896,23.73257,0.00828,914421.8732,15545,24.84121,0.07916,142413.1134,71,6
39.446164,1785530247.802896,23.74175,0.00828,914450.1660,15545,25.01339,0.07916,142495.4005,71,6
39.463164,1785530247.819896,23.73256,0.00828,914421.8724,15545,24.75474,0.07916,142371.7854,71,6
39.480164,1785530247.836896,23.73863,0.00828,914440.5605,15545,24.66883,0.07916,142330.7283,71,6
39.497164,1785530247.853896,23.73888,0.00828,914441.3375,15546,24.70750,0.07861,142349.2102,72,6
39.514164,1785530247.870896,23.73258,0.00828,914421.9224,15545,24.80749,0.07916,142396.9989,71,6
39.531164,1785530247.887896,23.73695,0.00828,914435.3685,15545,24.83157,0.07916,142408.5034,71,6
39.548164,1785530247.904896,23.74470,0.00828,914459.2545,15546,24.98447,0.07916,142481.5773,71,6
39.565164,1785530247.921896,23.74443,0.00828,914458.4165,15545,24.99949,0.07916,142488.7543,71,6
39.582164,1785530247.938896,23.73621,0.00828,914433.1144,15545,24.89834,0.07916,142440.4155,71,6
39.599164,1785530247.955896,23.73971,0.00828,914443.8830,15546,24.85027,0.07916,142417.4419,71,6
39.616164,1785530247.972896,23.73526,0.00828,914430.1754,15545,25.06578,0.07916,142520.4362,71,6
39.633164,1785530247.989896,23.73481,0.00828,914428.7796,15545,24.86798,0.07861,142425.9061,72,6
39.650164,1785530248.006896,23.73723,0.00828,914436.2383,15545,24.68292,0.07916,142337.4627,71,6
39.667164,1785530248.023896,23.73696,0.00828,914435.4191,15545,24.80269,0.07916,142394.7022,71,6
39.684164,1785530248.040896,23.73619,0.00828,914433.0511,15545,24.76405,0.07916,142376.2389,71,6
39.701164,1785530248.057896,23.73463,0.00828,914428.2305,15546,25.00375,0.07916,142490.7910,71,6
39.718164,1785530248.074896,23.73540,0.00828,914430.5957,15545,24.94623,0.07916,142463.3007,71,6
39.735164,1785530248.091896,23.73524,0.00828,914430.1118,15545,24.80762,0.07916,142397.0616,71,6
39.752164,1785530248.108896,23.73318,0.00828,914423.7523,15545,24.55241,0.07861,142275.0922,72,6
39.769164,1785530248.125896,23.73867,0.00828,914440.6623,15545,24.59709,0.07916,142296.4474,71,6
39.786164,1785530248.142896,23.72962,0.00828,914412.8030,15545,24.66439,0.07916,142328.6081,71,6
39.803164,1785530248.159896,23.72893,0.00828,914410.6700,15545,24.59732,0.07916,142296.5564,71,6
39.820164,1785530248.176896,23.73159,0.00828,914418.8643,15545,24.85031,0.07916,142417.4623,71,6
39.837164,1785530248.193897,23.72949,0.00828,914412.4080,15545,24.91737,0.07916,142449.5093,71,6
39.854164,1785530248.210896,23.73398,0.00828,914426.2221,15545,24.63045,0.07916,142312.3899,71,6
39.871164,1785530248.227896,23.73340,0.00828,914424.4560,15545,24.72156,0.07861,142355.9285,72,6
39.888164,1785530248.244896,23.73805,0.00828,914438.7579,15545,24.53524,0.07916,142266.8849,71,6
39.905164,1785530248.261896,23.72781,0.00828,914407.2404,15545,24.75479,0.07916,142371.8118,71,6
39.922164,1785530248.278896,23.73371,0.00828,914425.4037,15545,24.79326,0.07916,142390.1974,71,6
39.939164,1785530248.295897,23.73757,0.00828,914437.2735,15545,24.53063,0.07916,142264.6814,71,6
39.956164,1785530248.312896,23.72904,0.00828,914411.0237,15545,24.67881,0.07916,142335.4992,71,6
39.973164,1785530248.329896,23.72910,0.00828,914411.2039,15545,24.51138,0.07916,142255.4836,71,6
39.990164,1785530248.346896,23.73386,0.00828,914425.8540,15545,24.58271,0.07916,142289.5724,71,6
40.007164,1785530248.363896,23.72654,0.00828,914403.3142,15544,24.87269,0.07861,142428.1551,72,6
40.024164,1785530248.380896,23.72619,0.00828,914402.2405,15545,24.58301,0.07916,142289.7176,71,6
40.041164,1785530248.397897,23.73065,0.00828,914415.9756,15545,24.59255,0.07916,142294.2743,71,6
40.058164,1785530248.414896,23.73676,0.00828,914434.7914,15545,24.50665,0.07916,142253.2231,71,6
40.075164,1785530248.431896,23.73141,0.00828,914418.3306,15545,24.51610,0.07916,142257.7385,71,6
40.092164,1785530248.448896,23.73468,0.00828,914428.3848,15545,24.57354,0.07916,142285.1913,71,6
40.109164,1785530248.465896,23.73067,0.00828,914416.0273,15545,24.75972,0.07916,142374.1657,71,6
40.126164,1785530248.482896,23.72948,0.00828,914412.3835,15545,24.76427,0.07861,142376.3440,72,6
40.143164,1785530248.499897,23.72877,0.00828,914410.1693,15545,24.63079,0.07916,142312.5509,71,6
40.160164,1785530248.516896,23.72739,0.00828,914405.9236,15544,24.83116,0.07916,142408.3115,71,6
40.177164,1785530248.533896,23.72722,0.00828,914405.4128,15545,24.64029,0.07916,142317.0921,71,6
40.194164,1785530248.550896,23.72607,0.00828,914401.8531,15545,24.72622,0.07916,142358.1598,71,6
40.211164,1785530248.567896,23.72371,0.00828,914394.6055,15544,24.88397,0.07916,142433.5460,71,6
40.228164,1785530248.584896,23.72916,0.00828,914411.3877,15545,24.86496,0.07916,142424.4624,71,6
40.245164,1785530248.601897,23.72825,0.00828,914408.5674,15545,24.74536,0.07861,142367.3045,72,6
40.262164,1785530248.618896,23.72163,0.00828,914388.2032,15544,24.78359,0.07916,142385.5767,71,6
40.279164,1785530248.635896,23.72175,0.00828,914388.5641,15545,25.04674,0.07916,142511.3374,71,6
40.296164,1785530248.652896,23.72361,0.00828,914394.3047,15544,25.09469,0.07916,142534.2540,71,6
40.313164,1785530248.669896,23.72175,0.00828,914388.5664,15544,24.87922,0.07916,142431.2800,71,6
40.330164,1785530248.686896,23.72437,0.00828,914396.6220,15545,25.02800,0.07916,142502.3798,71,6
40.347164,1785530248.703897,23.72256,0.00828,914391.0509,15544,24.85512,0.07916,142419.7591,71,6
40.364164,1785530248.720896,23.72105,0.00828,914386.4002,15545,24.73128,0.07916,142360.5773,71,6
40.381164,1785530248.737896,23.71885,0.00828,914379.6330,15544,24.44403,0.07861,142223.2961,72,6
40.398164,1785530248.754896,23.72397,0.00828,914395.3971,15545,24.49706,0.07916,142248.6398,71,6
40.415164,1785530248.771896,23.72162,0.00828,914388.1562,15544,24.47782,0.07916,142239.4468,71,6
40.432164,1785530248.788896,23.72511,0.00828,914398.8998,15545,24.51160,0.07916,142255.5869,71,6
40.449164,1785530248.805897,23.72219,0.00828,914389.9322,15544,24.63506,0.07916,142314.5931,71,6
40.466164,1785530248.822896,23.72565,0.00828,914400.5885,15545,24.41133,0.07916,142207.6701,71,6
40.483164,1785530248.839896,23.72149,0.00828,914387.7485,15544,24.43491,0.07916,142218.9369,71,6
40.500164,1785530248.856896,23.72387,0.00828,914395.0856,15545,24.67492,0.07861,142333.6422,72,6
40.517164,1785530248.873896,23.71856,0.00828,914378.7381,15544,24.43478,0.07916,142218.8740,71,6
40.534164,1785530248.890896,23.72050,0.00828,914384.7129,15544,24.41112,0.07916,142207.5673,71,6
40.551164,1785530248.907897,23.71766,0.00828,914375.9769,15545,24.51141,0.07916,142255.4989,71,6
40.568164,1785530248.924896,23.72359,0.00828,914394.2415,15544,24.34469,0.07916,142175.8215,71,6
40.585164,1785530248.941896,23.71635,0.00828,914371.9193,15544,24.34477,0.07916,142175.8574,71,6
40.602164,1785530248.958896,23.71046,0.00828,914353.8019,15544,24.82157,0.07916,142403.7282,71,6
40.619164,1785530248.975896,23.71712,0.00828,914374.3021,15544,24.50080,0.07861,142250.4291,72,6
40.636164,1785530248.992896,23.71773,0.00828,914376.1945,15544,24.42579,0.07916,142214.5810,71,6
40.653164,1785530249.009897,23.71641,0.00828,914372.1113,15545,24.41121,0.07916,142207.6135,71,6
40.670164,1785530249.026896,23.71944,0.00828,914381.4611,15544,24.51145,0.07916,142255.5147,71,6
40.687164,1785530249.043896,23.71742,0.00828,914375.2330,15544,24.44004,0.07916,142221.3893,71,6
40.704164,1785530249.060896,23.71752,0.00828,914375.5271,15544,24.33033,0.07916,142168.9563,71,6
40.721164,1785530249.077896,23.72228,0.00828,914390.2039,15545,24.59741,0.07916,142296.5983,71,6
40.738164,1785530249.094896,23.71999,0.00828,914383.1263,15544,24.73578,0.07916,142362.7283,71,6
40.755164,1785530249.111897,23.71743,0.00828,914375.2600,15544,24.58988,0.07861,142292.9971,72,6
40.772164,1785530249.128896,23.72156,0.00828,914387.9889,15545,24.47337,0.07916,142237.3165,71,6
40.789164,1785530249.145896,23.72307,0.00828,914392.6164,15544,24.28255,0.07916,142146.1234,71,6
40.806164,1785530249.162896,23.71972,0.00828,914382.3178,15544,24.69741,0.07916,142344.3893,71,6
40.823164,1785530249.179896,23.71768,0.00828,914376.0410,15545,24.68325,0.07916,142337.6238,71,6
40.840164,1785530249.196896,23.72025,0.00828,914383.9431,15544,24.64524,0.07916,142319.4573,71,6
40.857164,1785530249.213897,23.72138,0.00828,914387.4103,15544,24.47304,0.07916,142237.1610,71,6
40.874164,1785530249.230896,23.71822,0.00828,914377.6912,15545,24.55265,0.07861,142275.2048,72,6
40.891164,1785530249.247896,23.72140,0.00828,914387.4991,15544,24.37796,0.07916,142191.7225,71,6
40.908164,1785530249.264896,23.72396,0.00828,914395.3842,15545,24.40165,0.07916,142203.0411,71,6
40.925164,1785530249.281896,23.71687,0.00828,914373.5463,15544,24.43022,0.07916,142216.6967,71,6
40.942164,1785530249.298896,23.71591,0.00828,914370.5608,15544,24.67831,0.07916,142335.2598,71,6
40.959164,1785530249.315897,23.71749,0.00828,914375.4357,15544,24.59704,0.07916,142296.4216,71,6
40.976164,1785530249.332896,23.71102,0.00828,914355.5018,15544,24.67863,0.07916,142335.4158,71,6
40.993164,1785530249.349896,23.71774,0.00828,914376.2035,15544,24.43466,0.07861,142218.8178,72,6
41.010164,1785530249.366896,23.72106,0.00828,914386.4258,15545,24.44451,0.07916,142223.5253,71,6
41.027164,1785530249.383896,23.72291,0.00828,914392.1210,15544,24.66867,0.07916,142330.6555,71,6
41.044164,1785530249.400896,23.71817,0.00828,914377.5449,15544,24.36362,0.07916,142184.8686,71,6
41.061164,1785530249.417897,23.71992,0.00828,914382.9237,15545,24.23039,0.07916,142121.1955,71,6
41.078164,1785530249.434896,23.71426,0.00828,914365.4942,15544,24.57323,0.07916,142285.0410,71,6
41.095164,1785530249.451896,23.70926,0.00828,914350.0915,15543,24.58305,0.07916,142289.7336,71,6
41.112164,1785530249.468896,23.71312,0.00828,914361.9778,15544,24.52592,0.07916,142262.4307,71,6
41.129164,1785530249.485896,23.71504,0.00828,914367.8899,15544,24.35054,0.07861,142178.6164,72,6
41.146164,1785530249.502896,23.71494,0.00828,914367.5713,15544,24.28695,0.07916,142148.2281,71,6
41.163164,1785530249.519897,23.71503,0.00828,914367.8516,15545,24.42572,0.07916,142214.5444,71,6
41.180164,1785530249.536896,23.71706,0.00828,914374.1050,15544,24.37309,0.07916,142189.3949,71,6
41.197164,1785530249.553896,23.71796,0.00828,914376.8980,15544,24.22539,0.07916,142118.8047,71,6
41.214164,1785530249.570896,23.71445,0.00828,914366.0624,15544,24.19688,0.07916,142105.1797,71,6
41.231164,1785530249.587896,23.71476,0.00828,914367.0318,15544,24.39658,0.07916,142200.6193,71,6
41.248164,1785530249.604896,23.70983,0.00828,914351.8434,15544,24.34054,0.07861,142173.8365,72,6
41.265164,1785530249.621897,23.71734,0.00828,914374.9845,15544,24.38273,0.07916,142193.9986,71,6
41.282164,1785530249.638896,23.71746,0.00828,914375.3609,15544,24.30122,0.07916,142155.0463,71,6
41.299164,1785530249.655896,23.71852,0.00828,914378.6109,15545,24.32542,0.07916,142166.6131,71,6
41.316164,1785530249.672896,23.71590,0.00828,914370.5493,15544,24.45407,0.07916,142228.0929,71,6
41.333164,1785530249.689896,23.71735,0.00828,914375.0215,15544,24.49193,0.07916,142246.1872,71,6
41.350164,1785530249.706896,23.71825,0.00828,914377.7808,15544,24.26368,0.07916,142137.1071,71,6
41.367164,1785530249.723897,23.71967,0.00828,914382.1654,15544,24.50070,0.07861,142250.3778,72,6
41.384164,1785530249.740896,23.71644,0.00828,914372.2013,15545,24.47799,0.07916,142239.5249,71,6
41.401164,1785530249.757896,23.71180,0.00828,914357.9059,15543,24.28733,0.07916,142148.4096,71,6
41.418164,1785530249.774896,23.71828,0.00828,914377.8824,15545,24.22515,0.07916,142118.6911,71,6
41.435164,1785530249.791896,23.71394,0.00828,914364.5113,15544,24.30156,0.07916,142155.2067,71,6
41.452164,1785530249.808896,23.71726,0.00828,914374.7463,15544,24.40645,0.07916,142205.3374,71,6
41.469164,1785530249.825897,23.71768,0.00828,914376.0284,15544,24.18747,0.07916,142100.6853,71,6
41.486164,1785530249.842896,23.71689,0.00828,914373.5837,15544,24.37800,0.07916,142191.7379,71,6
41.503164,1785530249.859896,23.71336,0.00828,914362.7217,15544,24.33172,0.07861,142169.6231,72,6
41.520164,1785530249.876896,23.71695,0.00828,914373.7882,15544,24.20134,0.07916,142107.3112,71,6
41.537164,1785530249.893896,23.71560,0.00828,914369.6148,15545,24.39714,0.07916,142200.8893,71,6
41.554164,1785530249.910896,23.71797,0.00828,914376.9115,15544,24.31129,0.07916,142159.8571,71,6
41.571164,1785530249.927896,23.71857,0.00828,914378.7519,15544,24.25381,0.07916,142132.3889,71,6
41.588164,1785530249.944896,23.71145,0.00828,914356.8355,15544,24.39676,0.07916,142200.7071,71,6
41.605164,1785530249.961896,23.71268,0.00828,914360.6317,15544,24.47364,0.07916,142237.4461,71,6
41.622164,1785530249.978896,23.71775,0.00828,914376.2542,15544,24.53816,0.07861,142268.2826,72,6
41.639164,1785530249.995896,23.70884,0.00828,914348.7968,15544,24.43986,0.07916,142221.3010,71,6
41.656164,1785530250.012896,23.71117,0.00828,914355.9659,15544,24.19666,0.07916,142105.0766,71,6
41.673164,1785530250.029896,23.70441,0.00828,914335.1558,15543,24.32114,0.07916,142164.5659,71,6
41.690164,1785530250.046896,23.70674,0.00828,914342.3331,15544,24.30636,0.07916,142157.5034,71,6
41.707164,1785530250.063896,23.71037,0.00828,914353.5188,15544,24.30160,0.07916,142155.2279,71,6
41.724164,1785530250.080896,23.71012,0.00828,914352.7497,15543,24.34430,0.07916,142175.6346,71,6
41.741164,1785530250.097896,23.71078,0.00828,914354.7834,15544,24.55255,0.07861,142275.1593,72,6
41.758164,1785530250.114896,23.71562,0.00828,914369.6786,15544,24.54475,0.07916,142271.4316,71,6
41.775164,1785530250.131896,23.71351,0.00828,914363.1963,15544,24.35401,0.07916,142180.2747,71,6
41.792164,1785530250.148896,23.70907,0.00828,914349.5160,15544,24.44927,0.07916,142225.8013,71,6
41.809164,1785530250.165896,23.70655,0.00828,914341.7523,15544,24.27767,0.07916,142143.7910,71,6
41.826164,1785530250.182896,23.71061,0.00828,914354.2503,15544,24.30148,0.07916,142155.1705,71,6
41.843164,1785530250.199896,23.70667,0.00828,914342.1271,15543,24.06350,0.07916,142041.4351,71,6
41.860164,1785530250.216896,23.71066,0.00828,914354.3895,15544,24.03975,0.07916,142030.0853,71,6
41.877164,1785530250.233896,23.71077,0.00828,914354.7460,15544,24.29885,0.07861,142153.9121,72,6
41.894164,1785530250.250896,23.70994,0.00828,914352.1991,15544,24.26316,0.07916,142136.8584,71,6
41.911164,1785530250.267896,23.71060,0.00828,914354.2253,15544,24.28761,0.07916,142148.5395,71,6
41.928164,1785530250.284896,23.70722,0.00828,914343.8032,15543,24.28696,0.07916,142148.2288,71,6
41.945164,1785530250.301896,23.70747,0.00828,914344.5725,15544,24.33506,0.07916,142171.2172,71,6
41.962164,1785530250.318897,23.70910,0.00828,914349.6141,15544,24.42048,0.07916,142212.0410,71,6
41.979164,1785530250.335896,23.70704,0.00828,914343.2473,15543,24.48271,0.07916,142241.7802,71,6
41.996164,1785530250.352896,23.71073,0.00828,914354.6206,15544,24.51471,0.07861,142257.0753,72,6
42.013164,1785530250.369896,23.71148,0.00828,914356.9241,15544,24.29686,0.07916,142152.9615,71,6
42.030164,1785530250.386896,23.71430,0.00828,914365.6080,15544,24.10157,0.07916,142059.6329,71,6
42.047164,1785530250.403896,23.71046,0.00828,914353.7752,15544,24.10675,0.07916,142062.1045,71,6
42.064164,1785530250.420897,23.71034,0.00828,914353.4054,15544,23.98787,0.07916,142005.2915,71,6
42.081164,1785530250.437896,23.71243,0.00828,914359.8498,15544,24.20164,0.07916,142107.4563,71,6
42.098164,1785530250.454896,23.71255,0.00828,914360.2127,15544,24.28271,0.07916,142146.2006,71,6
42.115164,1785530250.471896,23.71417,0.00828,914365.2293,15544,24.16228,0.07861,142088.6431,72,6
42.132164,1785530250.488896,23.70987,0.00828,914351.9807,15543,24.13519,0.07916,142075.6995,71,6
42.149164,1785530250.505896,23.71175,0.00828,914357.7557,15544,24.06829,0.07916,142043.7258,71,6
42.166164,1785530250.522897,23.71053,0.00828,914354.0128,15544,24.11652,0.07916,142066.7757,71,6
42.183164,1785530250.539896,23.70856,0.00828,914347.9275,15544,24.25428,0.07916,142132.6111,71,6
42.200164,1785530250.556896,23.70982,0.00828,914351.8065,15544,23.90673,0.07916,141966.5155,71,6
42.217164,1785530250.573896,23.71133,0.00828,914356.4594,15544,23.88320,0.07916,141955.2695,71,6
42.234164,1785530250.590896,23.71337,0.00828,914362.7473,15544,24.01138,0.07916,142016.5267,71,6
42.251164,1785530250.607896,23.70669,0.00828,914342.1654,15543,24.07311,0.07861,142046.0301,72,6
42.268164,1785530250.624897,23.70605,0.00828,914340.2000,15544,24.00613,0.07916,142014.0187,71,6
42.285164,1785530250.641896,23.70666,0.00828,914342.0900,15543,24.22049,0.07916,142116.4619,71,6
42.302164,1785530250.658896,23.70939,0.00828,914350.4857,15544,24.32067,0.07916,142164.3427,71,6
42.319164,1785530250.675896,23.71036,0.00828,914353.4718,15544,24.28273,0.07916,142146.2113,71,6
42.336164,1785530250.692896,23.71025,0.00828,914353.1440,15544,24.26797,0.07916,142139.1554,71,6
42.353164,1785530250.709896,23.70882,0.00828,914348.7215,15544,24.14413,0.07916,142079.9725,71,6
42.370164,1785530250.726897,23.70735,0.00828,914344.2168,15543,24.35496,0.07861,142180.7279,72,6
42.387164,1785530250.743896,23.70937,0.00828,914350.4362,15544,24.54929,0.07916,142273.6034,71,6
42.404164,1785530250.760896,23.70824,0.00828,914346.9578,15544,24.50198,0.07916,142250.9891,71,6
42.421164,1785530250.777896,23.71154,0.00828,914357.1288,15544,24.24917,0.07916,142130.1703,71,6
42.438164,1785530250.794896,23.71311,0.00828,914361.9409,15544,24.25902,0.07916,142134.8773,71,6
42.455164,1785530250.811896,23.71313,0.00828,914362.0045,15544,24.19252,0.07916,142103.0953,71,6
42.472164,1785530250.828897,23.70985,0.00828,914351.9183,15543,24.18769,0.07916,142100.7885,71,6
42.489164,1785530250.845896,23.70796,0.00828,914346.0857,15544,24.48304,0.07916,142241.9417,71,6
42.506164,1785530250.862896,23.70935,0.00828,914350.3606,15544,24.40635,0.07861,142205.2899,72,6
42.523164,1785530250.879896,23.71687,0.00828,914373.5213,15544,24.23025,0.07916,142121.1277,71,6
42.540164,1785530250.896896,23.70740,0.00828,914344.3729,15544,24.34924,0.07916,142177.9930,71,6
42.557164,1785530250.913896,23.71190,0.00828,914358.2121,15544,24.38749,0.07916,142196.2743,71,6
42.574164,1785530250.930897,23.71011,0.00828,914352.7137,15543,24.49226,0.07916,142246.3481,71,6
42.591164,1785530250.947896,23.70993,0.00828,914352.1498,15544,24.52107,0.07916,142260.1134,71,6
42.608164,1785530250.964896,23.71282,0.00828,914361.0708,15544,24.29684,0.07916,142152.9513,71,6
42.625164,1785530250.981896,23.71228,0.00828,914359.3940,15544,24.30292,0.07861,142155.8605,72,6
42.642164,1785530250.998896,23.71313,0.00828,914362.0158,15544,24.38766,0.07916,142196.3574,71,6
42.659164,1785530251.015896,23.71170,0.00828,914357.6050,15544,24.49259,0.07916,142246.5035,71,6
42.676164,1785530251.032897,23.71099,0.00828,914355.4140,15544,24.62615,0.07916,142310.3320,71,6
42.693164,1785530251.049896,23.71659,0.00828,914372.6624,15544,24.37794,0.07916,142191.7120,71,6
42.710164,1785530251.066896,23.71961,0.00828,914381.9655,15544,24.21568,0.07916,142114.1653,71,6
42.727164,1785530251.083896,23.71260,0.00828,914360.3643,15544,24.13044,0.07916,142073.4284,71,6
42.744164,1785530251.100896,23.71296,0.00828,914361.4897,15544,24.34516,0.07861,142176.0450,72,6
42.761164,1785530251.117896,23.71143,0.00828,914356.7720,15544,24.25842,0.07916,142134.5931,71,6
42.778164,1785530251.134897,23.71313,0.00828,914362.0157,15544,24.14436,0.07916,142080.0817,71,6
42.795164,1785530251.151896,23.70385,0.00828,914333.4431,15543,24.40175,0.07916,142203.0923,71,6
42.812164,1785530251.168896,23.70596,0.00828,914339.9400,15544,24.31565,0.07916,142161.9418,71,6
42.829164,1785530251.185896,23.70631,0.00828,914341.0075,15544,24.37763,0.07916,142191.5622,71,6
42.846164,1785530251.202896,23.70669,0.00828,914342.1769,15543,24.51148,0.07916,142255.5306,71,6
42.863164,1785530251.219896,23.70374,0.00828,914333.0928,15544,24.33002,0.07916,142168.8112,71,6
42.880164,1785530251.236897,23.70338,0.00828,914331.9667,15543,24.47232,0.07861,142236.8144,72,6
42.897164,1785530251.253896,23.70687,0.00828,914342.7211,15544,24.35408,0.07916,142180.3065,71,6
42.914164,1785530251.270896,23.71075,0.00828,914354.6825,15544,24.32537,0.07916,142166.5871,71,6
42.931164,1785530251.287896,23.70899,0.00828,914349.2463,15543,24.36334,0.07916,142184.7334,71,6
42.948164,1785530251.304896,23.70373,0.00828,914333.0557,15544,24.31623,0.07916,142162.2206,71,6
42.965164,1785530251.321896,23.70399,0.00828,914333.8627,15543,24.53060,0.07916,142264.6709,71,6
42.982164,1785530251.338897,23.70521,0.00828,914337.6297,15544,24.40654,0.07916,142205.3787,71,6
42.999164,1785530251.355896,23.70994,0.00828,914352.2007,15544,24.37395,0.07861,142189.8038,72,6
43.016164,1785530251.372896,23.70390,0.00828,914333.5815,15543,24.21108,0.07916,142111.9671,71,6
43.033164,1785530251.389896,23.70879,0.00828,914348.6458,15544,24.16797,0.07916,142091.3633,71,6
43.050164,1785530251.406896,23.71201,0.00828,914358.5494,15544,24.26350,0.07916,142137.0194,71,6
43.067164,1785530251.423896,23.70798,0.00828,914346.1489,15544,24.36323,0.07916,142184.6816,71,6
43.084164,1785530251.440897,23.70858,0.00828,914348.0008,15543,24.44950,0.07916,142225.9104,71,6
43.101164,1785530251.457896,23.70406,0.00828,914334.0889,15544,24.42062,0.07916,142212.1083,71,6
43.118164,1785530251.474896,23.70223,0.00828,914328.4493,15543,24.25637,0.07861,142133.6102,72,6
43.135164,1785530251.491896,23.70633,0.00828,914341.0583,15544,24.47327,0.07916,142237.2696,71,6
43.152164,1785530251.508896,23.70178,0.00828,914327.0674,15543,24.34463,0.07916,142175.7903,71,6
43.169164,1785530251.525896,23.70091,0.00828,914324.3739,15544,24.35860,0.07916,142182.4679,71,6
43.186164,1785530251.542897,23.69924,0.00828,914319.2407,15543,24.17294,0.07916,142093.7375,71,6
43.203164,1785530251.559896,23.69820,0.00828,914316.0373,15543,24.34449,0.07916,142175.7232,71,6
43.220164,1785530251.576896,23.70415,0.00828,914334.3502,15543,24.41150,0.07916,142207.7481,71,6
43.237164,1785530251.593896,23.71021,0.00828,914353.0065,15544,24.39221,0.07916,142198.5303,71,6
43.254164,1785530251.610896,23.71199,0.00828,914358.5010,15544,24.41566,0.07861,142209.7375,72,6
43.271164,1785530251.627896,23.70562,0.00828,914338.8665,15544,24.42065,0.07916,142212.1242,71,6
43.288164,1785530251.644897,23.70388,0.00828,914333.5185,15543,24.43998,0.07916,142221.3628,71,6
43.305164,1785530251.661896,23.70688,0.00828,914342.7711,15544,24.13502,0.07916,142075.6171,71,6
43.322164,1785530251.678896,23.70374,0.00828,914333.0931,15543,24.35419,0.07916,142180.3627,71,6
43.339164,1785530251.695896,23.69204,0.00828,914297.0437,15543,24.18755,0.07916,142100.7205,71,6
43.356164,1785530251.712896,23.70261,0.00828,914329.6166,15544,24.32572,0.07916,142166.7531,71,6
43.373164,1785530251.729896,23.70320,0.00828,914331.4283,15543,24.25177,0.07861,142131.4116,72,6
43.390164,1785530251.746897,23.70954,0.00828,914350.9493,15544,24.38256,0.07916,142193.9213,71,6
43.407164,1785530251.763896,23.70322,0.00828,914331.4891,15543,24.24454,0.07916,142127.9566,71,6
43.424164,1785530251.780896,23.70037,0.00828,914322.7219,15544,24.47311,0.07916,142237.1915,71,6
43.441164,1785530251.797896,23.70537,0.00828,914338.1100,15543,24.33539,0.07916,142171.3780,71,6
43.458164,1785530251.814896,23.70146,0.00828,914326.0735,15544,24.30650,0.07916,142157.5711,71,6
43.475164,1785530251.831896,23.69820,0.00828,914316.0255,15543,24.28259,0.07916,142146.1440,71,6
43.492164,1785530251.848897,23.70526,0.00828,914337.7659,15543,24.38774,0.07861,142196.3939,72,6
43.509164,1785530251.865896,23.70149,0.00828,914326.1601,15544,24.49729,0.07916,142248.7478,71,6
43.526164,1785530251.882896,23.69862,0.00828,914317.3271,15543,24.08744,0.07916,142052.8770,71,6
43.543164,1785530251.899896,23.70389,0.00828,914333.5545,15543,24.24473,0.07916,142128.0491,71,6
43.560164,1785530251.916896,23.70312,0.00828,914331.1668,15544,24.08747,0.07916,142052.8925,71,6
43.577164,1785530251.933896,23.70151,0.00828,914326.2101,15543,24.16839,0.07916,142091.5652,71,6
43.594164,1785530251.950897,23.69480,0.00828,914305.5387,15543,24.08256,0.07916,142050.5444,71,6
43.611164,1785530251.967896,23.69339,0.00828,914301.2151,15543,24.20644,0.07916,142109.7483,71,6
43.628164,1785530251.984896,23.69071,0.00828,914292.9653,15543,24.38765,0.07861,142196.3528,72,6
43.645164,1785530252.001896,23.69447,0.00828,914304.5467,15543,24.29231,0.07916,142150.7893,71,6
43.662164,1785530252.018896,23.70071,0.00828,914323.7639,15543,24.01110,0.07916,142016.3932,71,6
43.679164,1785530252.035896,23.70127,0.00828,914325.4790,15543,24.22023,0.07916,142116.3377,71,6
43.696164,1785530252.052896,23.70604,0.00828,914340.1629,15544,24.09707,0.07916,142057.4806,71,6
43.713164,1785530252.069896,23.70511,0.00828,914337.2940,15544,24.07771,0.07916,142048.2267,71,6
43.730164,1785530252.086896,23.70473,0.00828,914336.1388,15543,24.25411,0.07916,142132.5291,71,6
43.747164,1785530252.103896,23.70429,0.00828,914334.7701,15544,24.31237,0.07861,142160.3752,72,6
43.764164,1785530252.120896,23.69797,0.00828,914315.3189,15543,24.07286,0.07916,142045.9094,71,6
43.781164,1785530252.137896,23.69131,0.00828,914294.8149,15543,24.13987,0.07916,142077.9343,71,6
43.798164,1785530252.154896,23.69925,0.00901,914319.2600,13120,24.48436,0.08611,142242.5698,60,6
45.101184,1785530253.457917,23.68320,0.00926,914269.8195,15542,23.86860,0.07355,141948.2917,71,7
45.118184,1785530253.474917,23.68511,0.00926,914275.6969,15543,24.06821,0.07355,142043.6901,71,7
45.135184,1785530253.491917,23.68045,0.00926,914261.3580,15542,24.05903,0.07304,142039.3022,72,7
45.152184,1785530253.508917,23.68473,0.00926,914274.5278,15542,24.14451,0.07355,142080.1540,71,7
45.169184,1785530253.525917,23.68349,0.00926,914270.7053,15543,24.03489,0.07355,142027.7628,71,7
45.186184,1785530253.542917,23.67735,0.00926,914251.8165,15542,24.06816,0.07355,142043.6642,71,7
45.203184,1785530253.559917,23.67867,0.00926,914255.8771,15542,23.84492,0.07355,141936.9729,71,7
45.220184,1785530253.576917,23.66970,0.00926,914228.2483,15542,23.90640,0.07355,141966.3557,71,7
45.237184,1785530253.593917,23.67729,0.00926,914251.6292,15542,23.83547,0.07355,141932.4573,71,7
45.254184,1785530253.610917,23.67798,0.00926,914253.7429,15542,24.36846,0.07355,142187.1806,71,7
45.271184,1785530253.627917,23.67724,0.00926,914251.4807,15542,24.09167,0.07304,142054.9013,72,7
45.288184,1785530253.644917,23.67639,0.00926,914248.8589,15542,24.04961,0.07355,142034.7978,71,7
45.305184,1785530253.661917,23.67911,0.00926,914257.2223,15542,24.12087,0.07355,142068.8554,71,7
45.322184,1785530253.678917,23.67676,0.00926,914249.9769,15542,23.85443,0.07355,141941.5204,71,7
45.339184,1785530253.695917,23.68455,0.00926,914273.9705,15543,24.11622,0.07355,142066.6322,71,7
45.356184,1785530253.712917,23.67538,0.00926,914245.7287,15542,24.28274,0.07355,142146.2157,71,7
45.373184,1785530253.729917,23.67814,0.00926,914254.2384,15542,24.06394,0.07355,142041.6472,71,7
45.390184,1785530253.746917,23.67877,0.00926,914256.1661,15542,24.37384,0.07304,142189.7527,72,7
45.407184,1785530253.763917,23.67619,0.00926,914248.2381,15542,24.23032,0.07355,142121.1595,71,7
45.424184,1785530253.780917,23.68062,0.00926,914261.8640,15542,24.00628,0.07355,142014.0907,71,7
45.441184,1785530253.797917,23.68211,0.00926,914266.4754,15542,23.95897,0.07355,141991.4800,71,7
45.458184,1785530253.814917,23.68376,0.00926,914271.5598,15543,24.02549,0.07355,142023.2724,71,7
45.475184,1785530253.831917,23.68698,0.00926,914281.4605,15542,24.17816,0.07355,142096.2317,71,7
45.492184,1785530253.848917,23.68912,0.00926,914288.0465,15543,24.05376,0.07355,142036.7843,71,7
45.509184,1785530253.865917,23.67853,0.00926,914255.4334,15542,24.02158,0.07304,142021.4025,72,7
45.526184,1785530253.882917,23.68000,0.00926,914259.9820,15543,23.98260,0.07355,142002.7726,71,7
45.543184,1785530253.899917,23.67992,0.00926,914259.7316,15542,24.07792,0.07355,142048.3305,71,7
45.560184,1785530253.916917,23.67384,0.00926,914240.9924,15542,23.90667,0.07355,141966.4842,71,7
45.577184,1785530253.933917,23.68795,0.00926,914284.4442,15542,23.93047,0.07355,141977.8603,71,7
45.594184,1785530253.950917,23.68225,0.00926,914266.8874,15543,23.89712,0.07355,141961.9222,71,7
45.611184,1785530253.967917,23.65436,0.00926,914180.9825,15540,23.84008,0.07355,141934.6613,71,7
45.628184,1785530253.984917,23.65399,0.00926,914179.8617,15541,24.05879,0.07355,142039.1846,71,7
45.645184,1785530254.001917,23.66341,0.00926,914208.8757,15542,24.17635,0.07304,142095.3673,72,7
45.662184,1785530254.018917,23.66377,0.00926,914209.9767,15541,24.21630,0.07355,142114.4603,71,7
45.679184,1785530254.035917,23.68475,0.00926,914274.6031,15542,23.88768,0.07355,141957.4116,71,7
45.696184,1785530254.052917,23.67893,0.00926,914256.6645,15543,23.92557,0.07355,141975.5169,71,7
45.713184,1785530254.069917,23.68352,0.00926,914270.8119,15542,24.15408,0.07355,142084.7263,71,7
45.730184,1785530254.086917,23.67887,0.00926,914256.4912,15542,23.91637,0.07355,141971.1198,71,7
45.747184,1785530254.103917,23.67735,0.00926,914251.8151,15542,23.92085,0.07355,141973.2613,71,7
45.764184,1785530254.120917,23.68180,0.00926,914265.5236,15543,23.91404,0.07304,141970.0093,72,7
45.781184,1785530254.137917,23.67291,0.00926,914238.1331,15541,24.12523,0.07355,142070.9405,71,7
45.798184,1785530254.154917,23.67706,0.00926,914250.9083,15542,23.88798,0.07355,141957.5558,71,7
45.815184,1785530254.171917,23.68774,0.00926,914283.8101,15543,24.28272,0.07355,142146.2061,71,7
45.832184,1785530254.188917,23.67000,0.00926,914229.1549,15542,24.29663,0.07355,142152.8530,71,7
45.849184,1785530254.205917,23.67167,0.00926,914234.3097,15542,24.24427,0.07355,142127.8269,71,7
45.866184,1785530254.222917,23.67755,0.00926,914252.4370,15542,24.20647,0.07355,142109.7634,71,7
45.883184,1785530254.239917,23.66358,0.00926,914209.3798,15541,24.14793,0.07304,142081.7887,72,7
45.900184,1785530254.256917,23.66534,0.00926,914214.8239,15541,23.94456,0.07355,141984.5951,71,7
45.917184,1785530254.273917,23.67081,0.00926,914231.6763,15542,24.10158,0.07355,142059.6381,71,7
45.934184,1785530254.290917,23.66736,0.00926,914221.0275,15542,23.93993,0.07355,141982.3808,71,7
45.951184,1785530254.307917,23.67788,0.00926,914253.4300,15542,23.90657,0.07355,141966.4384,71,7
45.968184,1785530254.324917,23.66477,0.00926,914213.0725,15541,24.05878,0.07355,142039.1793,71,7
45.985184,1785530254.341917,23.67567,0.00926,914246.6227,15542,23.89283,0.07355,141959.8733,71,7
46.002184,1785530254.358917,23.67699,0.00926,914250.6970,15542,23.92112,0.07355,141973.3904,71,7
46.019184,1785530254.375917,23.68373,0.00926,914271.4611,15543,24.00709,0.07304,142014.4757,72,7
46.036184,1785530254.392917,23.67812,0.00926,914254.1883,15542,23.94497,0.07355,141984.7911,71,7
46.053184,1785530254.409917,23.68156,0.00926,914264.7745,15542,24.13009,0.07355,142073.2631,71,7
46.070184,1785530254.426917,23.67512,0.00926,914244.9448,15542,24.21593,0.07355,142114.2838,71,7
46.087184,1785530254.443917,23.67370,0.00926,914240.5608,15542,24.16823,0.07355,142091.4876,71,7
46.104184,1785530254.460917,23.68547,0.00926,914276.8117,15542,23.94466,0.07355,141984.6416,71,7
46.121184,1785530254.477917,23.66888,0.00926,914225.7146,15542,23.83553,0.07355,141932.4880,71,7
46.138184,1785530254.494917,23.65459,0.00926,914181.6997,15541,23.92322,0.07304,141974.3966,72,7
46.155184,1785530254.511917,23.66549,0.00926,914215.2815,15541,23.90166,0.07355,141964.0899,71,7
46.172184,1785530254.528917,23.65598,0.00926,914185.9983,15541,23.88781,0.07355,141957.4737,71,7
46.189184,1785530254.545917,23.66377,0.00926,914209.9849,15542,23.92061,0.07355,141973.1476,71,7
46.206184,1785530254.562917,23.65870,0.00926,914194.3588,15541,24.21131,0.07355,142112.0749,71,7
46.223184,1785530254.579917,23.66161,0.00926,914203.3302,15541,24.09707,0.07355,142057.4805,71,7
46.240184,1785530254.596917,23.66766,0.00926,914221.9720,15542,23.91637,0.07355,141971.1197,71,7
46.257184,1785530254.613917,23.67005,0.00926,914229.3224,15541,24.04515,0.07304,142032.6656,72,7
46.274184,1785530254.630917,23.67203,0.00926,914235.4057,15542,23.76418,0.07355,141898.3883,71,7
46.291184,1785530254.647917,23.67165,0.00926,914234.2352,15542,23.84029,0.07355,141934.7637,71,7
46.308184,1785530254.664917,23.67644,0.00926,914249.0085,15542,23.88310,0.07355,141955.2229,71,7
46.325184,1785530254.681917,23.66812,0.00926,914223.3712,15541,23.92566,0.07355,141975.5632,71,7
46.342184,1785530254.698917,23.66658,0.00926,914218.6298,15542,23.95910,0.07355,141991.5422,71,7
46.359184,1785530254.715917,23.67828,0.00926,914254.6775,15542,23.88276,0.07355,141955.0583,71,7
46.376184,1785530254.732917,23.71240,0.00926,914359.7753,15544,23.73567,0.07355,141884.7627,71,7
46.393184,1785530254.749917,23.71491,0.00926,914367.5086,15544,23.96995,0.07304,141996.7289,72,7
46.410184,1785530254.766917,23.71477,0.00926,914367.0711,15544,24.03494,0.07355,142027.7885,71,7
46.427184,1785530254.783917,23.71827,0.00926,914377.8438,15544,24.33467,0.07355,142171.0300,71,7
46.444184,1785530254.800917,23.72221,0.00926,914389.9813,15545,24.26348,0.07355,142137.0089,71,7
46.461184,1785530254.817917,23.70747,0.00926,914344.5857,15543,24.23503,0.07355,142123.4149,71,7
46.478184,1785530254.834917,23.70510,0.00926,914337.2794,15544,24.00191,0.07355,142012.0011,71,7
46.495184,1785530254.851917,23.66691,0.00926,914219.6521,15542,23.94944,0.07355,141986.9277,71,7
46.512184,1785530254.868917,23.66188,0.00926,914204.1628,15541,23.95555,0.07304,141989.8481,72,7
46.529184,1785530254.885917,23.65220,0.00926,914174.3315,15541,23.99649,0.07355,142009.4098,71,7
46.546184,1785530254.902917,23.65034,0.00926,914168.6176,15540,24.44455,0.07355,142223.5459,71,7
46.563184,1785530254.919917,23.65709,0.00926,914189.3894,15541,24.22084,0.07355,142116.6334,71,7
46.580184,1785530254.936917,23.65085,0.00926,914170.1812,15541,24.37752,0.07355,142191.5098,71,7
46.597184,1785530254.953917,23.64957,0.00926,914166.2439,15540,23.99221,0.07355,142007.3660,71,7
46.614184,1785530254.970917,23.65525,0.00926,914183.7472,15541,23.91613,0.07355,141971.0056,71,7
46.631184,1785530254.987917,23.64811,0.00926,914161.7464,15541,23.88088,0.07304,141954.1603,72,7
46.648184,1785530255.004917,23.63479,0.00926,914120.7158,15540,23.86884,0.07355,141948.4051,71,7
46.665184,1785530255.021917,23.64759,0.00926,914160.1567,15540,23.97781,0.07355,142000.4861,71,7
46.682184,1785530255.038917,23.65141,0.00926,914171.9199,15541,24.27262,0.07355,142141.3794,71,7
46.699184,1785530255.055917,23.63455,0.00926,914119.9703,15540,24.31094,0.07355,142159.6921,71,7
46.716184,1785530255.072917,23.66644,0.00926,914218.1908,15541,24.10158,0.07355,142059.6377,71,7
46.733184,1785530255.089917,23.66577,0.00926,914216.1334,15542,23.94464,0.07355,141984.6307,71,7
46.750184,1785530255.106917,23.67317,0.00926,914238.9272,15541,24.03540,0.07355,142028.0097,71,7
46.767184,1785530255.123917,23.66281,0.00926,914207.0254,15542,23.84321,0.07304,141936.1594,72,7
46.784184,1785530255.140917,23.65619,0.00926,914186.6194,15541,23.91613,0.07355,141971.0058,71,7
46.801184,1785530255.157917,23.64790,0.00926,914161.0881,15540,23.82576,0.07355,141927.8175,71,7
46.818184,1785530255.174917,23.63049,0.00926,914107.4827,15540,24.10712,0.07355,142062.2813,71,7
46.835184,1785530255.191917,23.63413,0.00926,914118.6938,15540,24.16345,0.07355,142089.2062,71,7
46.852184,1785530255.208917,23.61459,0.00926,914058.4919,15538,24.02547,0.07355,142023.2622,71,7
46.869184,1785530255.225917,23.65174,0.00926,914172.9256,15541,23.91156,0.07355,141968.8228,71,7
46.886184,1785530255.242917,23.66730,0.00926,914220.8436,15542,23.97922,0.07304,142001.1567,72,7
46.903184,1785530255.259917,23.65787,0.00926,914191.8116,15541,24.03529,0.07355,142027.9539,71,7
46.920184,1785530255.276917,23.66011,0.00926,914198.7069,15541,24.02569,0.07355,142023.3660,71,7
46.937184,1785530255.293917,23.64924,0.00926,914165.2148,15540,23.98754,0.07355,142005.1359,71,7
46.954184,1785530255.310917,23.63911,0.00926,914134.0116,15540,23.84026,0.07355,141934.7489,71,7
46.971184,1785530255.327917,23.65007,0.00926,914167.7710,15541,24.18256,0.07355,142098.3365,71,7
46.988184,1785530255.344917,23.64744,0.00926,914159.6804,15541,24.19194,0.07355,142102.8216,71,7
47.005184,1785530255.361917,23.63961,0.00926,914135.5647,15540,24.15752,0.07304,142086.3693,72,7
47.022184,1785530255.378917,23.64358,0.00926,914147.7805,15540,24.11574,0.07355,142066.4039,71,7
47.039184,1785530255.395917,23.65249,0.00926,914175.2494,15541,24.20134,0.07355,142107.3112,71,7
47.056184,1785530255.412917,23.65189,0.00926,914173.3909,15540,24.27779,0.07355,142143.8471,71,7
47.073184,1785530255.429917,23.65471,0.00926,914182.0693,15541,24.21582,0.07355,142114.2323,71,7
47.090184,1785530255.446917,23.66188,0.00926,914204.1584,15542,24.09228,0.07355,142055.1893,71,7
47.107184,1785530255.463917,23.65252,0.00926,914175.3136,15540,23.98287,0.07355,142002.9015,71,7
47.124184,1785530255.480917,23.65838,0.00926,914193.3913,15541,24.04429,0.07355,142032.2579,71,7
47.141184,1785530255.497917,23.64910,0.00926,914164.7987,15541,23.96041,0.07304,141992.1685,72,7
47.158184,1785530255.514917,23.66833,0.00926,914224.0249,15542,23.81150,0.07355,141921.0043,71,7
47.175184,1785530255.531917,23.66600,0.00926,914216.8587,15541,23.87358,0.07355,141950.6704,71,7
47.192184,1785530255.548917,23.64894,0.00926,914164.3051,15541,23.92108,0.07355,141973.3748,71,7
47.209184,1785530255.565917,23.64522,0.00926,914152.8372,15540,24.07813,0.07355,142048.4276,71,7
47.226184,1785530255.582917,23.64283,0.00926,914145.4943,15540,23.94481,0.07355,141984.7137,71,7
47.243184,1785530255.599917,23.63903,0.00926,914133.7637,15540,24.12079,0.07355,142068.8147,71,7
47.260184,1785530255.616917,23.64018,0.00926,914137.3047,15540,23.94167,0.07304,141983.2111,72,7
47.277184,1785530255.633917,23.63655,0.00926,914126.1490,15540,23.85432,0.07355,141941.4688,71,7
47.294184,1785530255.650917,23.64909,0.00926,914164.7629,15541,23.92116,0.07355,141973.4109,71,7
47.311184,1785530255.667917,23.65708,0.00926,914189.3784,15541,23.79736,0.07355,141914.2441,71,7
47.328184,1785530255.684917,23.65291,0.00926,914176.5443,15541,23.90181,0.07355,141964.1625,71,7
47.345184,1785530255.701917,23.64823,0.00926,914162.1176,15540,23.98291,0.07355,142002.9225,71,7
47.362184,1785530255.718917,23.63124,0.00926,914109.7705,15540,24.02546,0.07355,142023.2571,71,7
47.379184,1785530255.735917,23.65540,0.00926,914184.1842,15541,23.89926,0.07304,141962.9453,72,7
47.396184,1785530255.752917,23.66148,0.00926,914202.9298,15541,24.03507,0.07355,142027.8502,71,7
47.413184,1785530255.769917,23.65513,0.00926,914183.3526,15541,23.91614,0.07355,141971.0106,71,7
47.430184,1785530255.786917,23.66352,0.00926,914209.2186,15541,23.76922,0.07355,141900.7989,71,7
47.447184,1785530255.803917,23.64783,0.00926,914160.8887,15541,23.86861,0.07355,141948.2971,71,7
47.464184,1785530255.820917,23.64163,0.00926,914141.7881,15540,23.80695,0.07355,141918.8267,71,7
47.481184,1785530255.837917,23.64014,0.00926,914137.2048,15540,23.94945,0.07355,141986.9334,71,7
47.498184,1785530255.854917,23.63316,0.00926,914115.6965,15540,23.84991,0.07355,141939.3582,71,7
47.515184,1785530255.871917,23.63444,0.00926,914119.6487,15539,23.90445,0.07304,141965.4238,72,7
47.532184,1785530255.888917,23.62097,0.00926,914078.1479,15540,23.96365,0.07355,141993.7197,71,7
47.549184,1785530255.905917,23.62217,0.00926,914081.8330,15539,23.94510,0.07355,141984.8526,71,7
47.566184,1785530255.922917,23.62938,0.00926,914104.0403,15539,23.95428,0.07355,141989.2398,71,7
47.583184,1785530255.939917,23.62307,0.00926,914084.6195,15539,23.78302,0.07355,141907.3902,71,7
47.600184,1785530255.956917,23.63397,0.00926,914118.2064,15540,23.88770,0.07355,141957.4215,71,7
47.617184,1785530255.973917,23.62300,0.00926,914084.4045,15539,23.72639,0.07355,141880.3299,71,7
47.634184,1785530255.990917,23.62007,0.00926,914075.3880,15539,23.75449,0.07304,141893.7591,72,7
47.651184,1785530256.007917,23.63051,0.00926,914107.5317,15540,23.68813,0.07355,141862.0446,71,7
47.668184,1785530256.024917,23.63825,0.00926,914131.3655,15540,23.83507,0.07355,141932.2664,71,7
47.685184,1785530256.041917,23.63856,0.00926,914132.3341,15540,23.98260,0.07355,142002.7724,71,7
47.702184,1785530256.058917,23.62587,0.00926,914093.2414,15539,24.04923,0.07355,142034.6160,71,7
47.719184,1785530256.075917,23.62185,0.00926,914080.8555,15540,23.96870,0.07355,141996.1302,71,7
47.736184,1785530256.092917,23.61271,0.00926,914052.7014,15538,24.16790,0.07355,142091.3316,71,7
47.753184,1785530256.109917,23.63931,0.00926,914134.6462,15540,24.06843,0.07304,142043.7910,72,7
47.770184,1785530256.126917,23.59405,0.00926,913995.2276,15538,23.73594,0.07355,141884.8924,71,7
47.787184,1785530256.143917,23.60733,0.00926,914036.1360,15538,23.72118,0.07355,141877.8368,71,7
47.804184,1785530256.160917,23.61432,0.00926,914057.6647,15539,24.20623,0.07355,142109.6492,71,7
47.821184,1785530256.177917,23.63469,0.00926,914120.4213,15540,24.08731,0.07355,142052.8150,71,7
47.838184,1785530256.194917,23.63765,0.00926,914129.5397,15540,24.10615,0.07355,142061.8208,71,7
47.855184,1785530256.211917,23.65116,0.00926,914171.1515,15540,24.13043,0.07355,142073.4229,71,7
47.872184,1785530256.228917,23.63684,0.00926,914127.0304,15540,24.15889,0.07355,142087.0236,71,7
47.889184,1785530256.245917,23.62071,0.00926,914077.3609,15539,23.97005,0.07304,141996.7741,72,7
47.906184,1785530256.262917,23.60358,0.00926,914024.5979,15539,24.17781,0.07355,142096.0652,71,7
47.923184,1785530256.279917,23.61490,0.00926,914059.4612,15538,24.01159,0.07355,142016.6299,71,7
47.940184,1785530256.296917,23.60205,0.00926,914019.8722,15538,23.94983,0.07355,141987.1142,71,7
47.957184,1785530256.313917,23.58469,0.00926,913966.3956,15538,24.04898,0.07355,142034.4977,71,7
47.974184,1785530256.330917,23.60023,0.00926,914014.2782,15538,24.04937,0.07355,142034.6844,71,7
47.991184,1785530256.347917,23.60415,0.00926,914026.3427,15538,23.98295,0.07355,142002.9427,71,7
48.008184,1785530256.364917,23.60986,0.00926,914043.9180,15538,23.98409,0.07304,142003.4868,72,7
48.025184,1785530256.381917,23.63593,0.00926,914124.2438,15540,23.78742,0.07355,141909.4958,71,7
48.042184,1785530256.398917,23.63980,0.00926,914136.1396,15540,23.74540,0.07355,141889.4122,71,7
48.059184,1785530256.415917,23.62957,0.00926,914104.6507,15540,23.84484,0.07355,141936.9369,71,7
48.076184,1785530256.432917,23.61739,0.00926,914067.1113,15539,23.69773,0.07355,141866.6323,71,7
48.093184,1785530256.449917,23.60697,0.00926,914035.0434,15538,23.85490,0.07355,141941.7427,71,7
48.110184,1785530256.466917,23.62914,0.00926,914103.3077,15540,23.94948,0.07355,141986.9435,71,7
48.127184,1785530256.483917,23.61534,0.00926,914060.8054,15538,23.97921,0.07304,142001.1518,72,7
48.144184,1785530256.500917,23.62776,0.00926,914099.0598,15540,23.93981,0.07355,141982.3241,71,7
48.161184,1785530256.517917,23.59272,0.00926,913991.1544,15537,24.00227,0.07355,142012.1763,71,7
48.178184,1785530256.534917,23.61431,0.00926,914057.6402,15539,23.88281,0.07355,141955.0831,71,7
48.195184,1785530256.551917,23.61939,0.00926,914073.2852,15539,23.71673,0.07355,141875.7109,71,7
48.212184,1785530256.568917,23.61872,0.00926,914071.2198,15539,23.85912,0.07355,141943.7603,71,7
48.229184,1785530256.585917,23.63489,0.00926,914121.0298,15540,23.66462,0.07355,141850.8078,71,7
48.246184,1785530256.602917,23.62586,0.00926,914093.2045,15539,24.02083,0.07355,142021.0431,71,7
48.263184,1785530256.619917,23.60864,0.00926,914040.1812,15539,23.96966,0.07304,141996.5911,72,7
48.280184,1785530256.636917,23.61882,0.00926,914071.5339,15539,23.75472,0.07355,141893.8675,71,7
48.297184,1785530256.653917,23.61786,0.00926,914068.5859,15539,23.88294,0.07355,141955.1454,71,7
48.314184,1785530256.670917,23.63387,0.00926,914117.8731,15539,23.79725,0.07355,141914.1917,71,7
48.331184,1785530256.687917,23.63048,0.00926,914107.4342,15540,24.03064,0.07355,142025.7342,71,7
48.348184,1785530256.704917,23.62381,0.00926,914086.9022,15539,23.73576,0.07355,141884.8044,71,7
48.365184,1785530256.721917,23.61567,0.00926,914061.8400,15539,23.79768,0.07355,141914.3989,71,7
48.382184,1785530256.738917,23.61607,0.00926,914063.0603,15539,23.86236,0.07304,141945.3098,72,7
48.399184,1785530256.755917,23.61572,0.00926,914061.9756,15539,23.98722,0.07355,142004.9813,71,7
48.416184,1785530256.772917,23.61933,0.00926,914073.0880,15539,24.05432,0.07355,142037.0476,71,7
48.433184,1785530256.789917,23.62639,0.00926,914094.8320,15539,23.85902,0.07355,141943.7135,71,7
48.450184,1785530256.806917,23.63339,0.00926,914116.4175,15540,23.97786,0.07355,142000.5064,71,7
48.467184,1785530256.823917,23.62196,0.00926,914081.2038,15539,24.05405,0.07355,142036.9187,71,7
48.484184,1785530256.840917,23.62615,0.00926,914094.1110,15539,23.64079,0.07355,141839.4174,71,7
48.501184,1785530256.857917,23.62721,0.00926,914097.3570,15540,23.83411,0.07304,141931.8076,72,7
48.518184,1785530256.874917,23.61617,0.00926,914063.3525,15538,24.05414,0.07355,142036.9647,71,7
48.535184,1785530256.891917,23.62046,0.00926,914076.5788,15539,23.93990,0.07355,141982.3654,71,7
48.552184,1785530256.908917,23.62548,0.00926,914092.0492,15540,23.98288,0.07355,142002.9064,71,7
48.569184,1785530256.925917,23.61312,0.00926,914053.9718,15538,23.74973,0.07355,141891.4827,71,7
48.586184,1785530256.942917,23.60635,0.00926,914033.1212,15539,23.83545,0.07355,141932.4512,71,7
48.603184,1785530256.959917,23.61795,0.00926,914068.8384,15539,23.81642,0.07355,141923.3528,71,7
48.620184,1785530256.976917,23.61245,0.00926,914051.9060,15538,23.84947,0.07355,141939.1517,71,7
48.637184,1785530256.993917,23.60053,0.00926,914015.2098,15538,23.92313,0.07304,141974.3505,72,7
48.654184,1785530257.010917,23.62106,0.00926,914078.4410,15539,23.86411,0.07355,141946.1443,71,7
48.671184,1785530257.027917,23.61829,0.00926,914069.9058,15539,23.81158,0.07355,141921.0410,71,7
48.688184,1785530257.044917,23.61828,0.00926,914069.8563,15539,23.95415,0.07355,141989.1773,71,7
48.705184,1785530257.061917,23.63109,0.00926,914109.3088,15540,23.97348,0.07355,141998.4164,71,7
48.722184,1785530257.078917,23.61379,0.00926,914056.0369,15539,23.83070,0.07355,141930.1813,71,7
48.739184,1785530257.095917,23.60992,0.00926,914044.1285,15538,23.87815,0.07355,141952.8544,71,7
48.756184,1785530257.112917,23.60564,0.00926,914030.9303,15538,23.81058,0.07304,141920.5650,72,7
48.773184,1785530257.129917,23.60304,0.00926,914022.9378,15538,23.77841,0.07355,141905.1907,71,7
48.790184,1785530257.146917,23.61315,0.00926,914054.0633,15539,23.93521,0.07355,141980.1259,71,7
48.807184,1785530257.163917,23.61077,0.00926,914046.7296,15539,24.03516,0.07355,142027.8919,71,7
48.824184,1785530257.180917,23.62253,0.00926,914082.9672,15539,24.04911,0.07355,142034.5601,71,7
48.841184,1785530257.197917,23.61513,0.00926,914060.1500,15539,23.82582,0.07355,141927.8485,71,7
48.858184,1785530257.214917,23.61706,0.00926,914066.1133,15539,23.75916,0.07355,141895.9889,71,7
48.875184,1785530257.231917,23.61902,0.00926,914072.1432,15539,23.82962,0.07304,141929.6649,72,7
48.892184,1785530257.248917,23.62558,0.00926,914092.3596,15539,23.71661,0.07355,141875.6544,71,7
48.909184,1785530257.265917,23.64736,0.00926,914159.4362,15540,23.79266,0.07355,141911.9980,71,7
48.926184,1785530257.282917,23.64657,0.00926,914157.0101,15541,23.80210,0.07355,141916.5097,71,7
48.943184,1785530257.299917,23.66012,0.00926,914198.7437,15541,23.63172,0.07355,141835.0864,71,7
48.960184,1785530257.316917,23.65090,0.00926,914170.3306,15541,23.71688,0.07355,141875.7829,71,7
48.977184,1785530257.333917,23.63331,0.00926,914116.1578,15539,23.76937,0.07355,141900.8705,71,7
48.994184,1785530257.350917,23.62320,0.00926,914085.0179,15540,23.65525,0.07355,141846.3278,71,7
49.011184,1785530257.367917,23.63797,0.00926,914130.5207,15540,23.81056,0.07304,141920.5548,72,7
49.028184,1785530257.384917,23.63072,0.00926,914108.1906,15539,23.87820,0.07355,141952.8800,71,7
49.045184,1785530257.401917,23.66391,0.00926,914210.3989,15541,23.78780,0.07355,141909.6759,71,7
49.062184,1785530257.418917,23.64880,0.00926,914163.8797,15541,23.64551,0.07355,141841.6734,71,7
49.079184,1785530257.435917,23.65790,0.00926,914191.8865,15541,23.72146,0.07355,141877.9710,71,7
49.096184,1785530257.452917,23.64922,0.00926,914165.1744,15541,23.68345,0.07355,141859.8090,71,7
49.113184,1785530257.469917,23.65574,0.00926,914185.2393,15541,23.64544,0.07355,141841.6420,71,7
49.130184,1785530257.486917,23.65537,0.00926,914184.1090,15540,23.77316,0.07304,141902.6808,72,7
49.147184,1785530257.503917,23.65917,0.00926,914195.7966,15542,23.69274,0.07355,141864.2479,71,7
49.164184,1785530257.520917,23.64171,0.00926,914142.0411,15540,23.87349,0.07355,141950.6293,71,7
49.181184,1785530257.537917,23.63124,0.00926,914109.7812,15539,23.69765,0.07355,141866.5912,71,7
49.198184,1785530257.554917,23.58436,0.00926,913965.3773,15538,23.59811,0.07355,141819.0203,71,7
49.215184,1785530257.571917,23.58985,0.00926,913982.3043,15537,23.66922,0.07355,141853.0063,71,7
49.232184,1785530257.588917,23.59610,0.00926,914001.5551,15538,23.79739,0.07355,141914.2591,71,7
49.249184,1785530257.605917,23.59066,0.00926,913984.7894,15537,23.70756,0.07304,141871.3291,72,7
49.266184,1785530257.622917,23.56823,0.00926,913915.7053,15537,23.73086,0.07355,141882.4660,71,7
49.283184,1785530257.639917,23.56644,0.00926,913910.1952,15536,23.73575,0.07355,141884.7998,71,7
49.300184,1785530257.656917,23.57656,0.00926,913941.3681,15536,23.83095,0.07355,141930.2991,71,7
49.317184,1785530257.673917,23.57812,0.00926,913946.1548,15537,23.90635,0.07355,141966.3351,71,7
49.334184,1785530257.690917,23.57583,0.00926,913939.1181,15537,23.83074,0.07355,141930.1966,71,7
49.351184,1785530257.707917,23.57423,0.00926,913934.1830,15537,23.92598,0.07355,141975.7131,71,7
49.368184,1785530257.724917,23.57517,0.00926,913937.0809,15536,23.84516,0.07355,141937.0915,71,7
49.385184,1785530257.741917,23.57973,0.00926,913951.1387,15537,23.73570,0.07304,141884.7762,72,7
49.402184,1785530257.758917,23.58419,0.00926,913964.8554,15537,23.57915,0.07355,141809.9622,71,7
49.419184,1785530257.775917,23.57816,0.00926,913946.3045,15537,24.02057,0.07355,142020.9195,71,7
49.436184,1785530257.792917,23.56268,0.00926,913898.6234,15536,23.81651,0.07355,141923.3993,71,7
49.453184,1785530257.809917,23.56582,0.00926,913908.2841,15536,23.78813,0.07355,141909.8356,71,7
49.470184,1785530257.826917,23.58445,0.00926,913965.6756,15537,23.87328,0.07355,141950.5267,71,7
49.487184,1785530257.843917,23.56497,0.00926,913905.6623,15536,23.87822,0.07355,141952.8901,71,7
49.504184,1785530257.860917,23.54011,0.00926,913829.0911,15535,23.77792,0.07304,141904.9554,72,7
49.521184,1785530257.877917,23.55645,0.00926,913879.4238,15536,23.71195,0.07355,141873.4292,71,7
49.538184,1785530257.894917,23.59338,0.00926,913993.1742,15538,23.94467,0.07355,141984.6465,71,7
49.555184,1785530257.911917,23.63331,0.00926,914116.1699,15539,23.70706,0.07355,141871.0912,71,7
49.572184,1785530257.928917,23.59874,0.00926,914009.6782,15538,23.76407,0.07355,141898.3365,71,7
49.589184,1785530257.945917,23.59998,0.00926,914013.5076,15538,23.98727,0.07355,142005.0075,71,7
49.606184,1785530257.962917,23.60456,0.00926,914027.6002,15538,24.00168,0.07355,142011.8920,71,7
49.623184,1785530257.979917,23.57318,0.00926,913930.9396,15537,23.60747,0.07355,141823.4952,71,7
49.640184,1785530257.996917,23.57485,0.00926,913936.1128,15537,23.67922,0.07304,141857.7867,72,7
49.657184,1785530258.013917,23.57528,0.00926,913937.4275,15536,23.86394,0.07355,141946.0674,71,7
49.674184,1785530258.030917,23.57013,0.00926,913921.5581,15537,23.63165,0.07355,141835.0502,71,7
49.691184,1785530258.047917,23.57487,0.00926,913936.1739,15536,23.62684,0.07355,141832.7538,71,7
49.708184,1785530258.064917,23.58679,0.00926,913972.8609,15537,23.64069,0.07355,141839.3711,71,7
49.725184,1785530258.081917,23.58047,0.00926,913953.3961,15537,23.98288,0.07355,142002.9065,71,7
49.742184,1785530258.098917,23.53835,0.00926,913823.6613,15535,23.90207,0.07355,141964.2859,71,7
49.759184,1785530258.115917,23.55531,0.00926,913875.9194,15536,23.86657,0.07304,141947.3207,72,7
49.776184,1785530258.132917,23.57213,0.00926,913927.7068,15536,23.71195,0.07355,141873.4293,71,7
49.793184,1785530258.149917,23.59237,0.00926,913990.0715,15538,23.61722,0.07355,141828.1557,71,7
49.810184,1785530258.166917,23.57211,0.00926,913927.6460,15536,23.66444,0.07355,141850.7208,71,7
49.827184,1785530258.183917,23.58518,0.00926,913967.9273,15537,23.71236,0.07355,141873.6249,71,7
49.844184,1785530258.200917,23.57009,0.00926,913921.4222,15537,23.87366,0.07355,141950.7117,71,7
49.861184,1785530258.217917,23.56612,0.00926,913909.2016,15536,23.76901,0.07355,141900.6960,71,7
49.878184,1785530258.234917,23.56885,0.00926,913917.6285,15536,23.95585,0.07304,141989.9902,72,7
49.895184,1785530258.251917,23.57234,0.00926,913928.3800,15537,23.87832,0.07355,141952.9361,71,7
49.912184,1785530258.268917,23.58605,0.00926,913970.5868,15537,23.90688,0.07355,141966.5881,71,7
49.929184,1785530258.285917,23.58515,0.00926,913967.8282,15537,23.79252,0.07355,141911.9313,71,7
49.946184,1785530258.302917,23.57264,0.00926,913929.2866,15537,23.60281,0.07355,141821.2706,71,7
49.963184,1785530258.319917,23.55859,0.00926,913886.0101,15536,23.52679,0.07355,141784.9366,71,7
49.980184,1785530258.336917,23.53197,0.00926,913804.0374,15534,23.84022,0.07355,141934.7283,71,7
49.997184,1785530258.353917,23.52331,0.00926,913777.3510,15534,23.69801,0.07355,141866.7666,71,7
50.014184,1785530258.370917,23.53943,0.00926,913827.0171,15535,23.52043,0.07304,141781.8974,72,7
50.031184,1785530258.387917,23.53553,0.00926,913814.9745,15534,23.71641,0.07355,141875.5606,71,7
50.048184,1785530258.404917,23.55121,0.00926,913863.2891,15535,23.73573,0.07355,141884.7937,71,7
50.065184,1785530258.421917,23.53407,0.00926,913810.4977,15535,23.52700,0.07355,141785.0392,71,7
50.082184,1785530258.438917,23.55081,0.00926,913862.0547,15535,23.46071,0.07355,141753.3592,71,7
50.099184,1785530258.455917,23.53316,0.00926,913807.7024,15535,23.62182,0.07355,141830.3546,71,7
50.116184,1785530258.472917,23.55207,0.00926,913865.9457,15535,23.71689,0.07355,141875.7874,71,7
50.133184,1785530258.489917,23.54429,0.00989,913841.9789,13640,23.68764,0.07808,141861.8100,63,7
51.702074,1785530260.058807,23.49696,0.01162,913696.1774,15532,23.56967,0.07282,141805.4309,71,8
51.719074,1785530260.075807,23.49161,0.01161,913679.7173,15533,23.53158,0.07282,141787.2282,71,8
51.736074,1785530260.092807,23.48501,0.01162,913659.3958,15531,23.53483,0.07231,141788.7786,72,8
51.753074,1785530260.109807,23.49662,0.01161,913695.1333,15533,23.54123,0.07282,141791.8365,71,8
51.770074,1785530260.126807,23.41675,0.01162,913449.1403,15528,23.57462,0.07282,141807.7950,71,8
51.787074,1785530260.143807,23.48694,0.01162,913665.3419,15532,23.45594,0.07282,141751.0787,71,8
51.804074,1785530260.160807,23.50998,0.01161,913736.2823,15533,23.56992,0.07282,141805.5486,71,8
51.821074,1785530260.177807,23.50705,0.01161,913727.2686,15533,23.75479,0.07282,141893.9030,71,8
51.838074,1785530260.194807,23.49442,0.01161,913688.3718,15533,23.67416,0.07282,141855.3650,71,8
51.855074,1785530260.211807,23.51468,0.01161,913750.7618,15533,23.64197,0.07231,141839.9841,72,8
51.872074,1785530260.228807,23.49259,0.01162,913682.7357,15532,23.73076,0.07282,141882.4152,71,8
51.889074,1785530260.245807,23.51623,0.01161,913755.5357,15534,23.56977,0.07282,141805.4775,71,8
51.906074,1785530260.262807,23.46260,0.01162,913590.3454,15531,23.79765,0.07282,141914.3831,71,8
51.923074,1785530260.279807,23.47791,0.01162,913637.5161,15531,23.61236,0.07282,141825.8329,71,8
51.940074,1785530260.296807,23.53547,0.01161,913814.8097,15535,23.45102,0.07282,141748.7255,71,8
51.957074,1785530260.313807,23.52744,0.01161,913790.0696,15534,23.52208,0.07282,141782.6861,71,8
51.974074,1785530260.330807,23.50995,0.01161,913736.1913,15533,23.53916,0.07231,141790.8500,72,8
51.991074,1785530260.347807,23.49877,0.01161,913701.7600,15533,23.69271,0.07282,141864.2325,71,8
52.008074,1785530260.364807,23.48208,0.01162,913650.3438,15531,23.85471,0.07282,141941.6542,71,8
52.025074,1785530260.381807,23.48531,0.01162,913660.2968,15532,23.90198,0.07282,141964.2447,71,8
52.042074,1785530260.398807,23.49501,0.01161,913690.1860,15533,24.19244,0.07282,142103.0599,71,8
52.059074,1785530260.415807,23.50483,0.01161,913720.4283,15533,23.85459,0.07282,141941.5977,71,8
52.076074,1785530260.432807,23.49456,0.01162,913688.8010,15532,23.92554,0.07282,141975.5062,71,8
52.093074,1785530260.449807,23.47571,0.01162,913630.7288,15531,24.05871,0.07282,142039.1481,71,8
52.110074,1785530260.466807,23.47622,0.01162,913632.3221,15532,23.80580,0.07231,141918.2802,72,8
52.127074,1785530260.483807,23.42135,0.01162,913463.3163,15528,23.52263,0.07282,141782.9481,71,8
52.144074,1785530260.500807,23.44598,0.01162,913539.1700,15530,23.70708,0.07282,141871.1017,71,8
52.161074,1785530260.517807,23.49063,0.01162,913676.7076,15532,23.53142,0.07282,141787.1508,71,8
52.178074,1785530260.534807,23.45615,0.01162,913570.4905,15531,23.52229,0.07282,141782.7892,71,8
52.195074,1785530260.551807,23.47030,0.01162,913614.0646,15531,23.57882,0.07282,141809.8035,71,8
52.212074,1785530260.568807,23.48238,0.01162,913651.2882,15531,23.67401,0.07282,141855.2933,71,8
52.229074,1785530260.585807,23.50876,0.01161,913732.5254,15533,23.31518,0.07231,141683.8065,72,8
52.246074,1785530260.602807,23.48527,0.01162,913660.1977,15532,23.40333,0.07282,141725.9348,71,8
52.263074,1785530260.619807,23.47325,0.01162,913623.1483,15532,23.76401,0.07282,141898.3061,71,8
52.280074,1785530260.636807,23.46230,0.01162,913589.4299,15530,23.75912,0.07282,141895.9682,71,8
52.297074,1785530260.653807,23.47387,0.01162,913625.0617,15532,23.52261,0.07282,141782.9377,71,8
52.314074,1785530260.670807,23.44242,0.01162,913528.2030,15529,23.54144,0.07282,141791.9394,71,8
52.331074,1785530260.687807,23.45807,0.01162,913576.3951,15531,23.48922,0.07282,141766.9806,71,8
52.348074,1785530260.704807,23.46209,0.01162,913588.7804,15530,23.69770,0.07282,141866.6167,71,8
52.365074,1785530260.721807,23.48047,0.01162,913645.3906,15532,23.73570,0.07231,141884.7762,72,8
52.382074,1785530260.738807,23.46546,0.01162,913599.1823,15531,23.63138,0.07282,141834.9215,71,8
52.399074,1785530260.755807,23.42593,0.01162,913477.4188,15528,23.44202,0.07282,141744.4247,71,8
52.416074,1785530260.772807,23.44572,0.01162,913538.3742,15530,23.65477,0.07282,141846.1009,71,8
52.433074,1785530260.789807,23.46540,0.01162,913598.9717,15531,23.68328,0.07282,141859.7264,71,8
52.450074,1785530260.806807,23.44386,0.01162,913532.6425,15530,23.64056,0.07282,141839.3089,71,8
52.467074,1785530260.823807,23.47264,0.01162,913621.2898,15531,23.56482,0.07282,141803.1139,71,8
52.484074,1785530260.840807,23.46539,0.01162,913598.9593,15531,23.83420,0.07231,141931.8530,72,8
52.501074,1785530260.857807,23.48660,0.01162,913664.2761,15532,23.48453,0.07282,141764.7394,71,8
52.518074,1785530260.874807,23.48770,0.01162,913667.6565,15532,23.51783,0.07282,141780.6574,71,8
52.535074,1785530260.891807,23.47221,0.01162,913619.9692,15531,23.43232,0.07282,141739.7911,71,8
52.552074,1785530260.908807,23.47754,0.01162,913636.3733,15531,23.40385,0.07282,141726.1813,71,8
52.569074,1785530260.925807,23.47662,0.01162,913633.5311,15532,23.50359,0.07282,141773.8495,71,8
52.586074,1785530260.942807,23.48180,0.01162,913649.4930,15532,23.44668,0.07282,141746.6507,71,8
52.603074,1785530260.959807,23.49821,0.01162,913700.0289,15532,23.53953,0.07231,141791.0269,72,8
52.620074,1785530260.976807,23.51664,0.01161,913756.8018,15534,23.63593,0.07282,141837.0950,71,8
52.637074,1785530260.993807,23.46135,0.01162,913586.5045,15530,23.63137,0.07282,141834.9168,71,8
52.654074,1785530261.010807,23.47101,0.01162,913616.2539,15531,23.37554,0.07282,141712.6533,71,8
52.671074,1785530261.027807,23.43306,0.01162,913499.3708,15530,23.50334,0.07282,141773.7309,71,8
52.688074,1785530261.044807,23.44613,0.01162,913539.6313,15529,23.60774,0.07282,141823.6238,71,8
52.705074,1785530261.061807,23.45862,0.01162,913578.0857,15531,23.64549,0.07282,141841.6677,71,8
52.722074,1785530261.078807,23.47365,0.01162,913624.3984,15531,23.48466,0.07282,141764.8018,71,8
52.739074,1785530261.095807,23.43509,0.01162,913505.6111,15529,23.58125,0.07231,141810.9636,72,8
52.756074,1785530261.112807,23.42242,0.01162,913466.5882,15529,23.71730,0.07282,141875.9833,71,8
52.773074,1785530261.129807,23.44162,0.01162,913525.7288,15529,23.38946,0.07282,141719.3073,71,8
52.790074,1785530261.146807,23.41000,0.01162,913428.3447,15528,23.29964,0.07282,141676.3804,71,8
52.807074,1785530261.163807,23.39842,0.01162,913392.6855,15528,23.43711,0.07282,141742.0772,71,8
52.824074,1785530261.180807,23.40460,0.01162,913411.7139,15527,23.46106,0.07282,141753.5240,71,8
52.841074,1785530261.197807,23.40411,0.01162,913410.2070,15528,23.56510,0.07282,141803.2468,71,8
52.858074,1785530261.214807,23.44517,0.01162,913536.6711,15530,23.42692,0.07231,141737.2075,72,8
52.875074,1785530261.231807,23.42581,0.01162,913477.0541,15528,23.42338,0.07282,141735.5163,71,8
52.892074,1785530261.248807,23.40823,0.01162,913422.8880,15528,23.42253,0.07282,141735.1106,71,8
52.909074,1785530261.265807,23.43255,0.01162,913497.7997,15529,23.44209,0.07282,141744.4609,71,8
52.926074,1785530261.282807,23.44860,0.01162,913547.2409,15530,23.78789,0.07282,141909.7222,71,8
52.943074,1785530261.299807,23.38290,0.01162,913344.8818,15527,23.58885,0.07282,141814.5972,71,8
52.960074,1785530261.316807,23.40782,0.01162,913421.6385,15527,23.69298,0.07282,141864.3611,71,8
52.977074,1785530261.333807,23.44703,0.01162,913542.4027,15530,23.41768,0.07231,141732.7942,72,8
52.994074,1785530261.350807,23.50923,0.01161,913733.9697,15533,23.50319,0.07282,141773.6589,71,8
53.011074,1785530261.367807,23.39252,0.01162,913374.5179,15527,23.60285,0.07282,141821.2856,71,8
53.028074,1785530261.384807,23.42616,0.01162,913478.1156,15529,23.64554,0.07282,141841.6885,71,8
53.045074,1785530261.401807,23.44309,0.01162,913530.2660,15530,23.59347,0.07282,141816.8058,71,8
53.062074,1785530261.418807,23.44299,0.01162,913529.9681,15529,23.58391,0.07282,141812.2339,71,8
53.079074,1785530261.435807,23.42589,0.01162,913477.2878,15529,23.50365,0.07282,141773.8789,71,8
53.096074,1785530261.452807,23.49492,0.01161,913689.9012,15533,23.65013,0.07282,141843.8819,71,8
53.113074,1785530261.469807,23.48182,0.01162,913649.5481,15531,23.58585,0.07231,141813.1624,72,8
53.130074,1785530261.486807,23.48934,0.01162,913672.7152,15532,23.74532,0.07282,141889.3775,71,8
53.147074,1785530261.503807,23.46606,0.01162,913601.0137,15531,23.60721,0.07282,141823.3719,71,8
53.164074,1785530261.520807,23.44455,0.01162,913534.7574,15530,23.48455,0.07282,141764.7506,71,8
53.181074,1785530261.537807,23.41933,0.01162,913457.0714,15528,23.55510,0.07282,141798.4696,71,8
53.198074,1785530261.554807,23.45189,0.01162,913557.3603,15530,23.69767,0.07282,141866.6011,71,8
53.215074,1785530261.571807,23.41699,0.01162,913449.8815,15529,23.73128,0.07282,141882.6673,71,8
53.232074,1785530261.588807,23.32176,0.01162,913156.5732,15523,23.69355,0.07231,141864.6319,72,8
53.249074,1785530261.605807,23.35025,0.01162,913244.3232,15525,23.40878,0.07282,141728.5396,71,8
53.266074,1785530261.622807,23.41518,0.01162,913444.2905,15528,23.41308,0.07282,141730.5944,71,8
53.283074,1785530261.639807,23.44814,0.01162,913545.8336,15530,23.57448,0.07282,141807.7275,71,8
53.300074,1785530261.656807,23.44366,0.01162,913532.0352,15529,23.54600,0.07282,141794.1176,71,8
53.317074,1785530261.673807,23.45327,0.01162,913561.6242,15531,23.52685,0.07282,141784.9672,71,8
53.334074,1785530261.690807,23.43052,0.01162,913491.5599,15529,23.37603,0.07282,141712.8880,71,8
53.351074,1785530261.707807,23.38995,0.01162,913366.5814,15526,23.42266,0.07231,141735.1705,72,8
53.368074,1785530261.724807,23.42071,0.01162,913461.3225,15529,23.32815,0.07282,141690.0067,71,8
53.385074,1785530261.741807,23.40040,0.01162,913398.7665,15527,23.35150,0.07282,141701.1653,71,8
53.402074,1785530261.758807,23.42368,0.01162,913470.4931,15529,23.53189,0.07282,141787.3772,71,8
53.419074,1785530261.775807,23.41014,0.01162,913428.7705,15528,23.39435,0.07282,141721.6444,71,8
53.436074,1785530261.792807,23.42735,0.01162,913481.7979,15529,23.55068,0.07282,141796.3531,71,8
53.453074,1785530261.809807,23.40818,0.01162,913422.7318,15527,23.67405,0.07282,141855.3136,71,8
53.470074,1785530261.826807,23.39983,0.01162,913397.0367,15528,23.44141,0.07282,141744.1324,71,8
53.487074,1785530261.843807,23.42165,0.01162,913464.2345,15528,23.61401,0.07231,141826.6187,72,8
53.504074,1785530261.860807,23.45584,0.01162,913569.5337,15531,23.38495,0.07282,141717.1490,71,8
53.521074,1785530261.877807,23.44867,0.01162,913547.4515,15530,23.36608,0.07282,141708.1320,71,8
53.538074,1785530261.894807,23.37427,0.01162,913318.3039,15526,23.51299,0.07282,141778.3446,71,8
53.555074,1785530261.911807,23.36661,0.01162,913294.7085,15525,23.57466,0.07282,141807.8150,71,8
53.572074,1785530261.928807,23.42454,0.01162,913473.1160,15529,23.71714,0.07282,141875.9055,71,8
53.589074,1785530261.945807,23.43705,0.01162,913511.6784,15529,23.55567,0.07282,141798.7419,71,8
53.606074,1785530261.962807,23.44213,0.01162,913527.3228,15530,23.64250,0.07231,141840.2372,72,8
53.623074,1785530261.979807,23.40916,0.01162,913425.7464,15528,23.57441,0.07282,141807.6968,71,8
53.640074,1785530261.996807,23.40144,0.01162,913401.9891,15527,23.59827,0.07282,141819.0977,71,8
53.657074,1785530262.013807,23.41847,0.01162,913454.4484,15528,23.47501,0.07282,141760.1932,71,8
53.674074,1785530262.030807,23.42717,0.01162,913481.2371,15529,23.66914,0.07282,141852.9658,71,8
53.691074,1785530262.047807,23.41450,0.01162,913442.1986,15528,23.52250,0.07282,141782.8865,71,8
53.708074,1785530262.064807,23.40382,0.01162,913409.2988,15528,23.53633,0.07282,141789.4985,71,8
53.725074,1785530262.081807,23.41515,0.01162,913444.1992,15528,23.56279,0.07231,141802.1431,72,8
53.742074,1785530262.098807,23.43012,0.01162,913490.3305,15529,23.55100,0.07282,141796.5067,71,8
53.759074,1785530262.115807,23.44753,0.01162,913543.9463,15530,23.49857,0.07282,141771.4495,71,8
53.776074,1785530262.132807,23.43286,0.01162,913498.7690,15529,23.49381,0.07282,141769.1738,71,8
53.793074,1785530262.149807,23.44518,0.01162,913536.6959,15530,23.40393,0.07282,141726.2225,71,8
53.810074,1785530262.166807,23.43764,0.01162,913513.4674,15529,23.52683,0.07282,141784.9571,71,8
53.827074,1785530262.183807,23.41145,0.01162,913432.7995,15528,23.71194,0.07282,141873.4239,71,8
53.844074,1785530262.200807,23.41283,0.01162,913437.0516,15528,23.53192,0.07282,141787.3877,71,8
53.861074,1785530262.217807,23.40923,0.01162,913425.9864,15528,23.64227,0.07231,141840.1257,72,8
53.878074,1785530262.234807,23.40744,0.01162,913420.4755,15528,23.49827,0.07282,141771.3061,71,8
53.895074,1785530262.251807,23.38484,0.01162,913350.8487,15526,23.45139,0.07282,141748.9054,71,8
53.912074,1785530262.268807,23.42604,0.01162,913477.7486,15529,23.37090,0.07282,141710.4340,71,8
53.929074,1785530262.285807,23.43951,0.01162,913519.2518,15530,23.50301,0.07282,141773.5720,71,8
53.946074,1785530262.302807,23.40667,0.01162,913418.0917,15527,23.54116,0.07282,141791.8053,71,8
53.963074,1785530262.319807,23.42631,0.01162,913478.5770,15529,23.33255,0.07282,141692.1078,71,8
53.980074,1785530262.336807,23.45664,0.01162,913572.0082,15530,23.31532,0.07231,141683.8728,72,8
53.997074,1785530262.353807,23.43079,0.01162,913492.3929,15529,23.55527,0.07282,141798.5465,71,8
54.014074,1785530262.370807,23.45180,0.01162,913557.1005,15531,23.45126,0.07282,141748.8387,71,8
54.031074,1785530262.387807,23.47562,0.01162,913630.4765,15531,23.17705,0.07282,141617.7928,71,8
54.048074,1785530262.404807,23.46664,0.01162,913602.7912,15531,23.18599,0.07282,141622.0644,71,8
54.065074,1785530262.421807,23.46438,0.01162,913595.8507,15531,23.29033,0.07282,141671.9313,71,8
54.082074,1785530262.438807,23.46726,0.01162,913604.7196,15530,23.48482,0.07282,141764.8787,71,8
54.099074,1785530262.455807,23.48237,0.01162,913651.2577,15532,23.52975,0.07231,141786.3511,72,8
54.116074,1785530262.472807,23.48607,0.01162,913662.6591,15532,23.44174,0.07282,141744.2914,71,8
54.133074,1785530262.489807,23.48674,0.01162,913664.7072,15532,23.47012,0.07282,141757.8553,71,8
54.150074,1785530262.506807,23.42859,0.01162,913485.6173,15529,23.46543,0.07282,141755.6149,71,8
54.167074,1785530262.523807,23.44016,0.01162,913521.2371,15529,23.42243,0.07282,141735.0643,71,8
54.184074,1785530262.540807,23.46151,0.01162,913587.0014,15531,23.42248,0.07282,141735.0847,71,8
54.201074,1785530262.557807,23.43405,0.01162,913502.4153,15529,23.40841,0.07282,141728.3645,71,8
54.218074,1785530262.574807,23.35775,0.01162,913267.4196,15525,23.39918,0.07282,141723.9516,71,8
54.235074,1785530262.591807,23.33696,0.01162,913203.3698,15524,23.35699,0.07231,141703.7887,72,8
54.252074,1785530262.608807,23.38673,0.01162,913356.6833,15527,23.43706,0.07282,141742.0567,71,8
54.269074,1785530262.625807,23.35239,0.01162,913250.9023,15525,23.33328,0.07282,141692.4568,71,8
54.286074,1785530262.642807,23.36125,0.01162,913278.2035,15525,23.49819,0.07282,141771.2698,71,8
54.303074,1785530262.659807,23.34360,0.01162,913223.8256,15525,23.61711,0.07282,141828.1037,71,8
54.320074,1785530262.676807,23.35059,0.01162,913245.3466,15524,23.64548,0.07282,141841.6623,71,8
54.337074,1785530262.693807,23.36356,0.01162,913285.3209,15526,23.62194,0.07282,141830.4108,71,8
54.354074,1785530262.710807,23.37606,0.01162,913323.8031,15526,23.58179,0.07231,141811.2211,72,8
54.371074,1785530262.727807,23.44449,0.01162,913534.5840,15530,23.46036,0.07282,141753.1903,71,8
54.388074,1785530262.744807,23.38985,0.01162,913366.2716,15526,23.38046,0.07282,141715.0066,71,8
54.405074,1785530262.761807,23.42140,0.01162,913463.4466,15529,23.25235,0.07282,141653.7798,71,8
54.422074,1785530262.778807,23.34198,0.01162,913218.8397,15524,23.41294,0.07282,141730.5281,71,8
54.439074,1785530262.795807,23.44156,0.01162,913525.5578,15530,23.39442,0.07282,141721.6751,71,8
54.456074,1785530262.812807,23.43170,0.01162,913495.1892,15529,23.48445,0.07282,141764.7038,71,8
54.473074,1785530262.829807,23.37318,0.01162,913314.9340,15526,23.32423,0.07231,141688.1339,72,8
54.490074,1785530262.846807,23.32910,0.01162,913179.1661,15523,23.34690,0.07282,141698.9662,71,8
54.507074,1785530262.863807,23.37282,0.01162,913313.8361,15526,23.37565,0.07282,141712.7052,71,8
54.524074,1785530262.880807,23.37144,0.01162,913309.5757,15526,23.32336,0.07282,141687.7148,71,8
54.541074,1785530262.897807,23.40450,0.01162,913411.4217,15528,23.44667,0.07282,141746.6493,71,8
54.558074,1785530262.914807,23.43022,0.01162,913490.6402,15529,23.37519,0.07282,141712.4841,71,8
54.575074,1785530262.931807,23.45189,0.01162,913557.3851,15530,23.31361,0.07282,141683.0549,71,8
54.592074,1785530262.948807,23.39758,0.01162,913390.0885,15527,23.35216,0.07282,141701.4788,71,8
54.609074,1785530262.965807,23.41433,0.01162,913441.6877,15528,23.46449,0.07231,141755.1621,72,8
54.626074,1785530262.982807,23.40086,0.01162,913400.1955,15528,23.40395,0.07282,141726.2316,71,8
54.643074,1785530262.999807,23.41217,0.01162,913435.0262,15528,23.45605,0.07282,141751.1302,71,8
54.660074,1785530263.016807,23.44916,0.01162,913548.9688,15530,23.29943,0.07282,141676.2783,71,8
54.677074,1785530263.033807,23.42114,0.01162,913462.6443,15528,23.32817,0.07282,141690.0161,71,8
54.694074,1785530263.050807,23.44849,0.01162,913546.9143,15530,23.44137,0.07282,141744.1121,71,8
54.711074,1785530263.067807,23.44618,0.01162,913539.7923,15530,23.71643,0.07282,141875.5662,71,8
54.728074,1785530263.084807,23.41084,0.01162,913430.9476,15528,23.41292,0.07231,141730.5196,72,8
54.745074,1785530263.101807,23.41955,0.01162,913457.7682,15528,23.42751,0.07282,141737.4894,71,8
54.762074,1785530263.118807,23.44658,0.01162,913541.0232,15530,23.28542,0.07282,141669.5837,71,8
54.779074,1785530263.135807,23.42219,0.01162,913465.9069,15529,23.29009,0.07282,141671.8182,71,8
54.796074,1785530263.152807,23.45226,0.01162,913558.5075,15530,23.52244,0.07282,141782.8605,71,8
54.813074,1785530263.169807,23.43221,0.01162,913496.7685,15529,23.40853,0.07282,141728.4215,71,8
54.830074,1785530263.186807,23.40690,0.01162,913418.8094,15528,23.30482,0.07282,141678.8564,71,8
54.847074,1785530263.203807,23.37215,0.01162,913311.7571,15525,23.36148,0.07231,141705.9323,72,8
54.864074,1785530263.220807,23.35543,0.01162,913260.2799,15525,23.33782,0.07282,141694.6249,71,8
54.881074,1785530263.237807,23.35646,0.01162,913263.4394,15525,23.49402,0.07282,141769.2769,71,8
54.898074,1785530263.254807,23.37847,0.01162,913331.2175,15527,23.46054,0.07282,141753.2776,71,8
54.915074,1785530263.271807,23.37649,0.01162,913325.1303,15526,23.39435,0.07282,141721.6442,71,8
54.932074,1785530263.288807,23.40176,0.01162,913402.9817,15527,23.40850,0.07282,141728.4061,71,8
54.949074,1785530263.305807,23.41119,0.01162,913432.0036,15528,23.23318,0.07282,141644.6196,71,8
54.966074,1785530263.322807,23.36919,0.01162,913302.6456,15526,23.48915,0.07282,141766.9492,71,8
54.983074,1785530263.339807,23.42546,0.01162,913475.9550,15529,23.40836,0.07231,141728.3409,72,8
55.000074,1785530263.356807,23.42101,0.01162,913462.2726,15528,23.32820,0.07282,141690.0311,71,8
55.017074,1785530263.373807,23.38049,0.01162,913337.4560,15526,23.70757,0.07282,141871.3326,71,8
55.034074,1785530263.390807,23.38253,0.01162,913343.7514,15527,23.62648,0.07282,141832.5793,71,8
55.051074,1785530263.407807,23.41984,0.01162,913458.6632,15528,23.48430,0.07282,141764.6323,71,8
55.068074,1785530263.424807,23.43194,0.01162,913495.9355,15529,23.49865,0.07282,141771.4910,71,8
55.085074,1785530263.441807,23.45673,0.01162,913572.2925,15531,23.48507,0.07282,141764.9976,71,8
55.102074,1785530263.458807,23.46405,0.01162,913594.8320,15531,23.37549,0.07231,141712.6301,72,8
55.119074,1785530263.475807,23.44784,0.01162,913544.9019,15529,23.41804,0.07282,141732.9632,71,8
55.136074,1785530263.492807,23.46178,0.01162,913587.8343,15531,23.50343,0.07282,141773.7720,71,8
55.153074,1785530263.509807,23.46699,0.01162,913603.8701,15531,23.72151,0.07282,141877.9967,71,8
55.170074,1785530263.526807,23.49059,0.01162,913676.5714,15532,23.63095,0.07282,141834.7156,71,8
55.187074,1785530263.543807,23.45716,0.01162,913573.5945,15531,23.75963,0.07282,141896.2150,71,8
55.204074,1785530263.560807,23.43913,0.01162,913518.0830,15529,23.71664,0.07282,141875.6691,71,8
55.221074,1785530263.577807,23.40607,0.01162,913416.2358,15528,23.63751,0.07231,141837.8507,72,8
55.238074,1785530263.594807,23.41954,0.01162,913457.7187,15528,23.56047,0.07282,141801.0335,71,8
55.255074,1785530263.611807,23.47591,0.01162,913631.3465,15531,23.70260,0.07282,141868.9585,71,8
55.272074,1785530263.628807,23.44909,0.01162,913548.7582,15530,23.73095,0.07282,141882.5079,71,8
55.289074,1785530263.645807,23.45193,0.01162,913557.5093,15531,23.59340,0.07282,141816.7702,71,8
55.306074,1785530263.662807,23.44873,0.01162,913547.6234,15530,23.46533,0.07282,141755.5634,71,8
55.323074,1785530263.679807,23.47962,0.01162,913642.7734,15531,23.26633,0.07282,141660.4591,71,8
55.340074,1785530263.696807,23.42495,0.01162,913474.3996,15529,23.45572,0.07282,141750.9714,71,8
55.357074,1785530263.713807,23.43340,0.01162,913500.4350,15529,23.36651,0.07231,141708.3386,72,8
55.374074,1785530263.730807,23.42956,0.01162,913488.5995,15529,23.41309,0.07282,141730.6000,71,8
55.391074,1785530263.747807,23.43137,0.01162,913494.1580,15529,23.74065,0.07282,141887.1420,71,8
55.408074,1785530263.764807,23.44324,0.01162,913530.7413,15530,23.50844,0.07282,141776.1661,71,8
55.425074,1785530263.781807,23.44853,0.01162,913547.0170,15529,23.58391,0.07282,141812.2379,71,8
55.442074,1785530263.798807,23.41561,0.01162,913445.6375,15529,23.50827,0.07282,141776.0887,71,8
55.459074,1785530263.815807,23.47450,0.01162,913627.0213,15531,23.51267,0.07282,141778.1906,71,8
55.476074,1785530263.832807,23.43058,0.01162,913491.7457,15529,23.39439,0.07231,141721.6636,72,8
55.493074,1785530263.849807,23.39484,0.01162,913381.6660,15527,23.30951,0.07282,141681.0975,71,8
55.510074,1785530263.866807,23.41171,0.01162,913433.6078,15528,23.37512,0.07282,141712.4529,71,8
55.527074,1785530263.883807,23.38653,0.01162,913356.0593,15527,23.33279,0.07282,141692.2206,71,8
55.544074,1785530263.900807,23.40791,0.01162,913421.8987,15527,23.29485,0.07282,141674.0898,71,8
55.561074,1785530263.917807,23.35029,0.01162,913244.4471,15525,23.49359,0.07282,141769.0709,71,8
55.578074,1785530263.934807,23.37986,0.01162,913335.5171,15526,23.64556,0.07282,141841.6984,71,8
55.595074,1785530263.951807,23.37490,0.01162,913320.2321,15527,23.53454,0.07231,141788.6411,72,8
55.612074,1785530263.968807,23.41817,0.01162,913453.5038,15528,23.45587,0.07282,141751.0429,71,8
55.629074,1785530263.985807,23.43308,0.01162,913499.4332,15529,23.65513,0.07282,141846.2712,71,8
55.646074,1785530264.002807,23.41980,0.01162,913458.5394,15528,23.32340,0.07282,141687.7360,71,8
55.663074,1785530264.019807,23.41845,0.01162,913454.3810,15529,23.53186,0.07282,141787.3615,71,8
55.680074,1785530264.036807,23.45781,0.01162,913575.6126,15530,23.26628,0.07282,141660.4385,71,8
55.697074,1785530264.053807,23.42824,0.01162,913484.5196,15529,23.22400,0.07282,141640.2310,71,8
55.714074,1785530264.070807,23.45187,0.01162,913557.2999,15530,23.44191,0.07282,141744.3744,71,8
55.731074,1785530264.087807,23.47041,0.01162,913614.4145,15531,23.35232,0.07231,141701.5547,72,8
55.748074,1785530264.104807,23.39515,0.01162,913382.5982,15527,23.52739,0.07282,141785.2246,71,8
55.765074,1785530264.121807,23.42945,0.01162,913488.2526,15529,23.43257,0.07282,141739.9084,71,8
55.782074,1785530264.138807,23.35525,0.01162,913259.7224,15525,23.43700,0.07282,141742.0264,71,8
55.799074,1785530264.155807,23.39892,0.01162,913394.2232,15528,23.47489,0.07282,141760.1363,71,8
55.816074,1785530264.172807,23.41125,0.01162,913432.2019,15528,23.41869,0.07282,141733.2764,71,8
55.833074,1785530264.189807,23.36672,0.01162,913295.0554,15525,23.61236,0.07282,141825.8329,71,8
55.850074,1785530264.206807,23.37614,0.01162,913324.0618,15526,23.53463,0.07231,141788.6866,72,8
55.867074,1785530264.223807,23.39674,0.01162,913387.5102,15527,23.59795,0.07282,141818.9436,71,8
55.884074,1785530264.240807,23.39137,0.01162,913370.9624,15527,23.30931,0.07282,141681.0039,71,8
55.901074,1785530264.257807,23.39419,0.01162,913379.6529,15527,23.37985,0.07282,141714.7141,71,8
55.918074,1785530264.274807,23.42468,0.01162,913473.5542,15529,23.59359,0.07282,141816.8618,71,8
55.935074,1785530264.291807,23.50117,0.01161,913709.1685,15533,23.66960,0.07282,141853.1869,71,8
55.952074,1785530264.308807,23.39310,0.01162,913376.2832,15527,23.45628,0.07282,141751.2383,71,8
55.969074,1785530264.325807,23.33422,0.01162,913194.9333,15524,23.46440,0.07231,141755.1218,72,8
55.986074,1785530264.342807,23.34925,0.01162,913241.2422,15524,23.29036,0.07282,141671.9469,71,8
56.003074,1785530264.359807,23.37234,0.01162,913312.3478,15526,23.41806,0.07282,141732.9731,71,8
56.020074,1785530264.376807,23.39081,0.01162,913369.2296,15527,23.23876,0.07282,141647.2855,71,8
56.037074,1785530264.393807,23.40517,0.01162,913413.4641,15528,23.33256,0.07282,141692.1128,71,8
56.054074,1785530264.410807,23.44965,0.01162,913550.4737,15530,23.47075,0.07282,141758.1532,71,8
56.071074,1785530264.427807,23.38409,0.01162,913348.5350,15526,23.30409,0.07282,141678.5081,71,8
56.088074,1785530264.444807,23.37658,0.01162,913325.4075,15526,23.40870,0.07282,141728.5032,71,8
56.105074,1785530264.461807,23.39606,0.01162,913385.4218,15528,23.28230,0.07231,141668.0913,72,8
56.122074,1785530264.478807,23.44378,0.01162,913532.3805,15529,23.39911,0.07282,141723.9202,71,8
56.139074,1785530264.495807,23.42057,0.01162,913460.8965,15529,23.33746,0.07282,141694.4558,71,8
56.156074,1785530264.512807,23.45512,0.01162,913567.3078,15530,23.41313,0.07282,141730.6201,71,8
56.173074,1785530264.529807,23.41336,0.01162,913438.6929,15528,23.34708,0.07282,141699.0539,71,8
56.190074,1785530264.546807,23.44376,0.01162,913532.3453,15530,23.48920,0.07282,141766.9748,71,8
56.207074,1785530264.563807,23.45794,0.01162,913575.9965,15530,23.54088,0.07282,141791.6721,71,8
56.224074,1785530264.580807,23.44818,0.01162,913545.9575,15530,23.37585,0.07231,141712.8021,72,8
56.241074,1785530264.597807,23.43729,0.01162,913512.4115,15529,23.25264,0.07282,141653.9187,71,8
56.258074,1785530264.614807,23.44909,0.01162,913548.7582,15530,23.30438,0.07282,141678.6468,71,8
56.275074,1785530264.631807,23.45991,0.01162,913582.0892,15531,23.32799,0.07282,141689.9293,71,8
56.292074,1785530264.648807,23.46741,0.01162,913605.1782,15531,23.41310,0.07282,141730.6049,71,8
56.309074,1785530264.665807,23.48088,0.01162,913646.6724,15532,23.23334,0.07282,141644.6963,71,8
56.326074,1785530264.682807,23.46521,0.01162,913598.3888,15530,23.23840,0.07282,141647.1111,71,8
56.343074,1785530264.699807,23.47064,0.01162,913615.1126,15531,23.34318,0.07231,141697.1873,72,8
56.360074,1785530264.716807,23.45647,0.01162,913571.4828,15531,23.46542,0.07282,141755.6099,71,8
56.377074,1785530264.733807,23.48233,0.01162,913651.1215,15532,23.45617,0.07282,141751.1862,71,8
56.394074,1785530264.750807,23.44349,0.01162,913531.5103,15529,23.21465,0.07282,141635.7616,71,8
56.411074,1785530264.767807,23.38264,0.01162,913344.0735,15527,23.55996,0.07282,141800.7916,71,8
56.428074,1785530264.784807,23.43265,0.01162,913498.1016,15529,23.41319,0.07282,141730.6458,71,8
56.445074,1785530264.801807,23.42040,0.01162,913460.3789,15528,23.36125,0.07282,141705.8258,71,8
56.462074,1785530264.818807,23.45084,0.01162,913554.1399,15530,23.67883,0.07282,141857.5997,71,8
56.479074,1785530264.835807,23.43082,0.01162,913492.4796,15529,23.49239,0.07231,141768.4973,72,8
56.496074,1785530264.852807,23.44120,0.01162,913524.4353,15530,23.42300,0.07282,141735.3367,71,8
56.513074,1785530264.869807,23.45280,0.01162,913560.1812,15530,23.32799,0.07282,141689.9293,71,8
56.530074,1785530264.886807,23.41917,0.01162,913456.6022,15528,23.49848,0.07282,141771.4086,71,8
56.547074,1785530264.903807,23.42684,0.01162,913480.2183,15529,23.31865,0.07282,141685.4644,71,8
56.564074,1785530264.920807,23.43256,0.01162,913497.8369,15529,23.52256,0.07282,141782.9177,71,8
56.581074,1785530264.937807,23.39366,0.01162,913378.0114,15527,23.41789,0.07282,141732.8908,71,8
56.598074,1785530264.954807,23.42376,0.01162,913470.7331,15529,23.50202,0.07231,141773.0976,72,8
56.615074,1785530264.971807,23.43695,0.01162,913511.3633,15529,23.46538,0.07282,141755.5899,71,8
56.632074,1785530264.988807,23.45533,0.01162,913567.9546,15531,23.61725,0.07282,141828.1710,71,8
56.649074,1785530265.005807,23.43549,0.01162,913506.8653,15529,23.57897,0.07282,141809.8754,71,8
56.666074,1785530265.022807,23.41554,0.01162,913445.4070,15528,23.38992,0.07282,141719.5273,71,8
56.683074,1785530265.039807,23.43707,0.01162,913511.7271,15529,23.44172,0.07282,141744.2816,71,8
56.700074,1785530265.056807,23.35151,0.01217,913248.2067,14158,23.37883,0.07611,141714.2244,65,8
57.964535,1785530266.321268,23.34208,0.00963,913219.1495,15524,23.36590,0.07833,141708.0446,71,9
57.981535,1785530266.338268,23.31790,0.00963,913144.6587,15523,23.36573,0.07833,141707.9631,71,9
57.998535,1785530266.355268,23.34203,0.00963,913218.9806,15524,23.32821,0.07833,141690.0320,71,9
58.015535,1785530266.372268,23.35981,0.00963,913273.7494,15525,23.38042,0.07833,141714.9859,71,9
58.032535,1785530266.389268,23.33176,0.00963,913187.3719,15524,23.42730,0.07779,141737.3894,72,9
58.049535,1785530266.406268,23.34317,0.00963,913222.5169,15525,23.16259,0.07833,141610.8842,71,9
58.066535,1785530266.423268,23.40495,0.00962,913412.7948,15527,23.38499,0.07833,141717.1694,71,9
58.083535,1785530266.440268,23.40978,0.00962,913427.6773,15528,23.44170,0.07833,141744.2708,71,9
58.100535,1785530266.457268,23.41281,0.00962,913437.0144,15528,23.44684,0.07833,141746.7269,71,9
58.117535,1785530266.474268,23.40910,0.00962,913425.5606,15528,23.59868,0.07833,141819.2936,71,9
58.134535,1785530266.491268,23.43367,0.00962,913501.2433,15529,23.45600,0.07833,141751.1045,71,9
58.151535,1785530266.508268,23.44602,0.00962,913539.2830,15530,23.35168,0.07833,141701.2524,71,9
58.168535,1785530266.525268,23.42293,0.00962,913468.1799,15529,23.25475,0.07779,141654.9282,72,9
58.185535,1785530266.542268,23.43277,0.00962,913498.4841,15529,23.42267,0.07833,141735.1774,71,9
58.202535,1785530266.559268,23.37959,0.00962,913334.6963,15526,23.26656,0.07833,141660.5715,71,9
58.219535,1785530266.576268,23.42304,0.00962,913468.5129,15528,23.43201,0.07833,141739.6427,71,9
58.236535,1785530266.593268,23.43989,0.00962,913520.4192,15530,23.48942,0.07833,141767.0775,71,9
58.253535,1785530266.610268,23.41094,0.00962,913431.2573,15528,23.37071,0.07833,141710.3470,71,9
58.270535,1785530266.627268,23.44331,0.00962,913530.9503,15530,23.33340,0.07833,141692.5122,71,9
58.287535,1785530266.644268,23.41072,0.00962,913430.5644,15527,23.36617,0.07779,141708.1764,72,9
58.304535,1785530266.661268,23.44085,0.00962,913523.3794,15530,23.42299,0.07833,141735.3317,71,9
58.321535,1785530266.678268,23.45187,0.00962,913557.3247,15530,23.41346,0.07833,141730.7741,71,9
58.338535,1785530266.695268,23.44627,0.00962,913540.0648,15530,23.28090,0.07833,141667.4258,71,9
58.355535,1785530266.712268,23.44903,0.00962,913548.5570,15530,23.42320,0.07833,141735.4293,71,9
58.372535,1785530266.729268,23.36183,0.00963,913279.9939,15525,23.38017,0.07833,141714.8677,71,9
58.389535,1785530266.746268,23.44252,0.00962,913528.5134,15530,23.38971,0.07833,141719.4250,71,9
58.406535,1785530266.763268,23.42084,0.00962,913461.7369,15528,23.40383,0.07779,141726.1721,72,9
58.423535,1785530266.780268,23.41479,0.00962,913443.0936,15528,23.60259,0.07833,141821.1628,71,9
58.440535,1785530266.797268,23.43783,0.00962,913514.0558,15530,23.74988,0.07833,141891.5553,71,9
58.457535,1785530266.814268,23.44540,0.00962,913537.3926,15530,23.62641,0.07833,141832.5482,71,9
58.474535,1785530266.831268,23.38203,0.00962,913342.2072,15526,23.80695,0.07833,141918.8266,71,9
58.491535,1785530266.848268,23.43593,0.00962,913508.2225,15529,23.39417,0.07833,141721.5577,71,9
58.508535,1785530266.865268,23.43662,0.00962,913510.3354,15530,23.58868,0.07833,141814.5145,71,9
58.525535,1785530266.882268,23.41621,0.00962,913447.4741,15528,23.46095,0.07833,141753.4727,71,9
58.542535,1785530266.899268,23.45679,0.00962,913572.4789,15530,23.40843,0.07779,141728.3709,72,9
58.559535,1785530266.916268,23.46838,0.00962,913608.1600,15531,23.64104,0.07833,141839.5409,71,9
58.576535,1785530266.933268,23.49885,0.00962,913702.0061,15533,23.42763,0.07833,141737.5458,71,9
58.593535,1785530266.950268,23.50655,0.00962,913725.7271,15533,23.48901,0.07833,141766.8826,71,9
58.610535,1785530266.967268,23.51085,0.00962,913738.9788,15533,23.58867,0.07833,141814.5094,71,9
58.627535,1785530266.984268,23.48634,0.00962,913663.4672,15532,23.36595,0.07833,141708.0703,71,9
58.644535,1785530267.001268,23.49325,0.00962,913684.7714,15532,23.43235,0.07833,141739.8024,71,9
58.661535,1785530267.018268,23.49790,0.00962,913699.0882,15533,23.48328,0.07779,141764.1448,72,9
58.678535,1785530267.035268,23.48050,0.00962,913645.4950,15531,23.51268,0.07833,141778.1956,71,9
58.695535,1785530267.052268,23.46216,0.00962,913589.0125,15531,23.41793,0.07833,141732.9115,71,9
58.712535,1785530267.069268,23.50963,0.00962,913735.2018,15533,23.83069,0.07833,141930.1759,71,9
58.729535,1785530267.086268,23.49639,0.00962,913694.4367,15533,23.71690,0.07833,141875.7930,71,9
58.746535,1785530267.103268,23.48715,0.00962,913665.9905,15532,23.85430,0.07833,141941.4587,71,9
58.763535,1785530267.120268,23.48652,0.00962,913664.0477,15532,23.80739,0.07833,141919.0380,71,9
58.780535,1785530267.137268,23.49231,0.00962,913681.8781,15532,23.85271,0.07779,141940.6994,72,9
58.797535,1785530267.154268,23.51974,0.00962,913766.3628,15534,23.20035,0.07833,141628.9287,71,9
58.814535,1785530267.171268,23.52936,0.00962,913795.9855,15534,23.35643,0.07833,141703.5186,71,9
58.831535,1785530267.188268,23.54307,0.00962,913838.2011,15535,23.43682,0.07833,141741.9389,71,9
58.848535,1785530267.205268,23.52292,0.00962,913776.1344,15534,23.66432,0.07833,141850.6639,71,9
58.865535,1785530267.222268,23.50601,0.00962,913724.0615,15533,23.57462,0.07833,141807.7946,71,9
58.882535,1785530267.239268,23.53186,0.00962,913803.6783,15534,23.56498,0.07833,141803.1906,71,9
58.899535,1785530267.256268,23.51853,0.00962,913762.6310,15534,23.67419,0.07833,141855.3804,71,9
58.916535,1785530267.273268,23.52999,0.00962,913797.9237,15534,23.91377,0.07779,141969.8817,72,9
58.933535,1785530267.290268,23.52974,0.00962,913797.1405,15534,23.91613,0.07833,141971.0057,71,9
58.950535,1785530267.307268,23.55936,0.00962,913888.3965,15536,23.93000,0.07833,141977.6378,71,9
58.967535,1785530267.324268,23.58878,0.00962,913979.0108,15537,23.92565,0.07833,141975.5577,71,9
58.984535,1785530267.341268,23.58270,0.00962,913960.2707,15538,23.73595,0.07833,141884.8967,71,9
59.001535,1785530267.358268,23.56563,0.00962,913907.6973,15536,23.70263,0.07833,141868.9748,71,9
59.018535,1785530267.375268,23.57070,0.00962,913923.3084,15536,23.94032,0.07833,141982.5659,71,9
59.035535,1785530267.392268,23.56425,0.00962,913903.4598,15536,23.65640,0.07779,141846.8788,72,9
59.052535,1785530267.409268,23.59271,0.00962,913991.1145,15538,23.56510,0.07833,141803.2468,71,9
59.069535,1785530267.426268,23.60105,0.00962,914016.7882,15538,23.48941,0.07833,141767.0726,71,9
59.086535,1785530267.443268,23.59166,0.00962,913987.8744,15537,23.53212,0.07833,141787.4847,71,9
59.103535,1785530267.460268,23.57487,0.00962,913936.1577,15537,23.56009,0.07833,141800.8529,71,9
59.120535,1785530267.477268,23.57895,0.00962,913948.7268,15537,23.40857,0.07833,141728.4368,71,9
59.137535,1785530267.494268,23.56761,0.00962,913913.8105,15536,23.66917,0.07833,141852.9814,71,9
59.154535,1785530267.511268,23.59085,0.00962,913985.3843,15538,23.35702,0.07779,141703.8043,72,9
59.171535,1785530267.528268,23.56435,0.00962,913903.7494,15536,23.57929,0.07833,141810.0293,71,9
59.188535,1785530267.545268,23.61652,0.00962,914064.4440,15538,23.44661,0.07833,141746.6187,71,9
59.205535,1785530267.562268,23.61804,0.00962,914069.1231,15539,23.57915,0.07833,141809.9624,71,9
59.222535,1785530267.579268,23.59729,0.00962,914005.2056,15538,23.43702,0.07833,141742.0361,71,9
59.239535,1785530267.596268,23.61537,0.00962,914060.9080,15539,23.46068,0.07833,141753.3444,71,9
59.256535,1785530267.613268,23.60670,0.00962,914034.1985,15538,23.79761,0.07833,141914.3672,71,9
59.273535,1785530267.630268,23.61348,0.00962,914055.0806,15539,23.63635,0.07833,141837.2956,71,9
59.290535,1785530267.647268,23.61347,0.00962,914055.0435,15539,23.65619,0.07779,141846.7780,72,9
59.307535,1785530267.664268,23.61936,0.00962,914073.1988,15539,23.61693,0.07833,141828.0168,71,9
59.324535,1785530267.681268,23.61115,0.00962,914047.9152,15538,23.66445,0.07833,141850.7253,71,9
59.341535,1785530267.698268,23.62527,0.00962,914091.4062,15540,23.62654,0.07833,141832.6092,71,9
59.358535,1785530267.715268,23.62616,0.00962,914094.1360,15539,23.69758,0.07833,141866.5600,71,9
59.375535,1785530267.732268,23.59278,0.00962,913991.3234,15538,23.94941,0.07833,141986.9124,71,9
59.392535,1785530267.749268,23.58850,0.00962,913978.1287,15537,23.79268,0.07833,141912.0088,71,9
59.409535,1785530267.766268,23.60901,0.00962,914041.3214,15538,24.04466,0.07779,142032.4309,72,9
59.426535,1785530267.783268,23.60740,0.00962,914036.3516,15539,23.75929,0.07833,141896.0502,71,9
59.443535,1785530267.800268,23.60004,0.00962,914013.6826,15538,23.62639,0.07833,141832.5379,71,9
59.460535,1785530267.817268,23.59976,0.00962,914012.8113,15538,23.55560,0.07833,141798.7055,71,9
59.477535,1785530267.834268,23.61539,0.00962,914060.9774,15538,23.64093,0.07833,141839.4847,71,9
59.494535,1785530267.851268,23.60809,0.00962,914038.4800,15539,23.63633,0.07833,141837.2856,71,9
59.511535,1785530267.868268,23.59434,0.00962,913996.1375,15537,23.59881,0.07833,141819.3544,71,9
59.528535,1785530267.885268,23.62946,0.00962,914104.3142,15540,23.86182,0.07779,141945.0509,72,9
59.545535,1785530267.902268,23.61822,0.00962,914069.6830,15539,23.62723,0.07833,141832.9382,71,9
59.562535,1785530267.919268,23.62581,0.00962,914093.0680,15539,23.71182,0.07833,141873.3672,71,9
59.579535,1785530267.936268,23.63424,0.00962,914119.0386,15540,23.67402,0.07833,141855.2981,71,9
59.596535,1785530267.953268,23.62941,0.00962,914104.1401,15540,23.66458,0.07833,141850.7877,71,9
59.613535,1785530267.970268,23.62645,0.00962,914095.0177,15539,23.53196,0.07833,141787.4081,71,9
59.630535,1785530267.987268,23.64143,0.00962,914141.1707,15540,23.73086,0.07833,141882.4663,71,9
59.647535,1785530268.004268,23.62023,0.00962,914075.8817,15539,23.60797,0.07833,141823.7324,71,9
59.664535,1785530268.021268,23.62830,0.00962,914100.7364,15540,23.69835,0.07779,141866.9271,72,9
59.681535,1785530268.038268,23.65227,0.00962,914174.5560,15540,23.61240,0.07833,141825.8538,71,9
59.698535,1785530268.055268,23.62777,0.00962,914099.1084,15540,23.64532,0.07833,141841.5853,71,9
59.715535,1785530268.072268,23.62110,0.00962,914078.5408,15539,23.69297,0.07833,141864.3555,71,9
59.732535,1785530268.089268,23.64163,0.00962,914141.7811,15540,23.71669,0.07833,141875.6940,71,9
59.749535,1785530268.106268,23.62235,0.00962,914082.3932,15539,23.89211,0.07833,141959.5278,71,9
59.766535,1785530268.123268,23.63737,0.00962,914128.6578,15540,23.96886,0.07833,141996.2075,71,9
59.783535,1785530268.140268,23.64134,0.00962,914140.8811,15540,23.87185,0.07779,141949.8447,72,9
59.800535,1785530268.157268,23.64153,0.00962,914141.4785,15541,23.92560,0.07833,141975.5323,71,9
59.817535,1785530268.174268,23.65353,0.00962,914178.4354,15540,23.89728,0.07833,141961.9993,71,9
59.834535,1785530268.191268,23.64228,0.00962,914143.7897,15541,23.92544,0.07833,141975.4547,71,9
59.851535,1785530268.208268,23.63654,0.00962,914126.1234,15540,23.82591,0.07833,141927.8897,71,9
59.868535,1785530268.225268,23.63322,0.00962,914115.8806,15539,23.68828,0.07833,141862.1159,71,9
59.885535,1785530268.242268,23.65978,0.00962,914197.7001,15541,23.72131,0.07833,141877.8985,71,9
59.902535,1785530268.259268,23.63084,0.00962,914108.5544,15540,23.87142,0.07779,141949.6410,72,9
59.919535,1785530268.276268,23.62781,0.00962,914099.2172,15539,23.76930,0.07833,141900.8344,71,9
59.936535,1785530268.293268,23.64014,0.00962,914137.2053,15541,23.98763,0.07833,142005.1780,71,9
59.953535,1785530268.310268,23.63933,0.00962,914134.6954,15540,23.84510,0.07833,141937.0608,71,9
59.970535,1785530268.327268,23.65289,0.00962,914176.4563,15540,23.64582,0.07833,141841.8225,71,9
59.987535,1785530268.344268,23.64469,0.00962,914151.2209,15541,23.75475,0.07833,141893.8830,71,9
60.004535,1785530268.361268,23.64496,0.00962,914152.0293,15540,23.68811,0.07833,141862.0339,71,9
60.021535,1785530268.378268,23.65063,0.00962,914169.4974,15541,23.77819,0.07833,141905.0828,71,9
60.038535,1785530268.395268,23.65122,0.00962,914171.3371,15540,23.58147,0.07779,141811.0692,72,9
60.055535,1785530268.412268,23.63673,0.00962,914126.6794,15540,23.81182,0.07833,141921.1541,71,9
60.072535,1785530268.429268,23.63928,0.00962,914134.5590,15540,23.76906,0.07833,141900.7211,71,9
60.089535,1785530268.446268,23.65139,0.00962,914171.8580,15541,23.69296,0.07833,141864.3514,71,9
60.106535,1785530268.463268,23.65794,0.00962,914192.0344,15541,23.59805,0.07833,141818.9944,71,9
60.123535,1785530268.480268,23.64522,0.00962,914152.8369,15541,23.82583,0.07833,141927.8535,71,9
60.140535,1785530268.497268,23.64555,0.00962,914153.8688,15540,23.72633,0.07833,141880.2977,71,9
60.157535,1785530268.514268,23.64420,0.00962,914149.7056,15540,23.82944,0.07779,141929.5786,72,9
60.174535,1785530268.531268,23.64095,0.00962,914139.7024,15540,23.81636,0.07833,141923.3271,71,9
60.191535,1785530268.548268,23.64203,0.00962,914143.0203,15541,23.69340,0.07833,141864.5614,71,9
60.208535,1785530268.565268,23.65170,0.00962,914172.8039,15540,24.03512,0.07833,142027.8753,71,9
60.225535,1785530268.582268,23.63548,0.00962,914122.8441,15540,23.89214,0.07833,141959.5433,71,9
60.242535,1785530268.599268,23.64771,0.00962,914160.5266,15541,23.75481,0.07833,141893.9088,71,9
60.259535,1785530268.616268,23.65065,0.00962,914169.5612,15540,23.63124,0.07833,141834.8556,71,9
60.276535,1785530268.633268,23.63425,0.00962,914119.0636,15540,23.65065,0.07833,141844.1294,71,9
60.293535,1785530268.650268,23.64952,0.00962,914166.0945,15541,23.78706,0.07779,141909.3228,72,9
60.310535,1785530268.667268,23.63083,0.00962,914108.5233,15539,24.01137,0.07833,142016.5216,71,9
60.327535,1785530268.684268,23.66213,0.00962,914204.9184,15542,23.85455,0.07833,141941.5763,71,9
60.344535,1785530268.701268,23.64800,0.00962,914161.4093,15540,23.74036,0.07833,141887.0032,71,9
60.361535,1785530268.718268,23.64500,0.00962,914152.1539,15540,23.66453,0.07833,141850.7667,71,9
60.378535,1785530268.735268,23.64412,0.00962,914149.4695,15541,23.64559,0.07833,141841.7144,71,9
60.395535,1785530268.752268,23.63737,0.00962,914128.6586,15540,23.75974,0.07833,141896.2670,71,9
60.412535,1785530268.769268,23.63396,0.00962,914118.1698,15540,23.74025,0.07779,141886.9546,72,9
60.429535,1785530268.786268,23.64294,0.00962,914145.8261,15540,23.78314,0.07833,141907.4517,71,9
60.446535,1785530268.803268,23.64526,0.00962,914152.9728,15540,23.82575,0.07833,141927.8120,71,9
60.463535,1785530268.820268,23.61932,0.00962,914073.0626,15539,23.71712,0.07833,141875.9001,71,9
60.480535,1785530268.837268,23.60561,0.00962,914030.8313,15538,23.62169,0.07833,141830.2924,71,9
60.497535,1785530268.854268,23.59712,0.00962,914004.6952,15538,23.60768,0.07833,141823.5979,71,9
60.514535,1785530268.871268,23.58336,0.00962,913962.3211,15537,23.53181,0.07833,141787.3359,71,9
60.531535,1785530268.888268,23.58566,0.00962,913969.3806,15538,23.81036,0.07779,141920.4583,72,9
60.548535,1785530268.905268,23.58850,0.00962,913978.1411,15537,23.93532,0.07833,141980.1773,71,9
60.565535,1785530268.922268,23.60755,0.00962,914036.8202,15538,23.82574,0.07833,141927.8073,71,9
60.582535,1785530268.939268,23.60090,0.00962,914016.3255,15538,23.65985,0.07833,141848.5266,71,9
60.599535,1785530268.956268,23.61400,0.00962,914056.6963,15539,23.84510,0.07833,141937.0608,71,9
60.616535,1785530268.973268,23.59832,0.00962,914008.4010,15538,23.96864,0.07833,141996.1043,71,9
60.633535,1785530268.990268,23.60673,0.00962,914034.2852,15538,24.05901,0.07833,142039.2925,71,9
60.650535,1785530269.007268,23.59876,0.00962,914009.7520,15538,23.75464,0.07833,141893.8314,71,9
60.667535,1785530269.024268,23.62616,0.00962,914094.1233,15539,23.66100,0.07779,141849.0781,72,9
60.684535,1785530269.041268,23.61660,0.00962,914064.7008,15539,23.98242,0.07833,142002.6901,71,9
60.701535,1785530269.058268,23.62598,0.00962,914093.5773,15540,23.87824,0.07833,141952.9009,71,9
60.718535,1785530269.075268,23.62698,0.00962,914096.6582,15539,23.69312,0.07833,141864.4280,71,9
60.735535,1785530269.092268,23.60376,0.00962,914025.1403,15538,23.75472,0.07833,141893.8671,71,9
60.752535,1785530269.109268,23.62268,0.00962,914083.4116,15539,23.81169,0.07833,141921.0926,71,9
60.769535,1785530269.126268,23.61562,0.00962,914061.6788,15539,23.72164,0.07833,141878.0583,71,9
60.786535,1785530269.143268,23.62395,0.00962,914087.3150,15539,23.85772,0.07779,141943.0902,72,9
60.803535,1785530269.160268,23.61221,0.00962,914051.1643,15539,23.89277,0.07833,141959.8427,71,9
60.820535,1785530269.177268,23.62255,0.00962,914083.0165,15539,23.71687,0.07833,141875.7770,71,9
60.837535,1785530269.194268,23.63110,0.00962,914109.3577,15540,23.70711,0.07833,141871.1122,71,9
60.854535,1785530269.211268,23.61042,0.00962,914045.6698,15538,23.76418,0.07833,141898.3891,71,9
60.871535,1785530269.228268,23.62638,0.00962,914094.8102,15540,23.97794,0.07833,142000.5481,71,9
60.888535,1785530269.245268,23.62889,0.00962,914102.5595,15539,24.15419,0.07833,142084.7781,71,9
60.905535,1785530269.262268,23.63151,0.00962,914110.6156,15540,23.93738,0.07779,141981.1608,72,9
60.922535,1785530269.279268,23.63231,0.00962,914113.0757,15540,23.88761,0.07833,141957.3750,71,9
60.939535,1785530269.296268,23.65200,0.00962,914173.7354,15540,23.78781,0.07833,141909.6813,71,9
60.956535,1785530269.313268,23.65120,0.00962,914171.2504,15541,23.77894,0.07833,141905.4433,71,9
60.973535,1785530269.330268,23.63260,0.00962,914113.9821,15540,23.68370,0.07833,141859.9273,71,9
60.990535,1785530269.347268,23.64014,0.00962,914137.2056,15540,23.76421,0.07833,141898.4042,71,9
61.007535,1785530269.364268,23.63506,0.00962,914121.5482,15540,23.84021,0.07833,141934.7236,71,9
61.024535,1785530269.381268,23.64497,0.00962,914152.0661,15540,23.75429,0.07833,141893.6613,71,9
61.041535,1785530269.398268,23.64693,0.00962,914158.1162,15540,23.81513,0.07779,141922.7380,72,9
61.058535,1785530269.415268,23.65030,0.00962,914168.4917,15541,23.64579,0.07833,141841.8068,71,9
61.075535,1785530269.432268,23.64967,0.00962,914166.5374,15541,23.86850,0.07833,141948.2452,71,9
61.092535,1785530269.449268,23.65705,0.00962,914189.2656,15541,23.89266,0.07833,141959.7908,71,9
61.109535,1785530269.466268,23.64958,0.00962,914166.2686,15540,23.93035,0.07833,141977.8028,71,9
61.126535,1785530269.483268,23.65525,0.00962,914183.7224,15541,23.79751,0.07833,141914.3160,71,9
61.143535,1785530269.500268,23.67621,0.00962,914248.2870,15542,23.72150,0.07833,141877.9918,71,9
61.160535,1785530269.517268,23.65457,0.00962,914181.6376,15541,23.77791,0.07779,141904.9510,72,9
61.177535,1785530269.534268,23.66121,0.00962,914202.0850,15541,24.00177,0.07833,142011.9338,71,9
61.194535,1785530269.551268,23.64168,0.00962,914141.9418,15540,23.77853,0.07833,141905.2471,71,9
61.211535,1785530269.568268,23.66598,0.00962,914216.7798,15542,23.84491,0.07833,141936.9727,71,9
61.228535,1785530269.585268,23.65852,0.00962,914193.7990,15541,23.82115,0.07833,141925.6136,71,9
61.245535,1785530269.602268,23.66009,0.00962,914198.6441,15541,23.74532,0.07833,141889.3772,71,9
61.262535,1785530269.619268,23.64474,0.00962,914151.3570,15541,23.94036,0.07833,141982.5879,71,9
61.279535,1785530269.636268,23.64911,0.00962,914164.8383,15540,23.88083,0.07779,141954.1352,72,9
61.296535,1785530269.653268,23.65809,0.00962,914192.4722,15541,24.20630,0.07833,142109.6805,71,9
61.313535,1785530269.670268,23.66283,0.00962,914207.0798,15541,24.13974,0.07833,142077.8725,71,9
61.330535,1785530269.687268,23.65309,0.00962,914177.0753,15541,24.24439,0.07833,142127.8838,71,9
61.347535,1785530269.704268,23.66570,0.00962,914215.9368,15542,24.00160,0.07833,142011.8560,71,9
61.364535,1785530269.721268,23.67646,0.00962,914249.0712,15542,23.85921,0.07833,141943.8069,71,9
61.381535,1785530269.738268,23.66955,0.00962,914227.7930,15541,23.94002,0.07833,141982.4222,71,9
61.398535,1785530269.755268,23.67644,0.00962,914249.0082,15542,23.90205,0.07833,141964.2804,71,9
61.415535,1785530269.772268,23.67374,0.00962,914240.6735,15542,23.88074,0.07779,141954.0943,72,9
61.432535,1785530269.789268,23.67163,0.00962,914234.1983,15542,23.90672,0.07833,141966.5105,71,9
61.449535,1785530269.806268,23.65363,0.00962,914178.7398,15541,24.11108,0.07833,142064.1749,71,9
61.466535,1785530269.823268,23.66996,0.00962,914229.0427,15542,24.17774,0.07833,142096.0344,71,9
61.483535,1785530269.840268,23.65608,0.00962,914186.2944,15541,24.04463,0.07833,142032.4187,71,9
61.500535,1785530269.857268,23.65386,0.00962,914179.4403,15540,23.84963,0.07833,141939.2283,71,9
61.517535,1785530269.874268,23.66903,0.00962,914226.1710,15542,24.13018,0.07833,142073.3045,71,9
61.534535,1785530269.891268,23.66022,0.00962,914199.0330,15541,23.97946,0.07779,142001.2732,72,9
61.551535,1785530269.908268,23.66035,0.00962,914199.4394,15541,23.93068,0.07833,141977.9619,71,9
61.568535,1785530269.925268,23.65987,0.00962,914197.9603,15541,23.87808,0.07833,141952.8233,71,9
61.585535,1785530269.942268,23.66185,0.00962,914204.0718,15542,23.89694,0.07833,141961.8340,71,9
61.602535,1785530269.959268,23.65677,0.00962,914188.4329,15541,23.97782,0.07833,142000.4917,71,9
61.619535,1785530269.976268,23.65558,0.00962,914184.7523,15541,24.05904,0.07833,142039.3034,71,9
61.636535,1785530269.993268,23.65927,0.00962,914196.1223,15541,24.29699,0.07833,142153.0238,71,9
61.653535,1785530270.010268,23.65738,0.00962,914190.2957,15541,23.85267,0.07779,141940.6784,72,9
61.670535,1785530270.027268,23.65487,0.00962,914182.5813,15541,24.08746,0.07833,142052.8869,71,9
61.687535,1785530270.044268,23.66341,0.00962,914208.8683,15541,24.14447,0.07833,142080.1336,71,9
61.704535,1785530270.061268,23.66332,0.00962,914208.5851,15541,24.04464,0.07833,142032.4236,71,9
61.721535,1785530270.078268,23.66325,0.00962,914208.3722,15542,23.85479,0.07833,141941.6904,71,9
61.738535,1785530270.095268,23.66689,0.00962,914219.5918,15541,23.99238,0.07833,142007.4488,71,9
61.755535,1785530270.112268,23.67646,0.00962,914249.0577,15542,23.93505,0.07833,141980.0483,71,9
61.772535,1785530270.129268,23.65762,0.00962,914191.0412,15541,24.22525,0.07833,142118.7380,71,9
61.789535,1785530270.146268,23.67564,0.00962,914246.5366,15542,24.03573,0.07779,142028.1668,72,9
61.806535,1785530270.163268,23.68075,0.00962,914262.2786,15542,23.99196,0.07833,142007.2472,71,9
61.823535,1785530270.180268,23.67219,0.00962,914235.9251,15542,23.85909,0.07833,141943.7451,71,9
61.840535,1785530270.197268,23.67024,0.00962,914229.9121,15542,24.16833,0.07833,142091.5340,71,9
61.857535,1785530270.214268,23.68433,0.00962,914273.3204,15542,24.06828,0.07833,142043.7203,71,9
61.874535,1785530270.231268,23.67331,0.00962,914239.3536,15542,24.21090,0.07833,142111.8789,71,9
61.891535,1785530270.248268,23.67933,0.00962,914257.8924,15542,24.18273,0.07833,142098.4186,71,9
61.908535,1785530270.265268,23.67744,0.00962,914252.0789,15543,23.88088,0.07779,141954.1603,72,9
61.925535,1785530270.282268,23.67589,0.00962,914247.2946,15542,23.92077,0.07833,141973.2251,71,9
61.942535,1785530270.299268,23.67838,0.00962,914254.9714,15542,23.96367,0.07833,141993.7251,71,9
61.959535,1785530270.316268,23.68390,0.00962,914271.9943,15542,24.07817,0.07833,142048.4495,71,9
61.976535,1785530270.333268,23.68426,0.00962,914273.0882,15543,24.03513,0.07833,142027.8762,71,9
61.993535,1785530270.350268,23.66769,0.00962,914222.0510,15541,24.10610,0.07833,142061.7950,71,9
62.010535,1785530270.367268,23.66973,0.00962,914228.3476,15542,24.02034,0.07833,142020.8109,71,9
62.027535,1785530270.384268,23.68569,0.00962,914277.5064,15542,24.08270,0.07779,142050.6106,72,9
62.044535,1785530270.401268,23.68883,0.00962,914287.1521,15543,23.94517,0.07833,141984.8835,71,9
62.061535,1785530270.418268,23.67839,0.00962,914255.0074,15542,24.22033,0.07833,142116.3896,71,9
62.078535,1785530270.435268,23.68690,0.00962,914281.2267,15543,24.36857,0.07833,142187.2324,71,9
62.095535,1785530270.452268,23.67059,0.00962,914230.9987,15541,24.33959,0.07833,142173.3846,71,9
62.112535,1785530270.469268,23.67453,0.00962,914243.1212,15542,24.06840,0.07833,142043.7789,71,9
62.129535,1785530270.486268,23.68333,0.00962,914270.2288,15543,24.30660,0.07833,142157.6171,71,9
62.146535,1785530270.503268,23.68723,0.00962,914282.2296,15542,24.10158,0.07833,142059.6379,71,9
62.163535,1785530270.520268,23.69162,0.00962,914295.7489,15543,24.07774,0.07779,142048.2444,72,9
62.180535,1785530270.537268,23.68458,0.00962,914274.0698,15543,24.23982,0.07833,142125.7010,71,9
62.197535,1785530270.554268,23.68395,0.00962,914272.1194,15542,24.17758,0.07833,142095.9570,71,9
62.214535,1785530270.571268,23.68513,0.00962,914275.7844,15543,24.34935,0.07833,142178.0499,71,9
62.231535,1785530270.588268,23.68264,0.00962,914268.1037,15542,24.23021,0.07833,142121.1074,71,9
62.248535,1785530270.605268,23.67469,0.00962,914243.6269,15542,24.03029,0.07833,142025.5643,71,9
62.265535,1785530270.622268,23.66383,0.00962,914210.1511,15541,24.11589,0.07833,142066.4768,71,9
62.282535,1785530270.639268,23.66407,0.00962,914210.8931,15542,24.16716,0.07779,142090.9754,72,9
62.299535,1785530270.656268,23.66064,0.00962,914200.3457,15541,24.16310,0.07833,142089.0356,71,9
62.316535,1785530270.673268,23.66759,0.00962,914221.7431,15541,24.15889,0.07833,142087.0231,71,9
62.333535,1785530270.690268,23.68788,0.00962,914284.2429,15543,24.29203,0.07833,142150.6549,71,9
62.350535,1785530270.707268,23.68213,0.00962,914266.5376,15542,24.29697,0.07833,142153.0139,71,9
62.367535,1785530270.724268,23.68041,0.00962,914261.2265,15543,24.03018,0.07833,142025.5125,71,9
62.384535,1785530270.741268,23.68238,0.00962,914267.2973,15542,24.07779,0.07833,142048.2679,71,9
62.401535,1785530270.758268,23.69516,0.00962,914306.6654,15543,24.08705,0.07779,142052.6914,72,9
62.418535,1785530270.775268,23.69115,0.00962,914294.3222,15543,24.03991,0.07833,142030.1631,71,9
62.435535,1785530270.792268,23.69266,0.00962,914298.9520,15543,24.03067,0.07833,142025.7449,71,9
62.452535,1785530270.809268,23.67980,0.00962,914259.3552,15542,24.04937,0.07833,142034.6838,71,9
62.469535,1785530270.826268,23.67796,0.00962,914253.6810,15542,23.98247,0.07833,142002.7105,71,9
62.486535,1785530270.843268,23.69354,0.00962,914301.6737,15543,24.12536,0.07833,142071.0026,71,9
62.503535,1785530270.860268,23.68436,0.00962,914273.4092,15542,24.07295,0.07833,142045.9555,71,9
62.520535,1785530270.877268,23.68665,0.00962,914280.4462,15543,24.00189,0.07833,142011.9906,71,9
62.537535,1785530270.894268,23.68010,0.00962,914260.2620,15542,24.06352,0.07779,142041.4447,72,9
62.554535,1785530270.911268,23.68016,0.00962,914260.4633,15542,23.93074,0.07833,141977.9887,71,9
62.571535,1785530270.928268,23.67493,0.00962,914244.3464,15542,24.16798,0.07833,142091.3685,71,9
62.588535,1785530270.945268,23.68073,0.00962,914262.2275,15542,24.07754,0.07833,142048.1491,71,9
62.605535,1785530270.962268,23.68032,0.00962,914260.9502,15543,24.27747,0.07833,142143.6972,71,9
62.622535,1785530270.979268,23.68214,0.00962,914266.5513,15542,24.43022,0.07833,142216.6971,71,9
62.639535,1785530270.996268,23.68379,0.00962,914271.6437,15542,24.30132,0.07833,142155.0932,71,9
62.656535,1785530271.013268,23.67720,0.00962,914251.3486,15543,24.29848,0.07779,142153.7385,72,9
62.673535,1785530271.030268,23.68857,0.00962,914286.3540,15542,24.36334,0.07833,142184.7337,71,9
62.690535,1785530271.047268,23.68295,0.00962,914269.0512,15543,24.15393,0.07833,142084.6542,71,9
62.707535,1785530271.064268,23.67544,0.00962,914245.9373,15542,24.08279,0.07833,142050.6578,71,9
62.724535,1785530271.081268,23.68214,0.00962,914266.5502,15542,24.02574,0.07833,142023.3912,71,9
62.741535,1785530271.098268,23.67592,0.00962,914247.3928,15542,24.08239,0.07833,142050.4664,71,9
62.758535,1785530271.115268,23.68484,0.00962,914274.8615,15542,24.12090,0.07833,142068.8713,71,9
62.775535,1785530271.132268,23.67426,0.00962,914242.3007,15542,24.01672,0.07779,142019.0814,72,9
62.792535,1785530271.149268,23.67701,0.00962,914250.7600,15542,24.08239,0.07833,142050.4666,71,9
62.809535,1785530271.166268,23.67591,0.00962,914247.3683,15542,24.23012,0.07833,142121.0659,71,9
62.826535,1785530271.183268,23.67548,0.00962,914246.0487,15542,24.49220,0.07833,142246.3166,71,9
62.843535,1785530271.200268,23.68293,0.00962,914269.0023,15543,24.41619,0.07833,142209.9933,71,9
62.860535,1785530271.217268,23.68355,0.00962,914270.8972,15542,24.41612,0.07833,142209.9569,71,9
62.877535,1785530271.234268,23.67672,0.00962,914249.8777,15542,24.39245,0.07833,142198.6443,71,9
62.894535,1785530271.251268,23.67245,0.00962,914236.7079,15542,23.86406,0.07833,141946.1240,71,9
62.911535,1785530271.268268,23.67705,0.00962,914250.8712,15542,24.15766,0.07779,142086.4362,72,9
62.928535,1785530271.285268,23.67856,0.00962,914255.5450,15542,24.12597,0.07833,142071.2920,71,9
62.945535,1785530271.302268,23.67329,0.00962,914239.3033,15542,24.14426,0.07833,142080.0349,71,9
62.962535,1785530271.319268,23.67734,0.00962,914251.7654,15542,24.08252,0.07833,142050.5286,71,9
62.979535,1785530271.336268,23.67162,0.00962,914234.1727,15542,24.44466,0.07833,142223.5980,71,9
62.996535,1785530271.353268,23.67428,0.00962,914242.3621,15542,24.43516,0.07833,142219.0556,71,9
63.013535,1785530271.370268,23.68225,0.00962,914266.9076,15542,24.47773,0.07833,142239.4009,71,9
63.030535,1785530271.387268,23.67335,0.01047,914239.4875,13119,24.27022,0.08521,142140.2289,60,9
64.599194,1785530272.955927,23.61054,0.00972,914046.0209,15539,23.75945,0.07285,141896.1276,71,10
64.616194,1785530272.972927,23.57207,0.00972,913927.5334,15536,23.81538,0.07234,141922.8599,72,10
64.633194,1785530272.989927,23.60934,0.00972,914042.3338,15539,23.94019,0.07285,141982.5044,71,10
64.650194,1785530273.006927,23.61483,0.00972,914059.2502,15538,23.80236,0.07285,141916.6331,71,10
64.667194,1785530273.023927,23.62640,0.00972,914094.8721,15540,24.01142,0.07285,142016.5470,71,10
64.684194,1785530273.040927,23.63727,0.00972,914128.3688,15540,24.00659,0.07285,142014.2404,71,10
64.701194,1785530273.057927,23.59945,0.00972,914011.8552,15538,23.75482,0.07285,141893.9136,71,10
64.718194,1785530273.074927,23.60816,0.00972,914038.7087,15538,23.80689,0.07285,141918.8008,71,10
64.735194,1785530273.091927,23.61199,0.00972,914050.4928,15539,23.77815,0.07234,141905.0672,72,10
64.752194,1785530273.108927,23.61584,0.00972,914062.3469,15538,23.90210,0.07285,141964.3021,71,10
64.769194,1785530273.125927,23.58892,0.00972,913979.4452,15538,23.70225,0.07285,141868.7899,71,10
64.786194,1785530273.142927,23.58722,0.00972,913974.2122,15537,23.78801,0.07285,141909.7796,71,10
64.803194,1785530273.159927,23.62150,0.00972,914079.7735,15539,23.87809,0.07285,141952.8279,71,10
64.820194,1785530273.176927,23.61843,0.00972,914070.3251,15539,23.69345,0.07285,141864.5880,71,10
64.837194,1785530273.193927,23.61909,0.00972,914072.3663,15539,23.72599,0.07285,141880.1390,71,10
64.854194,1785530273.210927,23.61562,0.00972,914061.6785,15539,23.79742,0.07285,141914.2745,71,10
64.871194,1785530273.227927,23.60503,0.00972,914029.0548,15538,23.73578,0.07234,141884.8165,72,10
64.888194,1785530273.244927,23.61617,0.00972,914063.3682,15539,23.76881,0.07285,141900.6032,71,10
64.905194,1785530273.261927,23.61760,0.00972,914067.7664,15539,23.77826,0.07285,141905.1191,71,10
64.922194,1785530273.278927,23.61046,0.00972,914045.7688,15538,23.68808,0.07285,141862.0182,71,10
64.939194,1785530273.295927,23.61201,0.00972,914050.5423,15539,23.67404,0.07285,141855.3082,71,10
64.956194,1785530273.312927,23.61606,0.00972,914063.0232,15539,23.94455,0.07285,141984.5895,71,10
64.973194,1785530273.329927,23.63399,0.00972,914118.2433,15540,23.92566,0.07285,141975.5631,71,10
64.990194,1785530273.346927,23.63056,0.00972,914107.6905,15539,23.64199,0.07234,141839.9946,72,10
65.007194,1785530273.363927,23.62587,0.00972,914093.2320,15540,23.71680,0.07285,141875.7464,71,10
65.024194,1785530273.380927,23.63070,0.00972,914108.1160,15539,23.89255,0.07285,141959.7388,71,10
65.041194,1785530273.397927,23.64967,0.00972,914166.5501,15541,24.11584,0.07285,142066.4509,71,10
65.058194,1785530273.414927,23.62878,0.00972,914102.2023,15539,23.93559,0.07285,141980.3055,71,10
65.075194,1785530273.431927,23.61703,0.00972,914066.0145,15539,24.00647,0.07285,142014.1837,71,10
65.092194,1785530273.448927,23.64013,0.00972,914137.1801,15540,23.93529,0.07285,141980.1617,71,10
65.109194,1785530273.465927,23.62957,0.00972,914104.6522,15540,23.80575,0.07234,141918.2549,72,10
65.126194,1785530273.482927,23.64015,0.00972,914137.2175,15540,23.92139,0.07285,141973.5189,71,10
65.143194,1785530273.499927,23.62466,0.00972,914089.5107,15539,23.87845,0.07285,141952.9973,71,10
65.160194,1785530273.516927,23.62230,0.00972,914082.2583,15539,23.73576,0.07285,141884.8043,71,10
65.177194,1785530273.533927,23.62347,0.00972,914085.8377,15540,23.78316,0.07285,141907.4613,71,10
65.194194,1785530273.550927,23.61661,0.00972,914064.7080,15538,24.00158,0.07285,142011.8457,71,10
65.211194,1785530273.567927,23.61440,0.00972,914057.9108,15539,24.07299,0.07285,142045.9711,71,10
65.228194,1785530273.584927,23.62202,0.00972,914081.3889,15539,23.95896,0.07285,141991.4746,71,10
65.245194,1785530273.601927,23.61705,0.00972,914066.0761,15539,23.97489,0.07234,141999.0907,72,10
65.262194,1785530273.618927,23.62886,0.00972,914102.4505,15540,23.89251,0.07285,141959.7181,71,10
65.279194,1785530273.635927,23.63014,0.00972,914106.3892,15539,23.76392,0.07285,141898.2649,71,10
65.296194,1785530273.652927,23.61207,0.00972,914050.7326,15539,24.00654,0.07285,142014.2153,71,10
65.313194,1785530273.669927,23.61955,0.00972,914073.7791,15539,24.00166,0.07285,142011.8822,71,10
65.330194,1785530273.686927,23.59859,0.00972,914009.2338,15538,24.07787,0.07285,142048.3040,71,10
65.347194,1785530273.703927,23.61114,0.00972,914047.8780,15538,23.91633,0.07285,141971.1042,71,10
65.364194,1785530273.720927,23.62089,0.00972,914077.9110,15539,24.10135,0.07234,142059.5279,72,10
65.381194,1785530273.737927,23.61761,0.00972,914067.8030,15539,23.94482,0.07285,141984.7191,71,10
65.398194,1785530273.754927,23.61857,0.00972,914070.7506,15539,23.81645,0.07285,141923.3687,71,10
65.415194,1785530273.771927,23.60837,0.00972,914039.3364,15539,23.86387,0.07285,141946.0309,71,10
65.432194,1785530273.788927,23.60948,0.00972,914042.7467,15538,23.83998,0.07285,141934.6146,71,10
65.449194,1785530273.805927,23.61678,0.00972,914065.2313,15539,23.78816,0.07285,141909.8470,71,10
65.466194,1785530273.822927,23.60374,0.00972,914025.0908,15538,23.90662,0.07285,141966.4646,71,10
65.483194,1785530273.839927,23.58248,0.00972,913959.6126,15537,24.06407,0.07234,142041.7106,72,10
65.500194,1785530273.856927,23.60919,0.00972,914041.8586,15539,23.82131,0.07285,141925.6907,71,10
65.517194,1785530273.873927,23.60814,0.00972,914038.6214,15538,23.54594,0.07285,141794.0876,71,10
65.534194,1785530273.890927,23.57511,0.00972,913936.8915,15537,23.69299,0.07285,141864.3660,71,10
65.551194,1785530273.907927,23.58177,0.00972,913957.4241,15537,23.78318,0.07285,141907.4672,71,10
65.568194,1785530273.924927,23.52296,0.00973,913776.2830,15534,23.73080,0.07285,141882.4357,71,10
65.585194,1785530273.941927,23.57880,0.00972,913948.2766,15536,23.76876,0.07285,141900.5773,71,10
65.602194,1785530273.958927,23.56072,0.00972,913892.5736,15536,23.72125,0.07285,141877.8731,71,10
65.619194,1785530273.975927,23.58982,0.00972,913982.2151,15538,23.76878,0.07234,141900.5894,72,10
65.636194,1785530273.992927,23.60467,0.00972,914027.9453,15538,23.80224,0.07285,141916.5758,71,10
65.653194,1785530274.009927,23.63934,0.00972,914134.7450,15540,23.73589,0.07285,141884.8665,71,10
65.670194,1785530274.026927,23.59711,0.00972,914004.6454,15538,23.81639,0.07285,141923.3421,71,10
65.687194,1785530274.043927,23.57892,0.00972,913948.6286,15537,23.98746,0.07285,142005.0949,71,10
65.704194,1785530274.060927,23.59905,0.00972,914010.6219,15538,23.76404,0.07285,141898.3216,71,10
65.721194,1785530274.077927,23.61323,0.00972,914054.3169,15538,23.84952,0.07285,141939.1718,71,10
65.738194,1785530274.094927,23.61240,0.00972,914051.7516,15539,23.74488,0.07234,141889.1633,72,10
65.755194,1785530274.111927,23.60650,0.00972,914033.5889,15538,23.46079,0.07285,141753.3961,71,10
65.772194,1785530274.128927,23.58912,0.00972,913980.0626,15538,23.70249,0.07285,141868.9079,71,10
65.789194,1785530274.145927,23.59102,0.00972,913985.8992,15537,23.96843,0.07285,141996.0012,71,10
65.806194,1785530274.162927,23.60219,0.00972,914020.3164,15538,23.87346,0.07285,141950.6142,71,10
65.823194,1785530274.179927,23.59742,0.00972,914005.6265,15538,23.66945,0.07285,141853.1151,71,10
65.840194,1785530274.196927,23.60683,0.00972,914034.5947,15538,23.83511,0.07285,141932.2870,71,10
65.857194,1785530274.213927,23.61153,0.00972,914049.0676,15539,23.76853,0.07234,141900.4666,72,10
65.874194,1785530274.230927,23.61037,0.00972,914045.4979,15539,23.96362,0.07285,141993.7039,71,10
65.891194,1785530274.247927,23.61006,0.00972,914044.5482,15538,23.78332,0.07285,141907.5342,71,10
65.908194,1785530274.264927,23.61941,0.00972,914073.3350,15539,23.67865,0.07285,141857.5128,71,10
65.925194,1785530274.281927,23.63039,0.00972,914107.1745,15540,23.94474,0.07285,141984.6779,71,10
65.942194,1785530274.298927,23.61874,0.00972,914071.2817,15539,23.90709,0.07285,141966.6853,71,10
65.959194,1785530274.315927,23.62085,0.00972,914077.7694,15539,23.73132,0.07285,141882.6828,71,10
65.976194,1785530274.332927,23.62703,0.00972,914096.8065,15539,23.85472,0.07285,141941.6596,71,10
65.993194,1785530274.349927,23.61801,0.00972,914069.0370,15539,23.53488,0.07234,141788.8034,72,10
66.010194,1785530274.366927,23.62994,0.00972,914105.7802,15540,23.64557,0.07285,141841.7037,71,10
66.027194,1785530274.383927,23.62394,0.00972,914087.3026,15539,23.71677,0.07285,141875.7312,71,10
66.044194,1785530274.400927,23.62417,0.00972,914088.0116,15539,23.75456,0.07285,141893.7901,71,10
66.061194,1785530274.417927,23.60254,0.00972,914021.3726,15538,23.88284,0.07285,141955.0992,71,10
66.078194,1785530274.434927,23.60760,0.00972,914036.9561,15538,23.70244,0.07285,141868.8824,71,10
66.095194,1785530274.451927,23.59598,0.00972,914001.1667,15538,23.76888,0.07285,141900.6336,71,10
66.112194,1785530274.468927,23.63909,0.00972,914133.9742,15540,23.79677,0.07234,141913.9641,72,10
66.129194,1785530274.485927,23.63727,0.00972,914128.3685,15540,23.86878,0.07285,141948.3797,71,10
66.146194,1785530274.502927,23.64550,0.00972,914153.6932,15541,23.84498,0.07285,141937.0043,71,10
66.163194,1785530274.519927,23.64978,0.00972,914166.8906,15540,23.74498,0.07285,141889.2118,71,10
66.180194,1785530274.536927,23.63023,0.00972,914106.6748,15540,23.74048,0.07285,141887.0601,71,10
66.197194,1785530274.553927,23.63932,0.00972,914134.6828,15540,23.81147,0.07285,141920.9893,71,10
66.214194,1785530274.570927,23.65678,0.00972,914188.4461,15541,23.69763,0.07285,141866.5848,71,10
66.231194,1785530274.587927,23.64252,0.00972,914144.5251,15540,23.81051,0.07234,141920.5293,72,10
66.248194,1785530274.604927,23.65340,0.00972,914178.0312,15541,23.72140,0.07285,141877.9453,71,10
66.265194,1785530274.621927,23.66268,0.00972,914206.6351,15541,23.71655,0.07285,141875.6236,71,10
66.282194,1785530274.638927,23.64958,0.00972,914166.2778,15541,23.80220,0.07285,141916.5610,71,10
66.299194,1785530274.655927,23.65331,0.00972,914177.7713,15541,23.84960,0.07285,141939.2132,71,10
66.316194,1785530274.672927,23.65271,0.00972,914175.8999,15540,23.72647,0.07285,141880.3650,71,10
66.333194,1785530274.689927,23.64798,0.00972,914161.3328,15541,23.65032,0.07285,141843.9747,71,10
66.350194,1785530274.706927,23.66214,0.00972,914204.9715,15541,23.64555,0.07285,141841.6930,71,10
66.367194,1785530274.723927,23.63752,0.00972,914129.1143,15540,23.86226,0.07234,141945.2639,72,10
66.384194,1785530274.740927,23.65171,0.00972,914172.8277,15541,23.74064,0.07285,141887.1371,71,10
66.401194,1785530274.757927,23.66301,0.00972,914207.6529,15541,23.71210,0.07285,141873.4968,71,10
66.418194,1785530274.774927,23.66298,0.00972,914207.5305,15541,24.03573,0.07285,142028.1662,71,10
66.435194,1785530274.791927,23.64577,0.00972,914154.5501,15541,24.04469,0.07285,142032.4491,71,10
66.452194,1785530274.808927,23.63647,0.00972,914125.8960,15540,23.99271,0.07285,142007.6038,71,10
66.469194,1785530274.825927,23.63771,0.00972,914129.7260,15540,24.08266,0.07285,142050.5955,71,10
66.486194,1785530274.842927,23.65090,0.00972,914170.3325,15540,23.92808,0.07234,141976.7174,72,10
66.503194,1785530274.859927,23.63265,0.00972,914114.1186,15540,23.61273,0.07285,141826.0081,71,10
66.520194,1785530274.876927,23.62614,0.00972,914094.0865,15539,23.69756,0.07285,141866.5497,71,10
66.537194,1785530274.893927,23.64258,0.00972,914144.7087,15541,23.76866,0.07285,141900.5309,71,10
66.554194,1785530274.910927,23.64444,0.00972,914150.4272,15540,23.98792,0.07285,142005.3170,71,10
66.571194,1785530274.927927,23.64495,0.00972,914152.0166,15540,23.96843,0.07285,141996.0012,71,10
66.588194,1785530274.944927,23.64830,0.00972,914162.3264,15541,23.88275,0.07285,141955.0526,71,10
66.605194,1785530274.961927,23.63630,0.00972,914125.3652,15540,23.96353,0.07285,141993.6582,71,10
66.622194,1785530274.978927,23.64043,0.00972,914138.0870,15540,24.03089,0.07234,142025.8514,72,10
66.639194,1785530274.995927,23.61863,0.00972,914070.9363,15539,24.06334,0.07285,142041.3623,71,10
66.656194,1785530275.012927,23.62328,0.00972,914085.2741,15539,23.90706,0.07285,141966.6706,71,10
66.673194,1785530275.029927,23.61084,0.00972,914046.9401,15539,23.63091,0.07285,141834.6953,71,10
66.690194,1785530275.046927,23.62146,0.00972,914079.6742,15539,23.79253,0.07285,141911.9362,71,10
66.707194,1785530275.063927,23.61815,0.00972,914069.4679,15539,23.97317,0.07285,141998.2669,71,10
66.724194,1785530275.080927,23.58479,0.00972,913966.7066,15537,23.83542,0.07285,141932.4369,71,10
66.741194,1785530275.097927,23.57895,0.00972,913948.7268,15537,24.05899,0.07234,142039.2812,72,10
66.758194,1785530275.114927,23.56880,0.00972,913917.4552,15536,23.92089,0.07285,141973.2818,71,10
66.775194,1785530275.131927,23.58254,0.00972,913959.7980,15537,23.66502,0.07285,141850.9982,71,10
66.792194,1785530275.148927,23.58844,0.00972,913977.9557,15537,23.90219,0.07285,141964.3428,71,10
66.809194,1785530275.165927,23.58405,0.00972,913964.4291,15538,23.82571,0.07285,141927.7966,71,10
66.826194,1785530275.182927,23.59782,0.00972,914006.8388,15537,23.83081,0.07285,141930.2330,71,10
66.843194,1785530275.199927,23.60003,0.00972,914013.6438,15538,23.74031,0.07285,141886.9825,71,10
66.860194,1785530275.216927,23.59033,0.00972,913983.7822,15538,23.93691,0.07234,141980.9359,72,10
66.877194,1785530275.233927,23.58557,0.00972,913969.1058,15537,23.93513,0.07285,141980.0891,71,10
66.894194,1785530275.250927,23.59594,0.00972,914001.0429,15538,23.80195,0.07285,141916.4374,71,10
66.911194,1785530275.267927,23.59429,0.00972,913995.9642,15537,23.77892,0.07285,141905.4324,71,10
66.928194,1785530275.284927,23.57352,0.00972,913932.0118,15537,23.69304,0.07285,141864.3924,71,10
66.945194,1785530275.301927,23.60748,0.00972,914036.6095,15538,23.89751,0.07285,141962.1075,71,10
66.962194,1785530275.318927,23.59597,0.00972,914001.1420,15538,23.76879,0.07285,141900.5924,71,10
66.979194,1785530275.335927,23.61670,0.00972,914065.0084,15539,23.70731,0.07285,141871.2096,71,10
66.996194,1785530275.352927,23.61427,0.00972,914057.5162,15539,23.79653,0.07234,141913.8472,72,10
67.013194,1785530275.369927,23.61507,0.00972,914059.9888,15539,23.94963,0.07285,141987.0156,71,10
67.030194,1785530275.386927,23.60619,0.00972,914032.6325,15538,23.82621,0.07285,141928.0342,71,10
67.047194,1785530275.403927,23.59704,0.00972,914004.4597,15538,23.93483,0.07285,141979.9448,71,10
67.064194,1785530275.420927,23.61182,0.00972,914049.9810,15538,23.57459,0.07285,141807.7839,71,10
67.081194,1785530275.437927,23.57853,0.00972,913947.4324,15537,23.64081,0.07285,141839.4281,71,10
67.098194,1785530275.454927,23.57910,0.00972,913949.1958,15537,23.57411,0.07285,141807.5531,71,10
67.115194,1785530275.471927,23.60135,0.00972,914017.7321,15538,23.36633,0.07234,141708.2524,72,10
67.132194,1785530275.488927,23.60680,0.00972,914034.5083,15538,23.66923,0.07285,141853.0114,71,10
67.149194,1785530275.505927,23.58674,0.00972,913972.7107,15538,23.95928,0.07285,141991.6300,71,10
67.166194,1785530275.522927,23.59345,0.00972,913993.3876,15537,23.54614,0.07285,141794.1847,71,10
67.183194,1785530275.539927,23.61496,0.00972,914059.6437,15539,23.80238,0.07285,141916.6432,71,10
67.200194,1785530275.556927,23.59061,0.00972,913984.6416,15537,23.65986,0.07285,141848.5314,71,10
67.217194,1785530275.573927,23.60409,0.00972,914026.1522,15539,23.63626,0.07285,141837.2548,71,10
67.234194,1785530275.590927,23.60867,0.00972,914040.2615,15538,23.74047,0.07234,141887.0561,72,10
67.251194,1785530275.607927,23.61158,0.00972,914049.2162,15539,24.03499,0.07285,142027.8094,71,10
67.268194,1785530275.624927,23.58464,0.00972,913966.2606,15537,23.91604,0.07285,141970.9648,71,10
67.285194,1785530275.641927,23.58708,0.00972,913973.7553,15537,23.87356,0.07285,141950.6606,71,10
67.302194,1785530275.658927,23.59060,0.00972,913984.6137,15538,23.98738,0.07285,142005.0591,71,10
67.319194,1785530275.675927,23.60298,0.00972,914022.7524,15538,23.89711,0.07285,141961.9167,71,10
67.336194,1785530275.692927,23.60448,0.00972,914027.3526,15538,23.62647,0.07285,141832.5738,71,10
67.353194,1785530275.709927,23.59125,0.00972,913986.6166,15537,23.67393,0.07285,141855.2571,71,10
67.370194,1785530275.726927,23.60137,0.00972,914017.7819,15538,23.78220,0.07234,141907.0019,72,10
67.387194,1785530275.743927,23.61062,0.00972,914046.2809,15539,23.65976,0.07285,141848.4853,71,10
67.404194,1785530275.760927,23.60933,0.00972,914042.3025,15538,23.74545,0.07285,141889.4382,71,10
67.421194,1785530275.777927,23.60201,0.00972,914019.7503,15539,23.70734,0.07285,141871.2257,71,10
67.438194,1785530275.794927,23.58904,0.00972,913979.7947,15537,23.77330,0.07285,141902.7450,71,10
67.455194,1785530275.811927,23.59656,0.00972,914002.9556,15538,23.69313,0.07285,141864.4331,71,10
67.472194,1785530275.828927,23.64283,0.00972,914145.4689,15540,23.87786,0.07285,141952.7197,71,10
67.489194,1785530275.845927,23.60730,0.00972,914036.0372,15538,23.84833,0.07234,141938.6071,72,10
67.506194,1785530275.862927,23.60432,0.00972,914026.8725,15539,23.57924,0.07285,141810.0038,71,10
67.523194,1785530275.879927,23.60756,0.00972,914036.8323,15538,23.65503,0.07285,141846.2251,71,10
67.540194,1785530275.896927,23.57824,0.00972,913946.5247,15537,23.80216,0.07285,141916.5403,71,10
67.557194,1785530275.913927,23.59328,0.00972,913992.8567,15537,23.77843,0.07285,141905.2011,71,10
67.574194,1785530275.930927,23.58553,0.00972,913968.9922,15538,24.05359,0.07285,142036.7019,71,10
67.591194,1785530275.947927,23.55847,0.00973,913885.6361,15535,23.93985,0.07285,141982.3448,71,10
67.608194,1785530275.964927,23.57600,0.00972,913939.6420,15537,23.96960,0.07234,141996.5608,72,10
67.625194,1785530275.981927,23.59625,0.00972,914001.9992,15538,23.72654,0.07285,141880.4016,71,10
67.642194,1785530275.998927,23.58694,0.00972,913973.3298,15537,23.66023,0.07285,141848.7117,71,10
67.659194,1785530276.015927,23.59974,0.00972,914012.7494,15538,23.78317,0.07285,141907.4619,71,10
67.676194,1785530276.032927,23.59257,0.00972,913990.6898,15538,23.64092,0.07285,141839.4795,71,10
67.693194,1785530276.049927,23.59271,0.00972,913991.1173,15537,23.64562,0.07285,141841.7294,71,10
67.710194,1785530276.066927,23.57814,0.00972,913946.2276,15537,23.73615,0.07285,141884.9949,71,10
67.727194,1785530276.083927,23.56931,0.00972,913919.0461,15536,23.72607,0.07285,141880.1750,71,10
67.744194,1785530276.100927,23.59809,0.00972,914007.6681,15538,23.97949,0.07234,142001.2888,72,10
67.761194,1785530276.117927,23.58308,0.00972,913961.4384,15537,23.80702,0.07285,141918.8627,71,10
67.778194,1785530276.134927,23.59041,0.00972,913984.0296,15538,23.69282,0.07285,141864.2841,71,10
67.795194,1785530276.151927,23.58552,0.00972,913968.9564,15537,23.61715,0.07285,141828.1197,71,10
67.812194,1785530276.168927,23.56747,0.00972,913913.3663,15536,23.73100,0.07285,141882.5335,71,10
67.829194,1785530276.185927,23.59061,0.00972,913984.6508,15538,23.93531,0.07285,141980.1719,71,10
67.846194,1785530276.202927,23.59145,0.00972,913987.2252,15537,23.72653,0.07285,141880.3968,71,10
67.863194,1785530276.219927,23.59682,0.00972,914003.7757,15538,23.74530,0.07234,141889.3666,72,10
67.880194,1785530276.236927,23.60428,0.00972,914026.7561,15538,23.68859,0.07285,141862.2652,71,10
67.897194,1785530276.253927,23.60334,0.00972,914023.8570,15538,23.82088,0.07285,141925.4846,71,10
67.914194,1785530276.270927,23.57148,0.00972,913925.7086,15537,23.76924,0.07285,141900.8089,71,10
67.931194,1785530276.287927,23.55421,0.00973,913872.5221,15535,23.82590,0.07285,141927.8849,71,10
67.948194,1785530276.304927,23.55142,0.00972,913863.9221,15536,23.97781,0.07285,142000.4866,71,10
67.965194,1785530276.321927,23.57416,0.00972,913933.9856,15536,23.72654,0.07285,141880.4017,71,10
67.982194,1785530276.338927,23.57374,0.00972,913932.6664,15537,23.78745,0.07234,141909.5109,72,10
67.999194,1785530276.355927,23.56431,0.00972,913903.6380,15536,23.65033,0.07285,141843.9795,71,10
68.016194,1785530276.372927,23.58500,0.00972,913967.3658,15537,23.84500,0.07285,141937.0143,71,10
68.033194,1785530276.389927,23.61283,0.00972,914053.0814,15539,23.99184,0.07285,142007.1904,71,10
68.050194,1785530276.406927,23.60749,0.00972,914036.6466,15538,23.75013,0.07285,141891.6735,71,10
68.067194,1785530276.423927,23.57818,0.00972,913946.3398,15537,23.51769,0.07285,141780.5896,71,10
68.084194,1785530276.440927,23.56530,0.00972,913906.6913,15536,23.73548,0.07285,141884.6704,71,10
68.101194,1785530276.457927,23.57933,0.00972,913949.9046,15537,23.89725,0.07285,141961.9840,71,10
68.118194,1785530276.474927,23.59156,0.00972,913987.5618,15538,23.79221,0.07234,141911.7857,72,10
68.135194,1785530276.491927,23.59312,0.00972,913992.3696,15537,23.93989,0.07285,141982.3602,71,10
68.152194,1785530276.508927,23.60970,0.00972,914043.4371,15539,23.69811,0.07285,141866.8122,71,10
68.169194,1785530276.525927,23.60645,0.00972,914033.4282,15538,23.75462,0.07285,141893.8208,71,10
68.186194,1785530276.542927,23.60347,0.00972,914024.2456,15538,23.72128,0.07285,141877.8886,71,10
68.203194,1785530276.559927,23.59530,0.00972,913999.0764,15538,23.64068,0.07285,141839.3660,71,10
68.220194,1785530276.576927,23.57020,0.00972,913921.7793,15536,23.78811,0.07285,141909.8254,71,10
68.237194,1785530276.593927,23.59613,0.00972,914001.6305,15538,23.85764,0.07234,141943.0561,72,10
68.254194,1785530276.610927,23.60865,0.00972,914040.2130,15538,23.77371,0.07285,141902.9450,71,10
68.271194,1785530276.627927,23.57532,0.00972,913937.5505,15537,23.94004,0.07285,141982.4334,71,10
68.288194,1785530276.644927,23.59183,0.00972,913988.4064,15538,23.66901,0.07285,141852.9038,71,10
68.305194,1785530276.661927,23.61628,0.00972,914063.7100,15538,23.77837,0.07285,141905.1703,71,10
68.322194,1785530276.678927,23.58669,0.00972,913972.5745,15538,23.87825,0.07285,141952.9059,71,10
68.339194,1785530276.695927,23.59549,0.00972,913999.6659,15537,23.68358,0.07285,141859.8710,71,10
68.356194,1785530276.712927,23.59738,0.00972,914005.4903,15538,23.94644,0.07234,141985.4912,72,10
68.373194,1785530276.729927,23.58362,0.00972,913963.1036,15537,23.73125,0.07285,141882.6517,71,10
68.390194,1785530276.746927,23.57945,0.00972,913950.2760,15537,23.72643,0.07285,141880.3453,71,10
68.407194,1785530276.763927,23.59514,0.00972,913998.5949,15538,23.75458,0.07285,141893.8005,71,10
68.424194,1785530276.780927,23.59680,0.00972,914003.7138,15538,23.95453,0.07285,141989.3583,71,10
68.441194,1785530276.797927,23.58248,0.00972,913959.6123,15537,23.76916,0.07285,141900.7683,71,10
68.458194,1785530276.814927,23.59225,0.00972,913989.6876,15537,23.62640,0.07285,141832.5424,71,10
68.475194,1785530276.831927,23.58864,0.00972,913978.5631,15538,23.83095,0.07285,141930.3001,71,10
68.492194,1785530276.848927,23.57996,0.00972,913951.8297,15537,23.69820,0.07234,141866.8562,72,10
68.509194,1785530276.865927,23.60612,0.00972,914032.4100,15538,23.77854,0.07285,141905.2527,71,10
68.526194,1785530276.882927,23.59278,0.00972,913991.3234,15538,23.74483,0.07285,141889.1402,71,10
68.543194,1785530276.899927,23.58463,0.00972,913966.2250,15537,23.87321,0.07285,141950.4958,71,10
68.560194,1785530276.916927,23.57608,0.00972,913939.8883,15536,23.73572,0.07285,141884.7890,71,10
68.577194,1785530276.933927,23.54754,0.00972,913851.9804,15536,23.65002,0.07285,141843.8306,71,10
68.594194,1785530276.950927,23.58151,0.00972,913956.6023,15537,23.61217,0.07285,141825.7404,71,10
68.611194,1785530276.967927,23.58085,0.00972,913954.5797,15537,23.88559,0.07234,141956.4104,72,10
68.628194,1785530276.984927,23.59361,0.00972,913993.8753,15537,23.54121,0.07285,141791.8308,71,10
68.645194,1785530277.001927,23.60643,0.00972,914033.3660,15538,23.74993,0.07285,141891.5761,71,10
68.662194,1785530277.018927,23.59155,0.00972,913987.5446,15538,23.67425,0.07285,141855.4113,71,10
68.679194,1785530277.035927,23.59437,0.00972,913996.2087,15538,23.66951,0.07285,141853.1450,71,10
68.696194,1785530277.052927,23.59525,0.00972,913998.9324,15537,23.66476,0.07285,141850.8746,71,10
68.713194,1785530277.069927,23.60522,0.00972,914029.6299,15539,23.70273,0.07285,141869.0220,71,10
68.730194,1785530277.086927,23.58932,0.00972,913980.6636,15537,23.61900,0.07234,141829.0056,72,10
68.747194,1785530277.103927,23.57047,0.00972,913922.6119,15536,23.49867,0.07285,141771.5010,71,10
68.764194,1785530277.120927,23.54932,0.00972,913857.4637,15536,23.77826,0.07285,141905.1189,71,10
68.781194,1785530277.137927,23.58476,0.00972,913966.6072,15537,23.78771,0.07285,141909.6348,71,10
68.798194,1785530277.154927,23.59219,0.00972,913989.5016,15537,23.64072,0.07285,141839.3866,71,10
68.815194,1785530277.171927,23.56027,0.00972,913891.1916,15536,23.87392,0.07285,141950.8360,71,10
68.832194,1785530277.188927,23.57629,0.00972,913940.5481,15537,23.73079,0.07285,141882.4306,71,10
68.849194,1785530277.205927,23.57636,0.00972,913940.7585,15537,23.65013,0.07285,141843.8821,71,10
68.866194,1785530277.222927,23.58825,0.00972,913977.3689,15537,24.03070,0.07234,142025.7638,72,10
68.883194,1785530277.239927,23.58901,0.00972,913979.7075,15537,23.71686,0.07285,141875.7720,71,10
68.900194,1785530277.256927,23.56498,0.00972,913905.7128,15537,23.84499,0.07285,141937.0094,71,10
68.917194,1785530277.273927,23.56336,0.00972,913900.7142,15536,23.85943,0.07285,141943.9098,71,10
68.934194,1785530277.290927,23.55534,0.00973,913876.0014,15535,23.67407,0.07285,141855.3240,71,10
68.951194,1785530277.307927,23.58061,0.00972,913953.8464,15537,23.63631,0.07285,141837.2800,71,10
68.968194,1785530277.324927,23.57993,0.00972,913951.7430,15537,23.60773,0.07285,141823.6187,71,10
68.985194,1785530277.341927,23.58629,0.00972,913971.3322,15537,23.71727,0.07234,141875.9714,72,10
69.002194,1785530277.358927,23.56840,0.00972,913916.2361,15537,23.77361,0.07285,141902.8939,71,10
69.019194,1785530277.375927,23.57640,0.00972,913940.8819,15536,23.73106,0.07285,141882.5594,71,10
69.036194,1785530277.392927,23.54753,0.00973,913851.9371,15535,23.68350,0.07285,141859.8296,71,10
69.053194,1785530277.409927,23.54040,0.00973,913830.0024,15535,23.76908,0.07285,141900.7312,71,10
69.070194,1785530277.426927,23.56440,0.00972,913903.9086,15536,23.95938,0.07285,141991.6756,71,10
69.087194,1785530277.443927,23.55187,0.00972,913865.3291,15536,23.52714,0.07285,141785.1055,71,10
69.104194,1785530277.460927,23.53465,0.00973,913812.2661,15534,23.66543,0.07234,141851.1956,72,10
69.121194,1785530277.477927,23.54488,0.00973,913843.7835,15535,23.63574,0.07285,141837.0074,71,10
69.138194,1785530277.494927,23.57602,0.00972,913939.7031,15537,23.56010,0.07285,141800.8588,71,10
69.155194,1785530277.511927,23.56753,0.00972,913913.5513,15536,23.72164,0.07285,141878.0587,71,10
69.172194,1785530277.528927,23.57102,0.00972,913924.2911,15537,23.82112,0.07285,141925.6028,71,10
69.189194,1785530277.545927,23.53379,0.00973,913809.6314,15534,23.70263,0.07285,141868.9746,71,10
69.206194,1785530277.562927,23.53802,0.00973,913822.6676,15535,23.61720,0.07285,141828.1452,71,10
69.223194,1785530277.579927,23.54320,0.00973,913838.6264,15535,23.75962,0.07285,141896.2111,71,10
69.240194,1785530277.596927,23.55020,0.00973,913860.1791,15535,23.67484,0.07234,141855.6946,72,10
69.257194,1785530277.613927,23.57396,0.00972,913933.3628,15537,23.63121,0.07285,141834.8394,71,10
69.274194,1785530277.630927,23.54359,0.00973,913839.8058,15535,23.90634,0.07285,141966.3297,71,10
69.291194,1785530277.647927,23.55601,0.00973,913878.0739,15535,24.02549,0.07285,142023.2726,71,10
69.308194,1785530277.664927,23.54179,0.00973,913834.2773,15535,24.17817,0.07285,142096.2410,71,10
69.325194,1785530277.681927,23.55970,0.00972,913889.4397,15536,23.87844,0.07285,141952.9940,71,10
69.342194,1785530277.698927,23.55553,0.00972,913876.5911,15536,23.64084,0.07285,141839.4428,71,10
69.359194,1785530277.715927,23.57516,0.00972,913937.0642,15536,23.72585,0.07234,141880.0688,72,10
69.376194,1785530277.732927,23.59192,0.00972,913988.6667,15538,23.73105,0.07285,141882.5540,71,10
69.393194,1785530277.749927,23.56027,0.00972,913891.1924,15536,23.91129,0.07285,141968.6937,71,10
69.410194,1785530277.766927,23.56694,0.00972,913911.7490,15536,23.69314,0.07285,141864.4380,71,10
69.427194,1785530277.783927,23.59296,0.00972,913991.8730,15538,23.63136,0.07285,141834.9115,71,10
69.444194,1785530277.800927,23.58643,0.00972,913971.7683,15537,23.70234,0.07285,141868.8364,71,10
69.461194,1785530277.817927,23.58308,0.00972,913961.4511,15537,23.62190,0.07285,141830.3904,71,10
69.478194,1785530277.834927,23.60150,0.00972,914018.1887,15538,23.66594,0.07234,141851.4398,72,10
69.495194,1785530277.851927,23.58314,0.00972,913961.6371,15537,23.62180,0.07285,141830.3437,71,10
69.512194,1785530277.868927,23.58907,0.00972,913979.8854,15537,23.67415,0.07285,141855.3646,71,10
69.529194,1785530277.885927,23.57593,0.00972,913939.4261,15537,23.87362,0.07285,141950.6908,71,10
69.546194,1785530277.902927,23.56854,0.00972,913916.6597,15536,23.93503,0.07285,141980.0379,71,10
69.563194,1785530277.919927,23.57521,0.00972,913937.2054,15537,23.62636,0.07285,141832.5220,71,10
69.580194,1785530277.936927,23.56222,0.00972,913897.1934,15536,23.40831,0.07285,141728.3133,71,10
69.597194,1785530277.953927,23.54578,0.01018,913846.5564,14167,23.59553,0.07614,141817.7884,65,10
70.879095,1785530279.235828,23.60141,0.01008,914017.9181,15538,23.50328,0.07244,141773.7002,71,11
70.896095,1785530279.252828,23.58567,0.01008,913969.4145,15537,23.63126,0.07244,141834.8653,71,11
70.913095,1785530279.269828,23.57851,0.01008,913947.3820,15537,23.67472,0.07194,141855.6340,72,11
70.930095,1785530279.286828,23.56844,0.01008,913916.3501,15536,23.50844,0.07244,141776.1664,71,11
70.947095,1785530279.303828,23.57609,0.01008,913939.9144,15537,23.80655,0.07244,141918.6361,71,11
70.964095,1785530279.320828,23.58745,0.01008,913974.9083,15537,23.81666,0.07244,141923.4716,71,11
70.981095,1785530279.337828,23.60837,0.01008,914039.3487,15539,23.55069,0.07244,141796.3576,71,11
70.998095,1785530279.354828,23.59887,0.01008,914010.0663,15538,23.68779,0.07244,141861.8791,71,11
71.015095,1785530279.371828,23.57686,0.01008,913942.2751,15537,23.54605,0.07244,141794.1436,71,11
71.032095,1785530279.388828,23.60892,0.01008,914041.0324,15538,23.76906,0.07244,141900.7213,71,11
71.049095,1785530279.405828,23.60331,0.01008,914023.7455,15538,23.81055,0.07194,141920.5499,72,11
71.066095,1785530279.422828,23.59147,0.01008,913987.2846,15538,23.84466,0.07244,141936.8495,71,11
71.083095,1785530279.439828,23.59516,0.01008,913998.6603,15537,23.76452,0.07244,141898.5493,71,11
71.100095,1785530279.456828,23.58929,0.01008,913980.5748,15538,23.80702,0.07244,141918.8632,71,11
71.117095,1785530279.473828,23.59165,0.01008,913987.8367,15537,23.81636,0.07244,141923.3269,71,11
71.134095,1785530279.490828,23.54474,0.01008,913843.3456,15535,23.88767,0.07244,141957.4063,71,11
71.151095,1785530279.507828,23.54464,0.01008,913843.0375,15535,23.67879,0.07244,141857.5797,71,11
71.168095,1785530279.524828,23.55322,0.01008,913869.4796,15536,23.65596,0.07194,141846.6670,72,11
71.185095,1785530279.541828,23.53697,0.01008,913819.4400,15534,23.52256,0.07244,141782.9173,71,11
71.202095,1785530279.558828,23.51787,0.01008,913760.6079,15534,23.57411,0.07244,141807.5529,71,11
71.219095,1785530279.575828,23.49213,0.01009,913681.3162,15532,23.71197,0.07244,141873.4393,71,11
71.236095,1785530279.592828,23.51002,0.01008,913736.4306,15534,23.66455,0.07244,141850.7763,71,11
71.253095,1785530279.609828,23.51823,0.01008,913761.6888,15533,23.67856,0.07244,141857.4709,71,11
71.270095,1785530279.626828,23.54642,0.01008,913848.5329,15535,23.74526,0.07244,141889.3460,71,11
71.287095,1785530279.643828,23.53559,0.01008,913815.1734,15535,23.63292,0.07194,141835.6574,72,11
71.304095,1785530279.660828,23.52387,0.01008,913779.0645,15534,23.84499,0.07244,141937.0086,71,11
71.321095,1785530279.677828,23.52264,0.01008,913775.3016,15534,23.71184,0.07244,141873.3726,71,11
71.338095,1785530279.694828,23.54252,0.01008,913836.5231,15535,23.31822,0.07244,141685.2592,71,11
71.355095,1785530279.711828,23.55749,0.01008,913882.6258,15535,23.49410,0.07244,141769.3127,71,11
71.372095,1785530279.728828,23.57658,0.01008,913941.4181,15537,23.58863,0.07244,141814.4939,71,11
71.389095,1785530279.745828,23.58716,0.01008,913974.0030,15537,23.83998,0.07244,141934.6149,71,11
71.406095,1785530279.762828,23.58824,0.01008,913977.3298,15538,23.61264,0.07244,141825.9666,71,11
71.423095,1785530279.779828,23.59189,0.01008,913988.5700,15537,23.72633,0.07194,141880.3022,72,11
71.440095,1785530279.796828,23.60164,0.01008,914018.6142,15538,23.66922,0.07244,141853.0064,71,11
71.457095,1785530279.813828,23.59959,0.01008,914012.3115,15538,23.76911,0.07244,141900.7471,71,11
71.474095,1785530279.830828,23.60482,0.01008,914028.3956,15538,23.61209,0.07244,141825.7047,71,11
71.491095,1785530279.847828,23.60526,0.01008,914029.7787,15539,23.57425,0.07244,141807.6203,71,11
71.508095,1785530279.864828,23.61688,0.01008,914065.5580,15539,23.69313,0.07244,141864.4332,71,11
71.525095,1785530279.881828,23.59928,0.01008,914011.3469,15537,23.84987,0.07244,141939.3418,71,11
71.542095,1785530279.898828,23.59376,0.01008,913994.3332,15538,23.83400,0.07194,141931.7568,72,11
71.559095,1785530279.915828,23.59524,0.01008,913998.9044,15538,23.81665,0.07244,141923.4667,71,11
71.576095,1785530279.932828,23.57069,0.01008,913923.2712,15536,23.68353,0.07244,141859.8450,71,11
71.593095,1785530279.949828,23.58871,0.01008,913978.7736,15538,23.46533,0.07244,141755.5641,71,11
71.610095,1785530279.966828,23.60070,0.01008,914015.7038,15538,23.60763,0.07244,141823.5721,71,11
71.627095,1785530279.983828,23.57758,0.01008,913944.5142,15536,23.70255,0.07244,141868.9337,71,11
71.644095,1785530280.000828,23.58526,0.01008,913968.1599,15538,23.83062,0.07244,141930.1398,71,11
71.661095,1785530280.017828,23.58901,0.01008,913979.7196,15537,23.60915,0.07194,141824.2983,72,11
71.678095,1785530280.034828,23.55601,0.01008,913878.0784,15536,23.60764,0.07244,141823.5774,71,11
71.695095,1785530280.051828,23.57282,0.01008,913929.8595,15536,23.52706,0.07244,141785.0648,71,11
71.712095,1785530280.068828,23.57319,0.01008,913930.9765,15537,23.73141,0.07244,141882.7282,71,11
71.729095,1785530280.085828,23.59978,0.01008,914012.8855,15538,23.57439,0.07244,141807.6866,71,11
71.746095,1785530280.102828,23.60269,0.01008,914021.8329,15538,23.55566,0.07244,141798.7369,71,11
71.763095,1785530280.119828,23.59465,0.01008,913997.0694,15537,23.57920,0.07244,141809.9835,71,11
71.780095,1785530280.136828,23.58809,0.01008,913976.8857,15538,23.82188,0.07244,141925.9640,71,11
71.797095,1785530280.153828,23.60333,0.01008,914023.8077,15538,23.82500,0.07194,141927.4557,72,11
71.814095,1785530280.170828,23.57483,0.01008,913936.0463,15537,23.64569,0.07244,141841.7600,71,11
71.831095,1785530280.187828,23.55472,0.01008,913874.1008,15535,23.70266,0.07244,141868.9854,71,11
71.848095,1785530280.204828,23.59629,0.01008,914002.1354,15538,23.67871,0.07244,141857.5431,71,11
71.865095,1785530280.221828,23.56617,0.01008,913909.3501,15536,23.57004,0.07244,141805.6054,71,11
71.882095,1785530280.238828,23.57412,0.01008,913933.8382,15537,23.56966,0.07244,141805.4260,71,11
71.899095,1785530280.255828,23.59408,0.01008,913995.3421,15537,23.67406,0.07244,141855.3186,71,11
71.916095,1785530280.272828,23.58093,0.01008,913954.8381,15537,23.89962,0.07194,141963.1174,72,11
71.933095,1785530280.289828,23.56988,0.01008,913920.7874,15537,23.68339,0.07244,141859.7782,71,11
71.950095,1785530280.306828,23.53223,0.01008,913804.8333,15534,23.67856,0.07244,141857.4713,71,11
71.967095,1785530280.323828,23.55433,0.01008,913872.8969,15536,23.67867,0.07244,141857.5225,71,11
71.984095,1785530280.340828,23.55339,0.01008,913870.0116,15535,23.89264,0.07244,141959.7802,71,11
72.001095,1785530280.357828,23.58208,0.01008,913958.3682,15537,23.92609,0.07244,141975.7691,71,11
72.018095,1785530280.374828,23.55871,0.01008,913886.3864,15536,23.77847,0.07244,141905.2163,71,11
72.035095,1785530280.391828,23.56469,0.01008,913904.8155,15536,23.66538,0.07194,141851.1701,72,11
72.052095,1785530280.408828,23.58563,0.01008,913969.2907,15537,23.53679,0.07244,141789.7147,71,11
72.069095,1785530280.425828,23.58542,0.01008,913968.6686,15537,23.56513,0.07244,141803.2629,71,11
72.086095,1785530280.442828,23.59136,0.01008,913986.9650,15538,23.65030,0.07244,141843.9643,71,11
72.103095,1785530280.459828,23.59521,0.01008,913998.8049,15538,23.67863,0.07244,141857.5019,71,11
72.120095,1785530280.476828,23.59703,0.01008,914004.4030,15537,23.70261,0.07244,141868.9654,71,11
72.137095,1785530280.493828,23.60015,0.01008,914014.0137,15538,23.69295,0.07244,141864.3458,71,11
72.154095,1785530280.510828,23.59523,0.01008,913998.8796,15538,23.94006,0.07244,141982.4429,71,11
72.171095,1785530280.527828,23.59462,0.01008,913997.0041,15538,23.83375,0.07194,141931.6350,72,11
72.188095,1785530280.544828,23.57418,0.01008,913934.0227,15536,23.77825,0.07244,141905.1133,71,11
72.205095,1785530280.561828,23.55113,0.01008,913863.0399,15536,23.81209,0.07244,141921.2831,71,11
72.222095,1785530280.578828,23.57023,0.01008,913921.8829,15536,23.67412,0.07244,141855.3499,71,11
72.239095,1785530280.595828,23.56244,0.01008,913897.8774,15536,23.58845,0.07244,141814.4063,71,11
72.256095,1785530280.612828,23.56735,0.01008,913913.0072,15536,23.62168,0.07244,141830.2875,71,11
72.273095,1785530280.629828,23.56467,0.01008,913904.7564,15537,23.62173,0.07244,141830.3081,71,11
72.290095,1785530280.646828,23.57916,0.01008,913949.3692,15536,23.61381,0.07194,141826.5273,72,11
72.307095,1785530280.663828,23.58728,0.01008,913974.3757,15538,23.99698,0.07244,142009.6468,71,11
72.324095,1785530280.680828,23.58694,0.01008,913973.3422,15537,23.85435,0.07244,141941.4841,71,11
72.341095,1785530280.697828,23.56225,0.01008,913897.2970,15536,23.80196,0.07244,141916.4423,71,11
72.358095,1785530280.714828,23.58737,0.01008,913974.6622,15537,23.61717,0.07244,141828.1303,71,11
72.375095,1785530280.731828,23.57147,0.01008,913925.6962,15537,23.56006,0.07244,141800.8381,71,11
72.392095,1785530280.748828,23.55728,0.01008,913881.9665,15535,23.72613,0.07244,141880.2057,71,11
72.409095,1785530280.765828,23.54835,0.01008,913854.4907,15536,23.63726,0.07194,141837.7340,72,11
72.426095,1785530280.782828,23.57025,0.01008,913921.9281,15536,23.65519,0.07244,141846.3026,71,11
72.443095,1785530280.799828,23.57579,0.01008,913939.0067,15537,23.82582,0.07244,141927.8482,71,11
72.460095,1785530280.816828,23.54985,0.01008,913859.1063,15535,23.83036,0.07244,141930.0163,71,11
72.477095,1785530280.833828,23.55747,0.01008,913882.5557,15536,23.84949,0.07244,141939.1615,71,11
72.494095,1785530280.850828,23.54431,0.01008,913842.0318,15535,23.80258,0.07244,141916.7412,71,11
72.511095,1785530280.867828,23.52939,0.01008,913796.0722,15534,23.65004,0.07244,141843.8407,71,11
72.528095,1785530280.884828,23.51268,0.01008,913744.6065,15533,23.82591,0.07244,141927.8894,71,11
72.545095,1785530280.901828,23.54242,0.01008,913836.2151,15535,23.73611,0.07194,141884.9744,72,11
72.562095,1785530280.918828,23.56932,0.01008,913919.0727,15537,23.64558,0.07244,141841.7084,71,11
72.579095,1785530280.935828,23.58672,0.01008,913972.6584,15537,23.70713,0.07244,141871.1224,71,11
72.596095,1785530280.952828,23.58781,0.01008,913976.0055,15537,23.82602,0.07244,141927.9415,71,11
72.613095,1785530280.969828,23.57375,0.01008,913932.7036,15537,23.84002,0.07244,141934.6353,71,11
72.630095,1785530280.986828,23.53965,0.01008,913827.6699,15534,23.64550,0.07244,141841.6726,71,11
72.647095,1785530281.003828,23.51770,0.01008,913760.0832,15534,23.95964,0.07244,141991.8014,71,11
72.664095,1785530281.020828,23.51466,0.01008,913750.7126,15534,23.96052,0.07194,141992.2196,72,11
72.681095,1785530281.037828,23.54243,0.01008,913836.2326,15534,23.66447,0.07244,141850.7359,71,11
72.698095,1785530281.054828,23.56582,0.01008,913908.2851,15537,23.74984,0.07244,141891.5345,71,11
72.715095,1785530281.071828,23.56425,0.01008,913903.4598,15536,23.95455,0.07244,141989.3690,71,11
72.732095,1785530281.088828,23.56316,0.01008,913900.0797,15536,23.68842,0.07244,141862.1825,71,11
72.749095,1785530281.105828,23.56697,0.01008,913911.8236,15536,23.61689,0.07244,141827.9958,71,11
72.766095,1785530281.122828,23.52566,0.01008,913784.5980,15534,23.67406,0.07244,141855.3187,71,11
72.783095,1785530281.139828,23.54347,0.01008,913839.4346,15535,23.73555,0.07194,141884.7046,72,11
72.800095,1785530281.156828,23.55659,0.01008,913879.8427,15536,23.98313,0.07244,142003.0260,71,11
72.817095,1785530281.173828,23.57528,0.01008,913937.4275,15536,23.81610,0.07244,141923.2035,71,11
72.834095,1785530281.190828,23.56581,0.01008,913908.2451,15536,23.74026,0.07244,141886.9570,71,11
72.851095,1785530281.207828,23.56681,0.01008,913911.3443,15537,23.94467,0.07244,141984.6466,71,11
72.868095,1785530281.224828,23.56108,0.01008,913893.6771,15536,23.76908,0.07244,141900.7318,71,11
72.885095,1785530281.241828,23.58853,0.01008,913978.2407,15537,23.97354,0.07244,141998.4422,71,11
72.902095,1785530281.258828,23.60435,0.01008,914026.9519,15538,24.05415,0.07244,142036.9702,71,11
72.919095,1785530281.275828,23.55441,0.01008,913873.1491,15536,23.94668,0.07194,141985.6087,72,11
72.936095,1785530281.292828,23.58717,0.01008,913974.0510,15537,24.00160,0.07244,142011.8561,71,11
72.953095,1785530281.309828,23.53463,0.01008,913812.2057,15534,23.87811,0.07244,141952.8384,71,11
72.970095,1785530281.326828,23.53900,0.01008,913825.6860,15535,23.85903,0.07244,141943.7190,71,11
72.987095,1785530281.343828,23.56860,0.01008,913916.8562,15536,23.71223,0.07244,141873.5628,71,11
73.004095,1785530281.360828,23.57834,0.01008,913946.8466,15537,23.75493,0.07244,141893.9698,71,11
73.021095,1785530281.377828,23.56071,0.01008,913892.5489,15536,23.52708,0.07244,141785.0751,71,11
73.038095,1785530281.394828,23.58586,0.01008,913970.0251,15537,23.72637,0.07194,141880.3176,72,11
73.055095,1785530281.411828,23.56875,0.01008,913917.2961,15537,23.77825,0.07244,141905.1136,71,11
73.072095,1785530281.428828,23.58076,0.01008,913954.3027,15537,23.71665,0.07244,141875.6744,71,11
73.089095,1785530281.445828,23.58406,0.01008,913964.4608,15537,23.53194,0.07244,141787.3978,71,11
73.106095,1785530281.462828,23.57508,0.01008,913936.8163,15536,23.80682,0.07244,141918.7646,71,11
73.123095,1785530281.479828,23.58333,0.01008,913962.2215,15537,23.90692,0.07244,141966.6037,71,11
73.140095,1785530281.496828,23.57222,0.01008,913927.9974,15537,23.71206,0.07244,141873.4808,71,11
73.157095,1785530281.513828,23.55155,0.01008,913864.3423,15535,23.71262,0.07194,141873.7465,72,11
73.174095,1785530281.530828,23.53686,0.01008,913819.0722,15535,23.64088,0.07244,141839.4633,71,11
73.191095,1785530281.547828,23.54680,0.01008,913849.6990,15535,23.66445,0.07244,141850.7255,71,11
73.208095,1785530281.564828,23.55019,0.01008,913860.1293,15535,23.52214,0.07244,141782.7174,71,11
73.225095,1785530281.581828,23.53139,0.01008,913802.2327,15535,23.76970,0.07244,141901.0259,71,11
73.242095,1785530281.598828,23.55679,0.01008,913880.4753,15535,23.70283,0.07244,141869.0674,71,11
73.259095,1785530281.615828,23.56590,0.01008,913908.5448,15537,23.73139,0.07244,141882.7187,71,11
73.276095,1785530281.632828,23.58667,0.01008,913972.4975,15537,23.54110,0.07244,141791.7751,71,11
73.293095,1785530281.649828,23.57689,0.01008,913942.3866,15537,23.71737,0.07194,141876.0166,72,11
73.310095,1785530281.666828,23.56792,0.01008,913914.7591,15536,23.76438,0.07244,141898.4862,71,11
73.327095,1785530281.683828,23.58854,0.01008,913978.2528,15537,23.39893,0.07244,141723.8330,71,11
73.344095,1785530281.700828,23.56279,0.01008,913898.9577,15536,23.93032,0.07244,141977.7873,71,11
73.361095,1785530281.717828,23.57095,0.01008,913924.0806,15537,23.65013,0.07244,141843.8819,71,11
73.378095,1785530281.734828,23.54031,0.01008,913829.7130,15535,23.47490,0.07244,141760.1366,71,11
73.395095,1785530281.751828,23.57621,0.01008,913940.2891,15536,23.64077,0.07244,141839.4122,71,11
73.412095,1785530281.768828,23.58016,0.01008,913952.4521,15537,23.90405,0.07194,141965.2353,72,11
73.429095,1785530281.785828,23.58604,0.01008,913970.5721,15537,23.72121,0.07244,141877.8528,71,11
73.446095,1785530281.802828,23.56932,0.01008,913919.0612,15537,23.74039,0.07244,141887.0181,71,11
73.463095,1785530281.819828,23.56312,0.01008,913899.9807,15536,23.94998,0.07244,141987.1849,71,11
73.480095,1785530281.836828,23.54812,0.01008,913853.7634,15535,23.89246,0.07244,141959.6929,71,11
73.497095,1785530281.853828,23.55942,0.01008,913888.5823,15536,23.71181,0.07244,141873.3623,71,11
73.514095,1785530281.870828,23.55613,0.01008,913878.4376,15535,23.95882,0.07244,141991.4070,71,11
73.531095,1785530281.887828,23.56258,0.01008,913898.3154,15536,23.60029,0.07194,141820.0634,72,11
73.548095,1785530281.904828,23.53349,0.01008,913808.6961,15535,23.71683,0.07244,141875.7620,71,11
73.565095,1785530281.921828,23.58113,0.01008,913955.4494,15537,23.84966,0.07244,141939.2383,71,11
73.582095,1785530281.938828,23.59367,0.01008,913994.0595,15537,23.77866,0.07244,141905.3089,71,11
73.599095,1785530281.955828,23.57524,0.01008,913937.2920,15537,23.61226,0.07244,141825.7866,71,11
73.616095,1785530281.972828,23.55637,0.01008,913879.1756,15536,23.61720,0.07244,141828.1451,71,11
73.633095,1785530281.989828,23.56958,0.01008,913919.8543,15536,23.68784,0.07244,141861.9051,71,11
73.650095,1785530282.006828,23.57821,0.01008,913946.4504,15537,23.60292,0.07244,141821.3222,71,11
73.667095,1785530282.023828,23.55797,0.01008,913884.0972,15536,23.86294,0.07194,141945.5884,72,11
73.684095,1785530282.040828,23.57587,0.01008,913939.2290,15536,23.68834,0.07244,141862.1459,71,11
73.701095,1785530282.057828,23.53824,0.01008,913823.3471,15535,23.50779,0.07244,141775.8581,71,11
73.718095,1785530282.074828,23.54654,0.01008,913848.9043,15535,23.68351,0.07244,141859.8350,71,11
73.735095,1785530282.091828,23.53719,0.01008,913820.0953,15535,23.64536,0.07244,141841.6054,71,11
73.752095,1785530282.108828,23.55699,0.01008,913881.0770,15536,23.57427,0.07244,141807.6299,71,11
73.769095,1785530282.125828,23.56367,0.01008,913901.6583,15536,23.59331,0.07244,141816.7292,71,11
73.786095,1785530282.142828,23.53521,0.01008,913814.0056,15534,23.62352,0.07194,141831.1639,72,11
73.803095,1785530282.159828,23.55374,0.01008,913871.0833,15536,23.60766,0.07244,141823.5876,71,11
73.820095,1785530282.176828,23.54132,0.01008,913832.8276,15534,23.61236,0.07244,141825.8330,71,11
73.837095,1785530282.193828,23.55546,0.01008,913876.3884,15536,23.56946,0.07244,141805.3283,71,11
73.854095,1785530282.210828,23.54054,0.01008,913830.4095,15535,23.66446,0.07244,141850.7307,71,11
73.871095,1785530282.227828,23.58711,0.01008,913973.8668,15537,23.58869,0.07244,141814.5195,71,11
73.888095,1785530282.244828,23.58004,0.01008,913952.0954,15537,23.56942,0.07244,141805.3128,71,11
73.905095,1785530282.261828,23.59396,0.01008,913994.9630,15538,23.48813,0.07194,141766.4601,72,11
73.922095,1785530282.278828,23.60082,0.01008,914016.0797,15538,23.75474,0.07244,141893.8778,71,11
73.939095,1785530282.295828,23.58390,0.01008,913963.9609,15537,23.70721,0.07244,141871.1636,71,11
73.956095,1785530282.312828,23.59971,0.01008,914012.6627,15538,23.72565,0.07244,141879.9742,71,11
73.973095,1785530282.329828,23.55564,0.01008,913876.9319,15535,23.51301,0.07244,141778.3504,71,11
73.990095,1785530282.346828,23.55963,0.01008,913889.2310,15536,23.42743,0.07244,141737.4532,71,11
74.007095,1785530282.363828,23.55780,0.01008,913883.5725,15536,23.56490,0.07244,141803.1498,71,11
74.024095,1785530282.380828,23.54862,0.01008,913855.3192,15535,23.77341,0.07244,141902.8015,71,11
74.041095,1785530282.397828,23.59463,0.01008,913997.0288,15538,23.61865,0.07194,141828.8374,72,11
74.058095,1785530282.414828,23.50612,0.01008,913724.3941,15533,23.46570,0.07244,141755.7434,71,11
74.075095,1785530282.431828,23.49501,0.01009,913690.1942,15532,23.53137,0.07244,141787.1254,71,11
74.092095,1785530282.448828,23.53623,0.01008,913817.1360,15535,23.50778,0.07244,141775.8530,71,11
74.109095,1785530282.465828,23.53925,0.01008,913826.4565,15535,23.49361,0.07244,141769.0815,71,11
74.126095,1785530282.482828,23.52006,0.01008,913767.3452,15533,23.54593,0.07244,141794.0865,71,11
74.143095,1785530282.499828,23.49766,0.01008,913698.3530,15533,23.73104,0.07244,141882.5485,71,11
74.160095,1785530282.516828,23.53953,0.01008,913827.3140,15535,23.68390,0.07194,141860.0211,72,11
74.177095,1785530282.533828,23.55973,0.01008,913889.5263,15536,23.62677,0.07244,141832.7184,71,11
74.194095,1785530282.550828,23.55341,0.01008,913870.0620,15535,23.65509,0.07244,141846.2558,71,11
74.211095,1785530282.567828,23.55539,0.01008,913876.1531,15536,23.66460,0.07244,141850.7980,71,11
74.228095,1785530282.584828,23.56486,0.01008,913905.3355,15536,23.65985,0.07244,141848.5266,71,11
74.245095,1785530282.601828,23.50604,0.01008,913724.1480,15533,23.54143,0.07244,141791.9339,71,11
74.262095,1785530282.618828,23.51866,0.01008,913763.0324,15533,23.56521,0.07244,141803.2990,71,11
74.279095,1785530282.635828,23.52389,0.01008,913779.1264,15534,23.58138,0.07194,141811.0289,72,11
74.296095,1785530282.652828,23.54228,0.01008,913835.7771,15535,23.42737,0.07244,141737.4232,71,11
74.313095,1785530282.669828,23.54602,0.01008,913847.2922,15535,23.91656,0.07244,141971.2125,71,11
74.330095,1785530282.686828,23.49696,0.01008,913696.1766,15533,23.78799,0.07244,141909.7689,71,11
74.347095,1785530282.703828,23.50396,0.01008,913717.7441,15533,23.70245,0.07244,141868.8872,71,11
74.364095,1785530282.720828,23.54473,0.01008,913843.3254,15535,23.61277,0.07244,141826.0282,71,11
74.381095,1785530282.737828,23.53841,0.01008,913823.8638,15534,23.66959,0.07244,141853.1812,71,11
74.398095,1785530282.754828,23.53273,0.01008,913806.3590,15535,23.75012,0.07244,141891.6684,71,11
74.415095,1785530282.771828,23.55619,0.01008,913878.6118,15535,23.68412,0.07194,141860.1279,72,11
74.432095,1785530282.788828,23.56078,0.01008,913892.7586,15536,23.58368,0.07244,141812.1251,71,11
74.449095,1785530282.805828,23.55431,0.01008,913872.8473,15536,23.67886,0.07244,141857.6156,71,11
74.466095,1785530282.822828,23.52085,0.01008,913769.7681,15534,23.59371,0.07244,141816.9190,71,11
74.483095,1785530282.839828,23.51698,0.01008,913757.8622,15533,23.75473,0.07244,141893.8724,71,11
74.500095,1785530282.856828,23.53006,0.01008,913798.1297,15535,23.64083,0.07244,141839.4376,71,11
74.517095,1785530282.873828,23.53647,0.01008,913817.8742,15534,23.65477,0.07244,141846.1011,71,11
74.534095,1785530282.890828,23.54735,0.01008,913851.3892,15535,23.62837,0.07194,141833.4842,72,11
74.551095,1785530282.907828,23.52541,0.01008,913783.8272,15534,23.60738,0.07244,141823.4536,71,11
74.568095,1785530282.924828,23.54397,0.01008,913840.9883,15535,23.71659,0.07244,141875.6441,71,11
74.585095,1785530282.941828,23.53744,0.01008,913820.8614,15535,23.63654,0.07244,141837.3876,71,11
74.602095,1785530282.958828,23.56558,0.01008,913907.5611,15536,23.64998,0.07244,141843.8100,71,11
74.619095,1785530282.975828,23.52265,0.01008,913775.3264,15534,23.65509,0.07244,141846.2554,71,11
74.636095,1785530282.992828,23.56970,0.01008,913920.2239,15536,23.70728,0.07244,141871.1945,71,11
74.653095,1785530283.009828,23.54606,0.01008,913847.4287,15535,23.71220,0.07194,141873.5484,72,11
74.670095,1785530283.026828,23.52954,0.01008,913796.5386,15535,23.61248,0.07244,141825.8897,71,11
74.687095,1785530283.043828,23.51249,0.01008,913744.0251,15533,23.51274,0.07244,141778.2216,71,11
74.704095,1785530283.060828,23.53434,0.01008,913811.3307,15535,23.60760,0.07244,141823.5567,71,11
74.721095,1785530283.077828,23.51868,0.01008,913763.0943,15533,23.40389,0.07244,141726.2017,71,11
74.738095,1785530283.094828,23.52875,0.01008,913794.0925,15534,23.72152,0.07244,141878.0021,71,11
74.755095,1785530283.111828,23.48133,0.01009,913648.0487,15532,23.83081,0.07244,141930.2327,71,11
74.772095,1785530283.128828,23.52004,0.01008,913767.2699,15534,23.56020,0.07244,141800.9044,71,11
74.789095,1785530283.145828,23.51786,0.01008,913760.5711,15533,23.67990,0.07194,141858.1117,72,11
74.806095,1785530283.162828,23.53376,0.01008,913809.5412,15535,23.54108,0.07244,141791.7648,71,11
74.823095,1785530283.179828,23.54377,0.01008,913840.3785,15535,23.48911,0.07244,141766.9285,71,11
74.840095,1785530283.196828,23.58015,0.01008,913952.4155,15537,23.66471,0.07244,141850.8492,71,11
74.857095,1785530283.213828,23.55979,0.01008,913889.6997,15536,23.68835,0.07244,141862.1465,71,11
74.874095,1785530283.230828,23.55639,0.01008,913879.2455,15535,23.60762,0.07244,141823.5675,71,11
74.891095,1785530283.247828,23.59886,0.01008,914010.0661,15538,23.58919,0.07244,141814.7616,71,11
74.908095,1785530283.264828,23.61597,0.01008,914062.7586,15539,23.57685,0.07194,141808.8610,72,11
74.925095,1785530283.281828,23.60659,0.01008,914033.8597,15538,23.70249,0.07244,141868.9077,71,11
74.942095,1785530283.298828,23.61122,0.01008,914048.1237,15539,23.72624,0.07244,141880.2573,71,11
74.959095,1785530283.315828,23.59421,0.01008,913995.7345,15538,23.47488,0.07244,141760.1315,71,11
74.976095,1785530283.332828,23.59106,0.01008,913986.0351,15537,23.70240,0.07244,141868.8618,71,11
74.993095,1785530283.349828,23.59600,0.01008,914001.2542,15538,23.69317,0.07244,141864.4538,71,11
75.010095,1785530283.366828,23.55513,0.01008,913875.3530,15535,23.85937,0.07244,141943.8787,71,11
75.027095,1785530283.383828,23.59659,0.01008,914003.0549,15538,23.57924,0.07244,141810.0037,71,11
75.044095,1785530283.400828,23.60589,0.01008,914031.7012,15538,23.51593,0.07194,141779.7492,72,11
75.061095,1785530283.417828,23.58789,0.01008,913976.2768,15538,23.62643,0.07244,141832.5583,71,11
75.078095,1785530283.434828,23.58637,0.01008,913971.5903,15537,23.63607,0.07244,141837.1618,71,11
75.095095,1785530283.451828,23.60442,0.01008,914027.1871,15538,23.46548,0.07244,141755.6358,71,11
75.112095,1785530283.468828,23.61236,0.01008,914051.6393,15539,23.47941,0.07244,141762.2943,71,11
75.129095,1785530283.485828,23.61422,0.01008,914057.3555,15539,23.69832,0.07244,141866.9149,71,11
75.146095,1785530283.502828,23.58790,0.01008,913976.3026,15537,23.57427,0.07244,141807.6303,71,11
75.163095,1785530283.519828,23.58723,0.01008,913974.2243,15537,23.66529,0.07194,141851.1297,72,11
75.180095,1785530283.536828,23.62780,0.01008,914099.1835,15540,23.43733,0.07244,141742.1843,71,11
75.197095,1785530283.553828,23.62213,0.01008,914081.7092,15539,23.50779,0.07244,141775.8581,71,11
75.214095,1785530283.570828,23.62821,0.01008,914100.4631,15539,23.56487,0.07244,141803.1346,71,11
75.231095,1785530283.587828,23.63023,0.01008,914106.6621,15540,23.74496,0.07244,141889.2020,71,11
75.248095,1785530283.604828,23.61573,0.01008,914062.0139,15539,23.63122,0.07244,141834.8448,71,11
75.265095,1785530283.621828,23.60695,0.01008,914034.9818,15538,23.61262,0.07244,141825.9570,71,11
75.282095,1785530283.638828,23.58766,0.01008,913975.5691,15537,23.56707,0.07194,141804.1902,72,11
75.299095,1785530283.655828,23.59929,0.01008,914011.3802,15538,23.57920,0.07244,141809.9831,71,11
75.316095,1785530283.672828,23.57730,0.01008,913943.6308,15537,23.64096,0.07244,141839.4996,71,11
75.333095,1785530283.689828,23.58045,0.01008,913953.3463,15537,23.81183,0.07244,141921.1599,71,11
75.350095,1785530283.706828,23.62742,0.01008,914098.0025,15539,23.73575,0.07244,141884.7996,71,11
75.367095,1785530283.723828,23.54886,0.01008,913856.0445,15536,23.65002,0.07244,141843.8303,71,11
75.384095,1785530283.740828,23.57346,0.01008,913931.8204,15536,23.87815,0.07244,141952.8541,71,11
75.401095,1785530283.757828,23.59681,0.01008,914003.7262,15538,23.63588,0.07244,141837.0744,71,11
75.418095,1785530283.774828,23.59326,0.01008,913992.7919,15538,23.60954,0.07194,141824.4857,72,11
75.435095,1785530283.791828,23.62410,0.01008,914087.7963,15539,23.52246,0.07244,141782.8659,71,11
75.452095,1785530283.808828,23.61607,0.01008,914063.0729,15539,23.54609,0.07244,141794.1632,71,11
75.469095,1785530283.825828,23.62773,0.01008,914098.9820,15539,23.73557,0.07244,141884.7168,71,11
75.486095,1785530283.842828,23.64207,0.01008,914143.1432,15540,24.03493,0.07244,142027.7832,71,11
75.503095,1785530283.859828,23.62425,0.01008,914088.2483,15540,23.67403,0.07244,141855.3034,71,11
75.520095,1785530283.876828,23.61827,0.01008,914069.8315,15539,23.70272,0.07244,141869.0157,71,11
75.537095,1785530283.893828,23.61058,0.01008,914046.1634,15538,23.34773,0.07194,141699.3614,72,11
75.554095,1785530283.910828,23.64306,0.01008,914146.1778,15540,23.60318,0.07244,141821.4451,71,11
75.571095,1785530283.927828,23.64152,0.01008,914141.4412,15540,23.67900,0.07244,141857.6819,71,11
75.588095,1785530283.944828,23.64230,0.01008,914143.8400,15541,23.56001,0.07244,141800.8119,71,11
75.605095,1785530283.961828,23.63451,0.01008,914119.8586,15540,23.60797,0.07244,141823.7325,71,11
75.622095,1785530283.978828,23.63412,0.01008,914118.6429,15539,23.55076,0.07244,141796.3936,71,11
75.639095,1785530283.995828,23.63589,0.01008,914124.0958,15540,23.57002,0.07244,141805.5956,71,11
75.656095,1785530284.012828,23.62428,0.01008,914088.3455,15539,23.55795,0.07194,141799.8278,72,11
75.673095,1785530284.029828,23.63781,0.01008,914130.0344,15540,23.62161,0.07244,141830.2513,71,11
75.690095,1785530284.046828,23.62078,0.01008,914077.5714,15539,23.47961,0.07244,141762.3919,71,11
75.707095,1785530284.063828,23.62692,0.01008,914096.4750,15540,23.61199,0.07244,141825.6532,71,11
75.724095,1785530284.080828,23.60496,0.01008,914028.8403,15538,23.64086,0.07244,141839.4533,71,11
75.741095,1785530284.097828,23.60219,0.01008,914020.3040,15538,23.47942,0.07244,141762.2997,71,11
75.758095,1785530284.114828,23.60951,0.01008,914042.8399,15539,23.54591,0.07244,141794.0767,71,11
75.775095,1785530284.131828,23.60733,0.01008,914036.1483,15538,23.50807,0.07244,141775.9914,71,11
75.792095,1785530284.148828,23.59711,0.01008,914004.6457,15538,23.66559,0.07194,141851.2722,72,11
75.809095,1785530284.165828,23.60812,0.01008,914038.5843,15538,23.84026,0.07244,141934.7492,71,11
75.826095,1785530284.182828,23.61099,0.01008,914047.4027,15539,23.63162,0.07244,141835.0351,71,11
75.843095,1785530284.199828,23.60183,0.01008,914019.2077,15538,23.89701,0.07244,141961.8702,71,11
75.860095,1785530284.216828,23.60698,0.01008,914035.0558,15538,24.04933,0.07244,142034.6633,71,11
75.877095,1785530284.233828,23.61095,0.01008,914047.2797,15539,23.84068,0.07244,141934.9505,71,11
75.894095,1785530284.250828,23.59582,0.01008,914000.6920,15538,23.94467,0.07244,141984.6466,71,11
75.911095,1785530284.267828,23.61836,0.01008,914070.1002,15538,23.64694,0.07194,141842.3607,72,11
75.928095,1785530284.284828,23.59945,0.01008,914011.8673,15538,23.72124,0.07244,141877.8678,71,11
75.945095,1785530284.301828,23.57876,0.01098,913948.1335,13115,23.67418,0.07880,141855.3758,60,11
77.544828,1785530285.901561,23.50398,0.01177,913717.8060,15533,23.61883,0.11756,141828.9244,72,12
77.561828,1785530285.918561,23.50712,0.01177,913727.4791,15533,23.49877,0.11839,141771.5467,71,12
77.578828,1785530285.935560,23.53780,0.01177,913821.9959,15535,23.61224,0.11839,141825.7765,71,12
77.595828,1785530285.952560,23.52496,0.01177,913782.4465,15534,23.68831,0.11839,141862.1315,71,12
77.612828,1785530285.969560,23.51120,0.01177,913740.0578,15533,23.94064,0.11839,141982.7213,71,12
77.629828,1785530285.986560,23.53892,0.01177,913825.4257,15535,23.73586,0.11839,141884.8560,71,12
77.646828,1785530286.003561,23.52416,0.01177,913779.9591,15534,23.77853,0.11839,141905.2475,71,12
77.663828,1785530286.020561,23.54154,0.01177,913833.4991,15534,23.68837,0.11839,141862.1571,71,12
77.680828,1785530286.037560,23.55743,0.01177,913882.4322,15536,23.74507,0.11756,141889.2540,72,12
77.697828,1785530286.054560,23.55598,0.01177,913877.9670,15536,23.74057,0.11839,141887.1065,71,12
77.714828,1785530286.071560,23.55281,0.01177,913868.2101,15535,23.65025,0.11839,141843.9383,71,12
77.731828,1785530286.088560,23.56584,0.01177,913908.3321,15536,23.80675,0.11839,141918.7332,71,12
77.748828,1785530286.105561,23.56868,0.01177,913917.0935,15537,23.82588,0.11839,141927.8743,71,12
77.765828,1785530286.122561,23.55647,0.01177,913879.4816,15535,24.05399,0.11839,142036.8929,71,12
77.782828,1785530286.139560,23.52376,0.01177,913778.7441,15534,24.00212,0.11839,142012.1041,71,12
77.799828,1785530286.156560,23.56360,0.01177,913901.4478,15536,23.96031,0.11756,141992.1230,72,12
77.816828,1785530286.173560,23.55913,0.01177,913887.6877,15536,23.94936,0.11839,141986.8866,71,12
77.833828,1785530286.190560,23.48858,0.01177,913670.3653,15532,23.88289,0.11839,141955.1198,71,12
77.850828,1785530286.207561,23.52391,0.01177,913779.1883,15534,23.68339,0.11839,141859.7783,71,12
77.867828,1785530286.224560,23.54023,0.01177,913829.4777,15535,23.80661,0.11839,141918.6667,71,12
77.884828,1785530286.241560,23.57667,0.01177,913941.6902,15537,23.72609,0.11839,141880.1854,71,12
77.901828,1785530286.258560,23.56392,0.01177,913902.4290,15536,23.77833,0.11839,141905.1499,71,12
77.918828,1785530286.275560,23.60638,0.01177,914033.2177,15538,23.74524,0.11756,141889.3365,72,12
77.935828,1785530286.292560,23.61487,0.01177,914059.3550,15539,23.72185,0.11839,141878.1565,71,12
77.952828,1785530286.309561,23.61085,0.01177,914046.9836,15538,23.90683,0.11839,141966.5616,71,12
77.969828,1785530286.326560,23.62257,0.01177,914083.0913,15539,23.73078,0.11839,141882.4253,71,12
77.986828,1785530286.343560,23.63046,0.01177,914107.3708,15540,23.89714,0.11839,141961.9320,71,12
78.003828,1785530286.360560,23.63235,0.01177,914113.1992,15540,23.79746,0.11839,141914.2956,71,12
78.020828,1785530286.377560,23.64018,0.01177,914137.3165,15540,23.88743,0.11839,141957.2927,71,12
78.037828,1785530286.394560,23.63349,0.01177,914116.7146,15540,23.75942,0.11839,141896.1122,71,12
78.054828,1785530286.411561,23.62459,0.01177,914089.3003,15539,23.93245,0.11756,141978.8088,72,12
78.071828,1785530286.428560,23.62960,0.01177,914104.7369,15539,23.89705,0.11839,141961.8863,71,12
78.088828,1785530286.445560,23.63794,0.01177,914130.4343,15540,23.92077,0.11839,141973.2254,71,12
78.105828,1785530286.462560,23.65581,0.01177,914185.4485,15541,24.18700,0.11839,142100.4570,71,12
78.122828,1785530286.479560,23.65897,0.01177,914195.1909,15541,24.06403,0.11839,142041.6880,71,12
78.139828,1785530286.496560,23.66547,0.01177,914215.2145,15542,24.26310,0.11839,142136.8275,71,12
78.156828,1785530286.513561,23.66867,0.01177,914225.0558,15542,24.07771,0.11839,142048.2264,71,12
78.173828,1785530286.530560,23.67604,0.01177,914247.7747,15542,23.98859,0.11756,142005.6355,72,12
78.190828,1785530286.547560,23.67797,0.01177,914253.7190,15542,24.00151,0.11839,142011.8097,71,12
78.207828,1785530286.564560,23.68033,0.01177,914260.9945,15542,24.02544,0.11839,142023.2468,71,12
78.224828,1785530286.581560,23.68406,0.01177,914272.4881,15542,23.92564,0.11839,141975.5525,71,12
78.241828,1785530286.598560,23.69312,0.01177,914300.3719,15543,23.98258,0.11839,142002.7625,71,12
78.258828,1785530286.615561,23.69613,0.01177,914309.6491,15543,24.26362,0.11839,142137.0761,71,12
78.275828,1785530286.632560,23.70077,0.01177,914323.9351,15544,24.38301,0.11839,142194.1334,71,12
78.292828,1785530286.649560,23.69712,0.01177,914312.7088,15543,24.17638,0.11756,142095.3830,72,12
78.309828,1785530286.666560,23.69107,0.01177,914294.0731,15543,24.20187,0.11839,142107.5640,71,12
78.326828,1785530286.683560,23.70125,0.01177,914325.4273,15543,24.11083,0.11839,142064.0557,71,12
78.343828,1785530286.700560,23.69868,0.01177,914317.5017,15543,24.21127,0.11839,142112.0595,71,12
78.360828,1785530286.717561,23.70045,0.01177,914322.9569,15543,24.21099,0.11839,142111.9252,71,12
78.377828,1785530286.734560,23.70120,0.01177,914325.2550,15544,24.22583,0.11839,142119.0179,71,12
78.394828,1785530286.751560,23.70613,0.01177,914340.4626,15543,24.30139,0.11839,142155.1291,71,12
78.411828,1785530286.768560,23.70935,0.01177,914350.3595,15544,24.13455,0.11839,142075.3947,71,12
78.428828,1785530286.785560,23.70067,0.01177,914323.6269,15543,24.21836,0.11756,142115.4454,72,12
78.445828,1785530286.802560,23.70132,0.01177,914325.6237,15544,24.17809,0.11839,142096.2000,71,12
78.462828,1785530286.819561,23.70358,0.01177,914332.6114,15543,24.28733,0.11839,142148.4097,71,12
78.479828,1785530286.836560,23.71047,0.01177,914353.8120,15544,24.29217,0.11839,142150.7222,71,12
78.496828,1785530286.853560,23.70550,0.01177,914338.5131,15544,24.50651,0.11839,142253.1552,71,12
78.513828,1785530286.870560,23.71155,0.01177,914357.1414,15544,24.49217,0.11839,142246.3012,71,12
78.530828,1785530286.887560,23.70986,0.01177,914351.9299,15543,24.44500,0.11839,142223.7589,71,12
78.547828,1785530286.904560,23.71104,0.01177,914355.5771,15544,24.43986,0.11756,142221.3023,72,12
78.564828,1785530286.921561,23.71094,0.01177,914355.2599,15544,24.48266,0.11839,142241.7597,71,12
78.581828,1785530286.938560,23.71317,0.01177,914362.1304,15544,24.22541,0.11839,142118.8163,71,12
78.598828,1785530286.955560,23.71339,0.01177,914362.8106,15544,24.46389,0.11839,142232.7893,71,12
78.615828,1785530286.972560,23.72138,0.01177,914387.4089,15544,24.28757,0.11839,142148.5241,71,12
78.632828,1785530286.989560,23.71895,0.01177,914379.9370,15545,24.46830,0.11839,142234.8948,71,12
78.649828,1785530287.006561,23.71996,0.01177,914383.0611,15544,24.62629,0.11839,142310.3991,71,12
78.666828,1785530287.023561,23.72374,0.01177,914394.6920,15545,24.92237,0.11839,142451.8999,71,12
78.683828,1785530287.040560,23.72327,0.01177,914393.2341,15544,24.71248,0.11756,142351.5935,72,12
78.700828,1785530287.057560,23.71936,0.01177,914381.2103,15544,24.61145,0.11839,142303.3065,71,12
78.717828,1785530287.074560,23.72354,0.01177,914394.0895,15545,24.52112,0.11839,142260.1394,71,12
78.734828,1785530287.091560,23.72401,0.01177,914395.5378,15544,24.64005,0.11839,142316.9784,71,12
78.751828,1785530287.108561,23.73290,0.01177,914422.9084,15545,24.83116,0.11839,142408.3115,71,12
78.768828,1785530287.125561,23.72382,0.01177,914394.9333,15545,24.64939,0.11839,142321.4422,71,12
78.785828,1785530287.142560,23.73032,0.01177,914414.9429,15545,24.77865,0.11839,142383.2129,71,12
78.802828,1785530287.159560,23.73594,0.01177,914432.2828,15545,25.02847,0.11756,142502.6073,72,12
78.819828,1785530287.176560,23.73835,0.01177,914439.6797,15545,25.14741,0.11839,142559.4468,71,12
78.836828,1785530287.193560,23.74256,0.01176,914452.6536,15546,24.98011,0.11839,142479.4946,71,12
78.853828,1785530287.210561,23.73637,0.01177,914433.5777,15545,24.91255,0.11839,142447.2074,71,12
78.870828,1785530287.227561,23.74315,0.01177,914454.4758,15545,24.82175,0.11839,142403.8114,71,12
78.887828,1785530287.244560,23.73886,0.01176,914441.2611,15546,25.08030,0.11839,142527.3739,71,12
78.904828,1785530287.261560,23.73776,0.01177,914437.8751,15545,24.97034,0.11839,142474.8266,71,12
78.921828,1785530287.278560,23.74694,0.01176,914466.1635,15546,24.92943,0.11756,142455.2735,72,12
78.938828,1785530287.295560,23.75220,0.01176,914482.3426,15546,25.05645,0.11839,142515.9782,71,12
78.955828,1785530287.312561,23.75755,0.01176,914498.8253,15546,25.03257,0.11839,142504.5668,71,12
78.972828,1785530287.329561,23.75350,0.01176,914486.3591,15546,25.12369,0.11839,142548.1133,71,12
78.989828,1785530287.346560,23.75797,0.01176,914500.1170,15546,24.89818,0.11839,142440.3369,71,12
79.006828,1785530287.363560,23.77746,0.01176,914560.1540,15548,24.91728,0.11839,142449.4673,71,12
79.023828,1785530287.380560,23.76897,0.01176,914534.0153,15547,25.14237,0.11839,142557.0400,71,12
79.040828,1785530287.397560,23.77126,0.01176,914541.0492,15547,25.26250,0.11839,142614.4518,71,12
79.057828,1785530287.414561,23.76930,0.01176,914535.0086,15546,25.03817,0.11756,142507.2400,72,12
79.074828,1785530287.431561,23.75780,0.01176,914499.5963,15547,25.25797,0.11839,142612.2868,71,12
79.091828,1785530287.448560,23.77424,0.01176,914550.2200,15547,25.11358,0.11839,142543.2797,71,12
79.108828,1785530287.465560,23.77469,0.01176,914551.6101,15547,25.34924,0.11839,142655.9059,71,12
79.125828,1785530287.482560,23.77436,0.01176,914550.6119,15547,25.30133,0.11839,142633.0109,71,12
79.142828,1785530287.499560,23.76542,0.01176,914523.0545,15547,25.20969,0.11839,142589.2127,71,12
79.159828,1785530287.516561,23.77733,0.01176,914559.7569,15547,25.27184,0.11839,142618.9158,71,12
79.176828,1785530287.533561,23.77562,0.01176,914554.4753,15547,25.38776,0.11756,142674.3137,72,12
79.193828,1785530287.550560,23.79674,0.01176,914619.5359,15549,25.56473,0.11839,142758.8907,71,12
79.210828,1785530287.567560,23.79301,0.01176,914608.0484,15548,25.59389,0.11839,142772.8248,71,12
79.227828,1785530287.584560,23.77968,0.01176,914566.9808,15547,25.32937,0.11839,142646.4107,71,12
79.244828,1785530287.601560,23.80333,0.01176,914639.8336,15549,25.33403,0.11839,142648.6387,71,12
79.261828,1785530287.618561,23.80046,0.01176,914630.9885,15548,25.35844,0.11839,142660.3024,71,12
79.278828,1785530287.635561,23.80566,0.01176,914647.0218,15549,25.30554,0.11839,142635.0199,71,12
79.295828,1785530287.652560,23.80164,0.01176,914634.6314,15549,25.11402,0.11756,142543.4909,72,12
79.312828,1785530287.669560,23.82584,0.01176,914709.1745,15549,25.31075,0.11839,142637.5106,71,12
79.329828,1785530287.686560,23.83538,0.01176,914738.5417,15551,25.21423,0.11839,142591.3842,71,12
79.346828,1785530287.703560,23.83193,0.01176,914727.9388,15550,25.39679,0.11839,142678.6301,71,12
79.363828,1785530287.720561,23.84258,0.01176,914760.7363,15551,25.29588,0.11839,142630.4052,71,12
79.380828,1785530287.737561,23.88825,0.01176,914901.3854,15553,25.52649,0.11839,142740.6152,71,12
79.397828,1785530287.754560,23.87502,0.01176,914860.6371,15552,25.67521,0.11839,142811.6885,71,12
79.414828,1785530287.771560,23.86095,0.01176,914817.3069,15552,25.55068,0.11839,142752.1734,71,12
79.431828,1785530287.788560,23.86470,0.01176,914828.8455,15551,25.58646,0.11756,142769.2741,72,12
79.448828,1785530287.805560,23.85557,0.01176,914800.7403,15552,25.61740,0.11839,142784.0624,71,12
79.465828,1785530287.822561,23.87171,0.01176,914850.4568,15552,25.60300,0.11839,142777.1820,71,12
79.482828,1785530287.839561,23.86167,0.01176,914819.5217,15552,25.42066,0.11839,142690.0364,71,12
79.499828,1785530287.856560,23.87931,0.01176,914873.8538,15552,25.55065,0.11839,142752.1629,71,12
79.516828,1785530287.873560,23.86443,0.01176,914828.0194,15552,25.77631,0.11839,142860.0075,71,12
79.533828,1785530287.890560,23.87070,0.01176,914847.3541,15552,25.62755,0.11839,142788.9136,71,12
79.550828,1785530287.907560,23.88248,0.01176,914883.6173,15553,25.80948,0.11756,142875.8587,72,12
79.567828,1785530287.924561,23.88192,0.01176,914881.8948,15552,25.46864,0.11839,142712.9685,71,12
79.584828,1785530287.941561,23.90351,0.01176,914948.3927,15554,25.73318,0.11839,142839.3927,71,12
79.601828,1785530287.958560,23.93270,0.01176,915038.3143,15556,25.66555,0.11839,142807.0732,71,12
79.618828,1785530287.975560,23.96498,0.01176,915137.7255,15557,25.75723,0.11839,142850.8878,71,12
79.635828,1785530287.992560,23.96788,0.01176,915146.6727,15557,25.78605,0.11839,142864.6594,71,12
79.652828,1785530288.009560,23.96509,0.01176,915138.0743,15557,25.94009,0.11839,142938.2807,71,12
79.669828,1785530288.026561,23.93660,0.01176,915050.3213,15555,25.74327,0.11756,142844.2163,72,12
79.686828,1785530288.043561,23.98382,0.01176,915195.7628,15558,25.68982,0.11839,142818.6736,71,12
79.703828,1785530288.060560,23.97115,0.01176,915156.7288,15558,25.70930,0.11839,142827.9819,71,12
79.720828,1785530288.077560,23.98956,0.01176,915213.4348,15558,25.65121,0.11839,142800.2194,71,12
79.737828,1785530288.094560,24.01012,0.01176,915276.7795,15559,25.58402,0.11839,142768.1097,71,12
79.754828,1785530288.111560,24.02495,0.01176,915322.4447,15560,25.80512,0.11839,142873.7731,71,12
79.771828,1785530288.128561,24.01285,0.01176,915285.1790,15560,25.70439,0.11839,142825.6376,71,12
79.788828,1785530288.145561,24.00591,0.01176,915263.8045,15559,25.96883,0.11839,142952.0155,71,12
79.805828,1785530288.162560,24.03065,0.01176,915340.0111,15560,25.97076,0.11756,142952.9364,72,12
79.822828,1785530288.179560,23.99578,0.01176,915232.6000,15559,25.87264,0.11839,142906.0452,71,12
79.839828,1785530288.196560,24.06509,0.01176,915446.0895,15562,25.77647,0.11839,142860.0814,71,12
79.856828,1785530288.213560,24.06677,0.01176,915451.2365,15562,25.77585,0.11839,142859.7869,71,12
79.873828,1785530288.230561,24.06364,0.01176,915441.6222,15562,25.84826,0.11839,142894.3932,71,12
79.890828,1785530288.247561,24.12520,0.01176,915631.2141,15566,25.87253,0.11839,142905.9932,71,12
79.907828,1785530288.264560,24.09289,0.01176,915531.6961,15563,25.72297,0.11839,142834.5153,71,12
79.924828,1785530288.281560,24.19308,0.01176,915840.2898,15569,25.97099,0.11756,142953.0458,72,12
79.941828,1785530288.298560,24.11029,0.01176,915585.2974,15565,25.82477,0.11839,142883.1657,71,12
79.958828,1785530288.315560,24.10307,0.01176,915563.0435,15564,25.83853,0.11839,142889.7411,71,12
79.975828,1785530288.332561,24.11781,0.01176,915608.4690,15565,25.70398,0.11839,142825.4381,71,12
79.992828,1785530288.349560,24.13175,0.01176,915651.4032,15565,25.81008,0.11839,142876.1439,71,12
80.009828,1785530288.366560,24.15366,0.01176,915718.8753,15567,25.68521,0.11839,142816.4709,71,12
80.026828,1785530288.383560,24.14933,0.01176,915705.5297,15566,25.84871,0.11839,142894.6082,71,12
80.043828,1785530288.400560,24.17979,0.01176,915799.3614,15569,25.96617,0.11756,142950.7440,72,12
80.060828,1785530288.417560,24.14712,0.01176,915698.7296,15566,25.87262,0.11839,142906.0357,71,12
80.077828,1785530288.434561,24.04094,0.01176,915371.6998,15561,26.29682,0.11839,143108.7625,71,12
80.094828,1785530288.451560,24.14828,0.01176,915702.3064,15566,25.90622,0.11839,142922.0922,71,12
80.111828,1785530288.468560,24.21334,0.01176,915902.7023,15570,25.86262,0.11839,142901.2572,71,12
80.128828,1785530288.485560,24.22406,0.01176,915935.7093,15571,25.79560,0.11839,142869.2263,71,12
80.145828,1785530288.502560,24.21680,0.01176,915913.3687,15570,26.10875,0.11839,143018.8836,71,12
80.162828,1785530288.519560,24.20037,0.01176,915862.7552,15569,25.80041,0.11839,142871.5236,71,12
80.179828,1785530288.536561,24.20998,0.01176,915892.3539,15570,25.99046,0.11756,142962.3496,72,12
80.196828,1785530288.553560,24.27637,0.01175,916096.8388,15573,25.86327,0.11839,142901.5673,71,12
80.213828,1785530288.570560,24.25943,0.01176,916044.6576,15572,26.20031,0.11839,143062.6402,71,12
80.230828,1785530288.587560,24.29269,0.01175,916147.1033,15574,26.14247,0.11839,143034.9983,71,12
80.247828,1785530288.604560,24.26548,0.01176,916063.3060,15572,26.17162,0.11839,143048.9282,71,12
80.264828,1785530288.621560,24.26710,0.01175,916068.2921,15573,26.10369,0.11839,143016.4655,71,12
80.281828,1785530288.638561,24.32452,0.01175,916245.1385,15576,26.03678,0.11839,142984.4875,71,12
80.298828,1785530288.655560,24.30076,0.01175,916171.9716,15574,26.18027,0.11756,143053.0641,72,12
80.315828,1785530288.672560,24.35251,0.01175,916331.3491,15577,25.99348,0.11839,142963.7940,71,12
80.332828,1785530288.689560,24.33961,0.01175,916291.6281,15576,25.84361,0.11839,142892.1698,71,12
80.349828,1785530288.706560,24.32150,0.01175,916235.8248,15576,26.23911,0.11839,143081.1844,71,12
80.366828,1785530288.723560,24.31755,0.01175,916223.6750,15575,26.11843,0.11839,143023.5085,71,12
80.383828,1785530288.740561,24.32956,0.01175,916260.6753,15576,26.24390,0.11839,143083.4706,71,12
80.400828,1785530288.757560,24.32893,0.01175,916258.7349,15576,26.10375,0.11839,143016.4915,71,12
80.417828,1785530288.774560,24.26209,0.01176,916052.8427,15572,26.01334,0.11756,142973.2852,72,12
80.434828,1785530288.791560,24.28156,0.01175,916112.8217,15574,25.96870,0.11839,142951.9520,71,12
80.451828,1785530288.808560,24.28297,0.01175,916117.1494,15573,26.02663,0.11839,142979.6361,71,12
80.468828,1785530288.825560,24.34082,0.01175,916295.3446,15576,26.02688,0.11839,142979.7566,71,12
80.485828,1785530288.842561,24.35465,0.01175,916337.9535,15578,25.94938,0.11839,142942.7170,71,12
80.502828,1785530288.859560,24.37108,0.01175,916388.5402,15578,26.15197,0.11839,143039.5397,71,12
80.519828,1785530288.876560,24.27657,0.01175,916097.4616,15573,26.29188,0.11839,143106.4029,71,12
80.536828,1785530288.893560,24.40870,0.01175,916504.4097,15580,26.19560,0.11839,143060.3910,71,12
80.553828,1785530288.910560,24.42767,0.01175,916562.8574,15581,26.37524,0.11756,143146.2412,72,12
80.570828,1785530288.927560,24.36282,0.01175,916363.1080,15577,26.44195,0.11839,143178.1229,71,12
80.587828,1785530288.944561,24.42346,0.01175,916549.8959,15581,26.19073,0.11839,143058.0632,71,12
80.604828,1785530288.961560,24.42295,0.01175,916548.3076,15581,26.30680,0.11839,143113.5311,71,12
80.621828,1785530288.978560,24.39995,0.01175,916477.4723,15579,26.31626,0.11839,143118.0563,71,12
80.638828,1785530288.995560,24.42064,0.01175,916541.1963,15581,26.19546,0.11839,143060.3224,71,12
80.655828,1785530289.012560,24.41818,0.01175,916533.6323,15580,25.96877,0.11839,142951.9836,71,12
80.672828,1785530289.029560,24.57214,0.01175,917007.8324,15589,26.06620,0.11756,142998.5485,72,12
80.689828,1785530289.046561,24.43863,0.01175,916596.6222,15581,26.36915,0.11839,143143.3323,71,12
80.706828,1785530289.063560,24.44388,0.01175,916612.7775,15582,26.36460,0.11839,143141.1570,71,12
80.723828,1785530289.080560,24.43936,0.01175,916598.8656,15582,26.39375,0.11839,143155.0865,71,12
80.740828,1785530289.097560,24.44644,0.01175,916620.6494,15582,26.07510,0.11839,143002.7994,71,12
80.757828,1785530289.114560,24.56424,0.01175,916983.5055,15588,26.16183,0.11839,143044.2500,71,12
80.774828,1785530289.131561,24.49580,0.01175,916772.6859,15584,26.24887,0.11839,143085.8466,71,12
80.791828,1785530289.148561,24.37828,0.01175,916410.7345,15578,26.14200,0.11756,143034.7725,72,12
80.808828,1785530289.165560,24.44303,0.01175,916610.1493,15582,26.13271,0.11839,143030.3357,71,12
80.825828,1785530289.182560,24.44762,0.01175,916624.2870,15582,25.99766,0.11839,142965.7906,71,12
80.842828,1785530289.199560,24.38551,0.01175,916432.9962,15579,25.99807,0.11839,142965.9863,71,12
80.859828,1785530289.216560,24.42686,0.01175,916560.3709,15581,26.16211,0.11839,143044.3823,71,12
80.876828,1785530289.233561,24.38246,0.01175,916423.5936,15578,26.09901,0.11839,143014.2262,71,12
80.893828,1785530289.250561,24.34257,0.01175,916300.7436,15577,26.15734,0.11839,143042.1063,71,12
80.910828,1785530289.267560,24.33131,0.01175,916266.0629,15576,26.02680,0.11839,142979.7203,71,12
80.927828,1785530289.284560,24.44637,0.01175,916620.4430,15582,26.02326,0.11756,142978.0285,72,12
80.944828,1785530289.301560,24.42359,0.01175,916550.2749,15581,26.04128,0.11839,142986.6374,71,12
80.961828,1785530289.318560,24.45160,0.01175,916636.5609,15582,26.10887,0.11839,143018.9415,71,12
80.978828,1785530289.335561,24.51627,0.01175,916835.7346,15585,26.08914,0.11839,143009.5116,71,12
80.995828,1785530289.352561,24.46390,0.01175,916674.4500,15583,26.10378,0.11839,143016.5072,71,12
81.012828,1785530289.369560,24.43905,0.01175,916597.8900,15582,26.01687,0.11839,142974.9735,71,12
81.029828,1785530289.386560,24.42641,0.01175,916558.9761,15581,26.17630,0.11839,143051.1666,71,12
81.046828,1785530289.403560,24.38848,0.01175,916442.1356,15579,26.34199,0.11756,143130.3497,72,12
81.063828,1785530289.420560,24.50591,0.01175,916803.8341,15585,26.07485,0.11839,143002.6838,71,12
81.080828,1785530289.437561,24.49091,0.01175,916757.6230,15584,26.21990,0.11839,143072.0026,71,12
81.097828,1785530289.454561,24.43842,0.01175,916595.9482,15581,26.10370,0.11839,143016.4707,71,12
81.114828,1785530289.471560,24.44285,0.01175,916609.5962,15582,25.91577,0.11839,142926.6545,71,12
81.131828,1785530289.488560,24.48421,0.01175,916737.0011,15584,26.18632,0.11839,143055.9559,71,12
81.148828,1785530289.505560,24.48308,0.01175,916733.5107,15584,25.98312,0.11839,142958.8427,71,12
81.165828,1785530289.522560,24.54666,0.01175,916929.3649,15587,26.28014,0.11756,143100.7906,72,12
81.182828,1785530289.539561,24.49470,0.01175,916769.2987,15584,26.40820,0.11839,143161.9930,71,12
81.199828,1785530289.556561,24.46565,0.01175,916679.8464,15583,26.05082,0.11839,142991.1993,71,12
81.216828,1785530289.573560,24.49348,0.01175,916765.5513,15585,26.27742,0.11839,143099.4906,71,12
81.233828,1785530289.590560,24.44861,0.01175,916627.3571,15582,26.12330,0.11839,143025.8373,71,12
81.250828,1785530289.607560,24.45242,0.01175,916639.0682,15582,26.13279,0.11839,143030.3730,71,12
81.267828,1785530289.624560,24.36746,0.01175,916377.3939,15578,26.04138,0.11839,142986.6845,71,12
81.284828,1785530289.641561,24.27904,0.01175,916105.0541,15573,26.00276,0.11839,142968.2305,71,12
81.301828,1785530289.658561,24.30818,0.01175,916194.8094,15575,25.94710,0.11756,142941.6267,72,12
81.318828,1785530289.675560,24.20934,0.01176,915890.3635,15569,26.04629,0.11839,142989.0344,71,12
81.335828,1785530289.692560,24.23247,0.01176,915961.6296,15571,26.00221,0.11839,142967.9671,71,12
81.352828,1785530289.709560,24.17004,0.01176,915769.3255,15568,25.96420,0.11839,142949.8027,71,12
81.369828,1785530289.726560,24.22393,0.01176,915935.3113,15570,25.95904,0.11839,142947.3374,71,12
81.386828,1785530289.743561,24.21027,0.01176,915893.2527,15570,26.24395,0.11839,143083.4975,71,12
81.403828,1785530289.760561,24.15190,0.01176,915713.4459,15567,26.03110,0.11839,142981.7747,71,12
81.420828,1785530289.777560,24.15857,0.01176,915734.0096,15567,26.00424,0.11756,142968.9365,72,12
81.437828,1785530289.794560,24.20636,0.01176,915881.1876,15569,26.19564,0.11839,143060.4073,71,12
81.454828,1785530289.811560,24.19578,0.01176,915848.6056,15569,25.95008,0.11839,142943.0538,71,12
81.471828,1785530289.828560,24.16415,0.01176,915751.1904,15567,25.78582,0.11839,142864.5538,71,12
81.488828,1785530289.845561,24.14748,0.01176,915699.8417,15567,25.80020,0.11839,142871.4235,71,12
81.505828,1785530289.862561,24.11127,0.01176,915588.3185,15564,25.73367,0.11839,142839.6294,71,12
81.522828,1785530289.879560,24.14334,0.01176,915687.0880,15567,25.75213,0.11839,142848.4489,71,12
81.539828,1785530289.896560,24.11406,0.01176,915596.8952,15564,25.77629,0.11756,142859.9990,72,12
81.556828,1785530289.913560,24.10470,0.01176,915568.0644,15565,25.86278,0.11839,142901.3311,71,12
81.573828,1785530289.930560,24.12358,0.01176,915626.2235,15565,25.83425,0.11839,142887.6960,71,12
81.590828,1785530289.947561,24.09573,0.01176,915540.4622,15563,26.08915,0.11839,143009.5165,71,12
81.607828,1785530289.964561,24.11860,0.01176,915610.8806,15565,25.90601,0.11839,142921.9922,71,12
81.624828,1785530289.981560,24.11773,0.01176,915608.2108,15565,25.81484,0.11839,142878.4198,71,12
81.641828,1785530289.998560,24.13641,0.01176,915665.7507,15566,25.77658,0.11839,142860.1333,71,12
81.658828,1785530290.015560,24.11363,0.01176,915595.5765,15565,25.67551,0.11839,142811.8344,71,12
81.675828,1785530290.032560,24.12625,0.01176,915634.4558,15565,26.00433,0.11756,142968.9792,72,12
81.692828,1785530290.049561,24.11862,0.01176,915610.9581,15565,25.95920,0.11839,142947.4108,71,12
81.709828,1785530290.066561,24.11988,0.01176,915614.8193,15565,25.69468,0.11839,142820.9970,71,12
81.726828,1785530290.083560,24.06368,0.01176,915441.7255,15562,25.81016,0.11839,142876.1857,71,12
81.743828,1785530290.100560,24.03111,0.01176,915341.4067,15561,25.56465,0.11839,142758.8539,71,12
81.760828,1785530290.117560,24.03022,0.01176,915338.6790,15560,25.61277,0.11839,142781.8495,71,12
81.777828,1785530290.134560,24.01696,0.01176,915297.8172,15560,25.67022,0.11839,142809.3073,71,12
81.794828,1785530290.151561,24.01331,0.01176,915286.5943,15559,25.71456,0.11756,142830.4964,72,12
81.811828,1785530290.168561,24.01102,0.01176,915279.5372,15560,25.76705,0.11839,142855.5817,71,12
81.828828,1785530290.185560,23.98875,0.01176,915210.9575,15558,25.59818,0.11839,142774.8747,71,12
81.845828,1785530290.202560,23.97024,0.01176,915153.9322,15557,25.64162,0.11839,142795.6359,71,12
81.862828,1785530290.219560,23.92199,0.01176,915005.3260,15555,25.58375,0.11839,142767.9791,71,12
81.879828,1785530290.236560,23.98081,0.01176,915186.4949,15558,25.89661,0.11839,142917.4992,71,12
81.896828,1785530290.253561,23.93551,0.01176,915046.9535,15555,25.78131,0.11839,142862.3948,71,12
81.913828,1785530290.270561,23.92258,0.01176,915007.1415,15555,25.54421,0.11756,142749.0851,72,12
81.930828,1785530290.287560,23.92121,0.01176,915002.9129,15555,25.51202,0.11839,142733.6982,71,12
81.947828,1785530290.304560,23.91399,0.01176,914980.6831,15554,25.47386,0.11839,142715.4646,71,12
81.964828,1785530290.321560,23.92807,0.01176,915024.0513,15555,25.60819,0.11839,142779.6625,71,12
81.981828,1785530290.338560,23.89627,0.01176,914926.0867,15554,25.55547,0.11839,142754.4650,71,12
81.998828,1785530290.355561,23.87442,0.01176,914858.7825,15552,25.62700,0.11839,142788.6508,71,12
82.015828,1785530290.372561,23.89955,0.01176,914936.2076,15553,25.57434,0.11839,142763.4846,71,12
82.032828,1785530290.389560,23.88819,0.01176,914901.2122,15554,25.76168,0.11839,142853.0165,71,12
82.049828,1785530290.406560,23.86684,0.01176,914835.4519,15551,25.78553,0.11756,142864.4149,72,12
82.066828,1785530290.423560,23.89457,0.01176,914920.8724,15554,25.75223,0.11839,142848.4966,71,12
82.083828,1785530290.440560,23.86807,0.01176,914839.2361,15552,25.74262,0.11839,142843.9077,71,12
82.100828,1785530290.457561,23.87693,0.01176,914866.5273,15552,25.54091,0.11839,142747.5057,71,12
82.117828,1785530290.474560,23.87061,0.01176,914847.0715,15552,25.52623,0.11839,142740.4891,71,12
82.134828,1785530290.491560,23.88433,0.01176,914889.3084,15553,25.47831,0.11839,142717.5885,71,12
82.151828,1785530290.508560,23.88910,0.01176,914904.0186,15553,25.50701,0.11839,142731.3064,71,12
82.168828,1785530290.525560,23.83990,0.01176,914752.4630,15551,25.63858,0.11756,142794.1839,72,12
82.185828,1785530290.542560,23.81576,0.01176,914678.1168,15549,25.61766,0.11839,142784.1880,71,12
82.202828,1785530290.559561,23.81107,0.01176,914663.6663,15549,25.33881,0.11839,142650.9203,71,12
82.219828,1785530290.576560,23.83019,0.01176,914722.5557,15550,25.38218,0.11839,142671.6500,71,12
82.236828,1785530290.593560,23.83129,0.01176,914725.9426,15550,25.51183,0.11839,142733.6090,71,12
82.253828,1785530290.610560,23.84917,0.01176,914781.0371,15551,25.35377,0.11839,142658.0681,71,12
82.270828,1785530290.627560,23.82490,0.01176,914706.2774,15550,25.37740,0.11839,142669.3636,71,12
82.287828,1785530290.644560,23.85123,0.01176,914787.3801,15551,25.32196,0.11756,142642.8667,72,12
82.304828,1785530290.661561,23.82721,0.01176,914713.3737,15550,25.40169,0.11839,142680.9740,71,12
82.321828,1785530290.678560,23.82184,0.01176,914696.8438,15550,25.24303,0.11839,142605.1449,71,12
82.338828,1785530290.695560,23.80145,0.01176,914634.0523,15548,25.28160,0.11839,142623.5775,71,12
82.355828,1785530290.712560,23.83899,0.01176,914749.6824,15551,25.34386,0.11839,142653.3321,71,12
82.372828,1785530290.729560,23.83048,0.01176,914723.4640,15550,25.28615,0.11839,142625.7537,71,12
82.389828,1785530290.746560,23.82726,0.01176,914713.5539,15550,25.43973,0.11839,142699.1500,71,12
82.406828,1785530290.763561,23.80063,0.01176,914631.5335,15548,25.22878,0.11839,142598.3374,71,12
82.423828,1785530290.780560,23.79798,0.01176,914623.3430,15548,25.58182,0.11756,142767.0557,72,12
82.440828,1785530290.797560,23.79481,0.01176,914613.6047,15549,25.41111,0.11839,142685.4732,71,12
82.457828,1785530290.814560,23.80064,0.01176,914631.5605,15548,25.45408,0.11839,142706.0092,71,12
82.474828,1785530290.831560,23.79062,0.01176,914600.6793,15548,25.35348,0.11839,142657.9309,71,12
82.491828,1785530290.848560,23.78623,0.01176,914587.1636,15548,25.21915,0.11839,142593.7332,71,12
82.508828,1785530290.865561,23.79288,0.01176,914607.6355,15548,25.22377,0.11839,142595.9411,71,12
82.525828,1785530290.882560,23.80138,0.01176,914633.8397,15548,25.27221,0.11839,142619.0938,71,12
82.542828,1785530290.899560,23.78537,0.01176,914584.5290,15548,25.04715,0.11756,142511.5336,72,12
82.559828,1785530290.916560,23.82032,0.01176,914692.1630,15550,24.99380,0.11839,142486.0347,71,12
82.576828,1785530290.933560,23.77530,0.01176,914553.4912,15547,25.17580,0.11839,142573.0190,71,12
82.593828,1785530290.950560,23.78738,0.01176,914590.7057,15548,25.16176,0.11839,142566.3069,71,12
82.610828,1785530290.967561,23.79076,0.01280,914601.1236,13124,25.22617,0.12878,142597.0883,60,12
83.884136,1785530292.240869,23.74065,0.00821,914446.7750,15545,24.97483,0.07412,142476.9727,71,13
83.901136,1785530292.257869,23.74354,0.00821,914455.6902,15546,25.05637,0.07412,142515.9411,71,13
83.918136,1785530292.274869,23.74318,0.00821,914454.5793,15545,25.13750,0.07412,142554.7122,71,13
83.935136,1785530292.291869,23.75631,0.00821,914495.0178,15546,24.95108,0.07412,142465.6191,71,13
83.952136,1785530292.308869,23.74313,0.00821,914454.4193,15546,24.85381,0.07361,142419.1364,72,13
83.969136,1785530292.325869,23.74416,0.00821,914457.5739,15545,24.70227,0.07412,142346.7125,71,13
83.986136,1785530292.342869,23.73506,0.00821,914429.5727,15545,24.74081,0.07412,142365.1287,71,13
84.003136,1785530292.359869,23.73474,0.00821,914428.5740,15546,24.78842,0.07412,142387.8842,71,13
84.020136,1785530292.376869,23.73257,0.00821,914421.8752,15545,24.81208,0.07412,142399.1912,71,13
84.037136,1785530292.393869,23.73428,0.00821,914427.1661,15545,24.76476,0.07412,142376.5769,71,13
84.054136,1785530292.410869,23.74276,0.00821,914453.2627,15545,24.80741,0.07412,142396.9573,71,13
84.071136,1785530292.427869,23.74662,0.00821,914465.1762,15546,24.68396,0.07361,142337.9627,72,13
84.088136,1785530292.444869,23.74173,0.00821,914450.1019,15545,24.70741,0.07412,142349.1662,71,13
84.105136,1785530292.461869,23.74324,0.00821,914454.7670,15546,24.74096,0.07412,142365.2015,71,13
84.122136,1785530292.478869,23.73286,0.00821,914422.7683,15545,24.76942,0.07412,142378.8016,71,13
84.139136,1785530292.495869,23.73593,0.00821,914432.2451,15545,24.73578,0.07412,142362.7283,71,13
84.156136,1785530292.512869,23.73719,0.00821,914436.1101,15545,24.58784,0.07412,142292.0243,71,13
84.173136,1785530292.529869,23.73963,0.00821,914443.6486,15546,24.61665,0.07412,142305.7952,71,13
84.190136,1785530292.546869,23.73945,0.00821,914443.0812,15545,24.96042,0.07412,142470.0820,71,13
84.207136,1785530292.563869,23.73456,0.00821,914428.0124,15545,25.04246,0.07361,142509.2933,72,13
84.224136,1785530292.580869,23.73442,0.00821,914427.5794,15545,24.70253,0.07412,142346.8374,71,13
84.241136,1785530292.597869,23.73677,0.00821,914434.8299,15545,24.81209,0.07412,142399.1970,71,13
84.258136,1785530292.614869,23.73829,0.00821,914439.4957,15546,25.01349,0.07412,142495.4468,71,13
84.275136,1785530292.631869,23.73789,0.00821,914438.2699,15545,24.78831,0.07412,142387.8323,71,13
84.292136,1785530292.648869,23.74082,0.00821,914447.2900,15545,24.79809,0.07412,142392.5034,71,13
84.309136,1785530292.665869,23.73903,0.00821,914441.7815,15546,24.82190,0.07412,142403.8846,71,13
84.326136,1785530292.682869,23.73313,0.00821,914423.6008,15545,24.86335,0.07361,142423.6923,72,13
84.343136,1785530292.699869,23.73367,0.00821,914425.2637,15545,24.74081,0.07412,142365.1280,71,13
84.360136,1785530292.716869,23.73497,0.00821,914429.2937,15545,24.96987,0.07412,142474.6030,71,13
84.377136,1785530292.733869,23.73449,0.00821,914427.8069,15545,24.97530,0.07412,142477.1962,71,13
84.394136,1785530292.750869,23.73284,0.00821,914422.7175,15545,24.97486,0.07412,142476.9834,71,13
84.411136,1785530292.767869,23.72987,0.00821,914413.5587,15545,24.82155,0.07412,142403.7181,71,13
84.428136,1785530292.784869,23.73427,0.00821,914427.1181,15545,25.08999,0.07412,142532.0051,71,13
84.445136,1785530292.801869,23.73258,0.00821,914421.9114,15545,24.82127,0.07361,142403.5849,72,13
84.462136,1785530292.818869,23.73227,0.00821,914420.9784,15545,24.70223,0.07412,142346.6916,71,13
84.479136,1785530292.835869,23.73680,0.00821,914434.9305,15545,24.84082,0.07412,142412.9263,71,13
84.496136,1785530292.852869,23.73371,0.00821,914425.4015,15545,24.71193,0.07412,142351.3271,71,13
84.513136,1785530292.869869,23.72888,0.00821,914410.5289,15545,24.75978,0.07412,142374.1968,71,13
84.530136,1785530292.886869,23.73401,0.00821,914426.3101,15545,24.83141,0.07412,142408.4311,71,13
84.547136,1785530292.903869,23.72903,0.00821,914410.9739,15545,24.75977,0.07412,142374.1920,71,13
84.564136,1785530292.920869,23.73099,0.00821,914417.0091,15545,24.79303,0.07412,142390.0876,71,13
84.581136,1785530292.937869,23.73226,0.00821,914420.9399,15545,24.64639,0.07361,142320.0070,72,13
84.598136,1785530292.954869,23.73726,0.00821,914436.3269,15545,24.74981,0.07412,142369.4313,71,13
84.615136,1785530292.971869,23.73340,0.00821,914424.4321,15545,24.59724,0.07412,142296.5147,71,13
84.632136,1785530292.988869,23.73341,0.00821,914424.4830,15545,24.80317,0.07412,142394.9308,71,13
84.649136,1785530293.005869,23.73567,0.00821,914431.4383,15545,24.83596,0.07412,142410.6025,71,13
84.666136,1785530293.022869,23.73394,0.00821,914426.1068,15545,24.72637,0.07412,142358.2282,71,13
84.683136,1785530293.039869,23.73031,0.00821,914414.9165,15545,24.60302,0.07412,142299.2787,71,13
84.700136,1785530293.056869,23.73346,0.00821,914424.6216,15545,24.79733,0.07361,142392.1425,72,13
84.717136,1785530293.073869,23.73228,0.00821,914421.0048,15545,24.61148,0.07412,142303.3219,71,13
84.734136,1785530293.090869,23.73127,0.00821,914417.8811,15545,24.94605,0.07412,142463.2178,71,13
84.751136,1785530293.107869,23.73370,0.00821,914425.3778,15545,24.93663,0.07412,142458.7127,71,13
84.768136,1785530293.124869,23.72963,0.00821,914412.8404,15545,24.53518,0.07412,142266.8580,71,13
84.785136,1785530293.141869,23.73232,0.00821,914421.1321,15545,24.54473,0.07412,142271.4211,71,13
84.802136,1785530293.158869,23.73227,0.00821,914420.9550,15545,25.01341,0.07412,142495.4107,71,13
84.819136,1785530293.175869,23.72794,0.00821,914407.6370,15544,24.69351,0.07361,142342.5231,72,13
84.836136,1785530293.192869,23.73341,0.00821,914424.4689,15545,24.70220,0.07412,142346.6764,71,13
84.853136,1785530293.209869,23.73088,0.00821,914416.6818,15545,24.66879,0.07412,142330.7128,71,13
84.870136,1785530293.226869,23.72876,0.00821,914410.1558,15545,24.77383,0.07412,142380.9103,71,13
84.887136,1785530293.243869,23.72483,0.00821,914398.0431,15545,24.58808,0.07412,142292.1391,71,13
84.904136,1785530293.260869,23.73240,0.00821,914421.3593,15545,24.64491,0.07412,142319.3009,71,13
84.921136,1785530293.277869,23.72924,0.00821,914411.6439,15544,24.67397,0.07412,142333.1859,71,13
84.938136,1785530293.294869,23.73115,0.00821,914417.5230,15545,24.49729,0.07412,142248.7484,71,13
84.955136,1785530293.311869,23.73134,0.00821,914418.0951,15545,24.70311,0.07361,142347.1150,72,13
84.972136,1785530293.328869,23.73200,0.00821,914420.1448,15545,24.87417,0.07412,142428.8635,71,13
84.989136,1785530293.345869,23.72100,0.00821,914386.2628,15545,25.02745,0.07412,142502.1188,71,13
85.006136,1785530293.362869,23.72967,0.00821,914412.9446,15544,24.94182,0.07412,142461.1961,71,13
85.023136,1785530293.379869,23.73002,0.00821,914414.0464,15545,24.61655,0.07412,142305.7437,71,13
85.040136,1785530293.396869,23.72935,0.00821,914411.9843,15545,24.64486,0.07412,142319.2756,71,13
85.057136,1785530293.413869,23.72989,0.00821,914413.6335,15545,24.65980,0.07412,142326.4156,71,13
85.074136,1785530293.430869,23.73199,0.00821,914420.0961,15545,24.66550,0.07361,142329.1386,72,13
85.091136,1785530293.447869,23.72649,0.00821,914403.1482,15545,24.67348,0.07412,142332.9521,71,13
85.108136,1785530293.464869,23.72767,0.00821,914406.7941,15544,24.64972,0.07412,142321.5980,71,13
85.125136,1785530293.481869,23.72818,0.00821,914408.3774,15545,24.53011,0.07412,142264.4371,71,13
85.142136,1785530293.498869,23.72541,0.00821,914399.8235,15545,24.77434,0.07412,142381.1548,71,13
85.159136,1785530293.515869,23.72935,0.00821,914411.9694,15545,24.75952,0.07412,142374.0721,71,13
85.176136,1785530293.532869,23.72843,0.00821,914409.1214,15544,24.75506,0.07412,142371.9416,71,13
85.193136,1785530293.549869,23.72845,0.00821,914409.1966,15545,24.73109,0.07361,142360.4841,72,13
85.210136,1785530293.566869,23.73130,0.00821,914417.9697,15545,24.60677,0.07412,142301.0724,71,13
85.227136,1785530293.583869,23.72820,0.00821,914408.4277,15545,24.61659,0.07412,142305.7645,71,13
85.244136,1785530293.600869,23.72694,0.00821,914404.5583,15544,24.66424,0.07412,142328.5353,71,13
85.261136,1785530293.617869,23.72793,0.00821,914407.5857,15545,24.54451,0.07412,142271.3171,71,13
85.278136,1785530293.634869,23.72963,0.00821,914412.8288,15545,24.49220,0.07412,142246.3171,71,13
85.295136,1785530293.651869,23.72906,0.00821,914411.0897,15545,24.77411,0.07412,142381.0461,71,13
85.312136,1785530293.668869,23.73313,0.00821,914423.6227,15545,24.52571,0.07412,142262.3329,71,13
85.329136,1785530293.685869,23.72542,0.00821,914399.8597,15544,24.46765,0.07361,142234.5851,72,13
85.346136,1785530293.702869,23.72903,0.00821,914410.9762,15545,24.63057,0.07412,142312.4475,71,13
85.363136,1785530293.719869,23.72388,0.00821,914395.1371,15545,24.48242,0.07412,142241.6450,71,13
85.380136,1785530293.736869,23.72725,0.00821,914405.5033,15544,24.73582,0.07412,142362.7436,71,13
85.397136,1785530293.753869,23.73052,0.00821,914415.5632,15545,24.54003,0.07412,142269.1758,71,13
85.414136,1785530293.770869,23.72595,0.00821,914401.4977,15545,24.63069,0.07412,142312.5038,71,13
85.431136,1785530293.787869,23.73156,0.00821,914418.7636,15545,24.77412,0.07412,142381.0507,71,13
85.448136,1785530293.804869,23.73035,0.00821,914415.0422,15545,24.70806,0.07361,142349.4770,72,13
85.465136,1785530293.821869,23.72631,0.00821,914402.5967,15544,24.56397,0.07412,142280.6185,71,13
85.482136,1785530293.838869,23.72761,0.00821,914406.6251,15545,24.53968,0.07412,142269.0100,71,13
85.499136,1785530293.855869,23.72246,0.00821,914390.7604,15545,24.52080,0.07412,142259.9836,71,13
85.516136,1785530293.872869,23.72894,0.00821,914410.7201,15544,24.57365,0.07412,142285.2433,71,13
85.533136,1785530293.889869,23.72553,0.00821,914400.2006,15545,24.60216,0.07412,142298.8685,71,13
85.550136,1785530293.906869,23.72458,0.00821,914397.2751,15545,24.73569,0.07412,142362.6857,71,13
85.567136,1785530293.923869,23.72740,0.00821,914405.9607,15544,24.75002,0.07412,142369.5303,71,13
85.584136,1785530293.940869,23.72274,0.00821,914391.6187,15545,24.50025,0.07361,142250.1632,72,13
85.601136,1785530293.957869,23.72275,0.00821,914391.6470,15544,24.54514,0.07412,142271.6179,71,13
85.618136,1785530293.974869,23.72820,0.00821,914408.4159,15545,24.64995,0.07412,142321.7070,71,13
85.635136,1785530293.991869,23.72976,0.00821,914413.2272,15545,24.58324,0.07412,142289.8273,71,13
85.652136,1785530294.008869,23.72707,0.00821,914404.9492,15545,24.64975,0.07412,142321.6140,71,13
85.669136,1785530294.025869,23.72798,0.00821,914407.7640,15544,24.64522,0.07412,142319.4468,71,13
85.686136,1785530294.042869,23.73795,0.00821,914438.4586,15546,24.66408,0.07412,142328.4625,71,13
85.703136,1785530294.059869,23.72837,0.00821,914408.9592,15544,24.65636,0.07361,142324.7728,72,13
85.720136,1785530294.076869,23.72791,0.00821,914407.5345,15545,24.75945,0.07412,142374.0407,71,13
85.737136,1785530294.093869,23.72078,0.00821,914385.5707,15544,24.69307,0.07412,142342.3168,71,13
85.754136,1785530294.110869,23.72627,0.00821,914402.4913,15545,24.70247,0.07412,142346.8063,71,13
85.771136,1785530294.127869,23.72385,0.00821,914395.0336,15545,24.57357,0.07412,142285.2029,71,13
85.788136,1785530294.144869,23.72684,0.00821,914404.2333,15544,24.67373,0.07412,142333.0714,71,13
85.805136,1785530294.161869,23.72412,0.00821,914395.8663,15545,24.86476,0.07412,142424.3688,71,13
85.822136,1785530294.178869,23.72401,0.00821,914395.5122,15544,24.91027,0.07361,142446.1163,72,13
85.839136,1785530294.195869,23.72541,0.00821,914399.8205,15545,24.75956,0.07412,142374.0922,71,13
85.856136,1785530294.212869,23.72639,0.00821,914402.8382,15545,24.85524,0.07412,142419.8163,71,13
85.873136,1785530294.229869,23.72426,0.00821,914396.2795,15544,24.69773,0.07412,142344.5405,71,13
85.890136,1785530294.246869,23.72217,0.00821,914389.8402,15545,24.68790,0.07412,142339.8428,71,13
85.907136,1785530294.263869,23.71966,0.00821,914382.1159,15544,24.57881,0.07412,142287.7067,71,13
85.924136,1785530294.280869,23.72512,0.00821,914398.9520,15545,24.81709,0.07412,142401.5873,71,13
85.941136,1785530294.297869,23.71982,0.00821,914382.6243,15544,24.79809,0.07412,142392.5037,71,13
85.958136,1785530294.314869,23.72023,0.00821,914383.8818,15544,24.76423,0.07361,142376.3238,72,13
85.975136,1785530294.331869,23.72342,0.00821,914393.7094,15545,24.93235,0.07412,142456.6702,71,13
85.992136,1785530294.348869,23.72654,0.00821,914403.3142,15544,24.66370,0.07412,142328.2809,71,13
86.009136,1785530294.365869,23.73206,0.00821,914420.3242,15545,24.44454,0.07412,142223.5407,71,13
86.026136,1785530294.382869,23.72522,0.00821,914399.2430,15545,24.73552,0.07412,142362.6036,71,13
86.043136,1785530294.399869,23.72787,0.00821,914407.4212,15545,24.73114,0.07412,142360.5090,71,13
86.060136,1785530294.416869,23.72764,0.00821,914406.7024,15545,24.63062,0.07412,142312.4680,71,13
86.077136,1785530294.433869,23.72881,0.00821,914410.3074,15544,24.68415,0.07361,142338.0500,72,13
86.094136,1785530294.450869,23.72789,0.00821,914407.4583,15545,24.69785,0.07412,142344.5982,71,13
86.111136,1785530294.467869,23.72941,0.00821,914412.1682,15545,24.69741,0.07412,142344.3897,71,13
86.128136,1785530294.484869,23.72514,0.00821,914398.9923,15544,24.66427,0.07412,142328.5510,71,13
86.145136,1785530294.501869,23.72440,0.00821,914396.7103,15545,24.61198,0.07412,142303.5609,71,13
86.162136,1785530294.518869,23.72223,0.00821,914390.0306,15544,24.92221,0.07412,142451.8222,71,13
86.179136,1785530294.535869,23.72019,0.00821,914383.7421,15545,24.97510,0.07412,142477.0980,71,13
86.196136,1785530294.552869,23.71993,0.00821,914382.9619,15544,24.83027,0.07361,142407.8830,72,13
86.213136,1785530294.569869,23.72848,0.00821,914409.2857,15545,24.79761,0.07412,142392.2755,71,13
86.230136,1785530294.586869,23.72427,0.00821,914396.3321,15544,24.59725,0.07412,142296.5202,71,13
86.247136,1785530294.603869,23.72299,0.00821,914392.3755,15545,24.60686,0.07412,142301.1129,71,13
86.264136,1785530294.620869,23.72221,0.00821,914389.9806,15544,24.47316,0.07412,142237.2178,71,13
86.281136,1785530294.637869,23.71964,0.00821,914382.0651,15545,24.59259,0.07412,142294.2956,71,13
86.298136,1785530294.654869,23.71966,0.00821,914382.1297,15544,24.46379,0.07412,142232.7382,71,13
86.315136,1785530294.671869,23.72108,0.00821,914386.4906,15544,24.87468,0.07412,142429.1083,71,13
86.332136,1785530294.688869,23.72764,0.00821,914406.6891,15545,24.56645,0.07361,142281.8004,72,13
86.349136,1785530294.705869,23.71782,0.00821,914376.4611,15544,24.67362,0.07412,142333.0198,71,13
86.366136,1785530294.722869,23.71935,0.00821,914381.1582,15545,24.67851,0.07412,142335.3579,71,13
86.383136,1785530294.739869,23.72053,0.00821,914384.7891,15544,24.72161,0.07412,142355.9563,71,13
86.400136,1785530294.756869,23.72552,0.00821,914400.1761,15545,24.60720,0.07412,142301.2749,71,13
86.417136,1785530294.773869,23.72289,0.00821,914392.0822,15544,24.65472,0.07412,142323.9882,71,13
86.434136,1785530294.790869,23.72299,0.00821,914392.3876,15545,24.87906,0.07412,142431.2019,71,13
86.451136,1785530294.807869,23.72163,0.00821,914388.1798,15544,24.61371,0.07361,142304.3881,72,13
86.468136,1785530294.824869,23.71888,0.00821,914379.7345,15544,24.68325,0.07412,142337.6239,71,13
86.485136,1785530294.841869,23.71890,0.00821,914379.7739,15545,24.70224,0.07412,142346.6977,71,13
86.502136,1785530294.858869,23.71853,0.00821,914378.6375,15544,24.54487,0.07412,142271.4889,71,13
86.519136,1785530294.875869,23.71800,0.00821,914377.0237,15544,24.55899,0.07412,142278.2390,71,13
86.536136,1785530294.892869,23.71899,0.00821,914380.0663,15544,24.50179,0.07412,142250.9002,71,13
86.553136,1785530294.909869,23.72480,0.00821,914397.9549,15545,24.60689,0.07412,142301.1299,71,13
86.570136,1785530294.926869,23.72302,0.00821,914392.4637,15544,24.56633,0.07361,142281.7439,72,13
86.587136,1785530294.943869,23.72216,0.00821,914389.8306,15545,24.56443,0.07412,142280.8357,71,13
86.604136,1785530294.960869,23.72518,0.00821,914399.1172,15544,24.57777,0.07412,142287.2132,71,13
86.621136,1785530294.977869,23.72192,0.00821,914389.0862,15545,24.46808,0.07412,142234.7916,71,13
86.638136,1785530294.994869,23.71451,0.00821,914366.2508,15544,24.72139,0.07412,142355.8481,71,13
86.655136,1785530295.011869,23.72319,0.00821,914392.9909,15544,24.92733,0.07412,142454.2699,71,13
86.672136,1785530295.028869,23.72270,0.00821,914391.4792,15545,24.73608,0.07412,142362.8689,71,13
86.689136,1785530295.045869,23.72581,0.00821,914401.0567,15545,24.54957,0.07412,142273.7328,71,13
86.706136,1785530295.062869,23.72403,0.00821,914395.5873,15544,24.61347,0.07361,142304.2748,72,13
86.723136,1785530295.079869,23.72410,0.00821,914395.8036,15545,24.58832,0.07412,142292.2542,71,13
86.740136,1785530295.096869,23.72458,0.00821,914397.2776,15544,24.79371,0.07412,142390.4095,71,13
86.757136,1785530295.113869,23.72904,0.00821,914411.0009,15545,24.93198,0.07412,142456.4940,71,13
86.774136,1785530295.130869,23.72677,0.00821,914404.0172,15545,24.80770,0.07412,142397.0971,71,13
86.791136,1785530295.147869,23.72190,0.00821,914389.0351,15544,24.50646,0.07412,142253.1344,71,13
86.808136,1785530295.164869,23.72050,0.00821,914384.7264,15544,24.45881,0.07412,142230.3584,71,13
86.825136,1785530295.181869,23.72326,0.00821,914393.2181,15545,24.66533,0.07361,142329.0566,72,13
86.842136,1785530295.198869,23.72181,0.00821,914388.7314,15544,24.69274,0.07412,142342.1549,71,13
86.859136,1785530295.215869,23.72159,0.00821,914388.0767,15545,24.70263,0.07412,142346.8846,71,13
86.876136,1785530295.232869,23.71780,0.00821,914376.4099,15544,24.91241,0.07412,142447.1399,71,13
86.893136,1785530295.249869,23.72133,0.00821,914387.2585,15544,25.01329,0.07412,142495.3529,71,13
86.910136,1785530295.266869,23.72018,0.00821,914383.7402,15545,24.77893,0.07412,142383.3476,71,13
86.927136,1785530295.283869,23.72025,0.00821,914383.9310,15544,24.83125,0.07412,142408.3533,71,13
86.944136,1785530295.300869,23.71941,0.00821,914381.3610,15544,24.69374,0.07361,142342.6357,72,13
86.961136,1785530295.317869,23.72003,0.00821,914383.2645,15545,24.69747,0.07412,142344.4158,71,13
86.978136,1785530295.334869,23.71774,0.00821,914376.2050,15544,24.53989,0.07412,142269.1086,71,13
86.995136,1785530295.351869,23.71703,0.00821,914374.0283,15544,24.64022,0.07412,142317.0559,71,13
87.012136,1785530295.368869,23.71711,0.00821,914374.2650,15544,24.61636,0.07412,142305.6555,71,13
87.029136,1785530295.385869,23.71985,0.00821,914382.7110,15545,24.81269,0.07412,142399.4832,71,13
87.046136,1785530295.402869,23.71996,0.00821,914383.0628,15544,24.87467,0.07412,142429.1034,71,13
87.063136,1785530295.419869,23.71799,0.00821,914376.9736,15544,24.55403,0.07412,142275.8639,71,13
87.080136,1785530295.436869,23.71757,0.00821,914375.6789,15544,24.66049,0.07361,142326.7455,72,13
87.097136,1785530295.453869,23.72050,0.00821,914384.6988,15545,24.58302,0.07412,142289.7232,71,13
87.114136,1785530295.470869,23.71989,0.00821,914382.8477,15544,24.71683,0.07412,142353.6707,71,13
87.131136,1785530295.487869,23.71970,0.00821,914382.2559,15544,24.38287,0.07412,142194.0656,71,13
87.148136,1785530295.504869,23.72303,0.00821,914392.5012,15545,24.60189,0.07412,142298.7387,71,13
87.165136,1785530295.521869,23.72372,0.00821,914394.6426,15544,24.59218,0.07412,142294.0985,71,13
87.182136,1785530295.538869,23.71866,0.00821,914379.0427,15545,24.77419,0.07412,142381.0823,71,13
87.199136,1785530295.555869,23.72246,0.00821,914390.7369,15544,24.61366,0.07361,142304.3623,72,13
87.216136,1785530295.572869,23.71941,0.00821,914381.3596,15544,24.54464,0.07412,142271.3794,71,13
87.233136,1785530295.589869,23.71968,0.00821,914382.1779,15545,24.53073,0.07412,142264.7326,71,13
87.250136,1785530295.606869,23.72440,0.00821,914396.7375,15544,24.52578,0.07412,142262.3633,71,13
87.267136,1785530295.623869,23.71849,0.00821,914378.5242,15545,24.54473,0.07412,142271.4211,71,13
87.284136,1785530295.640869,23.71965,0.00821,914382.1030,15544,24.73109,0.07412,142360.4834,71,13
87.301136,1785530295.657869,23.72134,0.00821,914387.3096,15544,25.02341,0.07412,142500.1879,71,13
87.318136,1785530295.674869,23.72006,0.00821,914383.3657,15545,24.88200,0.07361,142432.6087,72,13
87.335136,1785530295.691869,23.71964,0.00821,914382.0670,15544,24.89373,0.07412,142438.2129,71,13
87.352136,1785530295.708869,23.72203,0.00821,914389.4115,15544,24.47829,0.07412,142239.6703,71,13
87.369136,1785530295.725869,23.71611,0.00821,914371.2052,15545,24.46349,0.07412,142232.5984,71,13
87.386136,1785530295.742869,23.71785,0.00821,914376.5604,15544,24.54920,0.07412,142273.5569,71,13
87.403136,1785530295.759869,23.71883,0.00821,914379.5571,15544,24.47820,0.07412,142239.6282,71,13
87.420136,1785530295.776869,23.71829,0.00821,914377.9191,15544,24.88411,0.07412,142433.6134,71,13
87.437136,1785530295.793869,23.71642,0.00821,914372.1372,15544,24.95090,0.07412,142465.5349,71,13
87.454136,1785530295.810869,23.71695,0.00821,914373.7880,15545,24.68900,0.07361,142340.3707,72,13
87.471136,1785530295.827869,23.71317,0.00821,914362.1406,15544,24.43979,0.07412,142221.2697,71,13
87.488136,1785530295.844869,23.71782,0.00821,914376.4611,15544,24.38249,0.07412,142193.8848,71,13
87.505136,1785530295.861869,23.71687,0.00821,914373.5199,15544,24.47796,0.07412,142239.5093,71,13
87.522136,1785530295.878869,23.71724,0.00821,914374.6710,15544,24.54958,0.07412,142273.7389,71,13
87.539136,1785530295.895869,23.71590,0.00821,914370.5383,15544,24.40211,0.07412,142203.2638,71,13
87.556136,1785530295.912869,23.71424,0.00821,914365.4433,15544,24.66870,0.07412,142330.6660,71,13
87.573136,1785530295.929869,23.72457,0.00821,914397.2517,15545,24.64656,0.07361,142320.0891,72,13
87.590136,1785530295.946869,23.71982,0.00821,914382.6240,15544,24.51189,0.07412,142255.7281,71,13
87.607136,1785530295.963869,23.71490,0.00821,914367.4585,15544,24.48273,0.07412,142241.7907,71,13
87.624136,1785530295.980869,23.71895,0.00821,914379.9392,15544,24.51624,0.07412,142257.8062,71,13
87.641136,1785530295.997869,23.72101,0.00821,914386.2878,15545,24.40170,0.07412,142203.0668,71,13
87.658136,1785530296.014869,23.71881,0.00821,914379.5090,15544,24.50200,0.07412,142250.9995,71,13
87.675136,1785530296.031869,23.71566,0.00821,914369.7916,15544,24.42084,0.07412,142212.2122,71,13
87.692136,1785530296.048869,23.71504,0.00821,914367.8896,15544,24.45354,0.07361,142227.8411,72,13
87.709136,1785530296.065869,23.71161,0.00821,914357.3284,15544,24.55019,0.07412,142274.0298,71,13
87.726136,1785530296.082869,23.71629,0.00821,914371.7433,15544,24.45880,0.07412,142230.3535,71,13
87.743136,1785530296.099869,23.72036,0.00821,914384.2873,15545,24.46810,0.07412,142234.8017,71,13
87.760136,1785530296.116869,23.71771,0.00821,914376.1040,15544,24.45442,0.07412,142228.2633,71,13
87.777136,1785530296.133869,23.71798,0.00821,914376.9483,15544,24.48297,0.07412,142241.9051,71,13
87.794136,1785530296.150869,23.72355,0.00821,914394.1140,15545,24.54974,0.07412,142273.8160,71,13
87.811136,1785530296.167869,23.72026,0.00821,914383.9822,15544,24.47829,0.07412,142239.6709,71,13
87.828136,1785530296.184869,23.72022,0.00821,914383.8425,15544,24.59945,0.07361,142297.5730,72,13
87.845136,1785530296.201869,23.72212,0.00821,914389.6895,15545,24.36847,0.07412,142187.1864,71,13
87.862136,1785530296.218869,23.72079,0.00821,914385.5938,15544,24.55433,0.07412,142276.0103,71,13
87.879136,1785530296.235869,23.72579,0.00821,914401.0204,15545,24.44477,0.07412,142223.6497,71,13
87.896136,1785530296.252869,23.72020,0.00821,914383.7814,15544,24.40160,0.07412,142203.0198,71,13
87.913136,1785530296.269869,23.72314,0.00821,914392.8388,15545,24.34466,0.07412,142175.8055,71,13
87.930136,1785530296.286869,23.72248,0.00821,914390.8145,15544,24.27313,0.07412,142141.6231,71,13
87.947136,1785530296.303869,23.71733,0.00821,914374.9463,15544,24.59465,0.07361,142295.2773,72,13
87.964136,1785530296.320869,23.71937,0.00821,914381.2341,15545,24.64493,0.07412,142319.3063,71,13
87.981136,1785530296.337869,23.71886,0.00821,914379.6581,15544,24.56869,0.07412,142282.8738,71,13
87.998136,1785530296.354869,23.71867,0.00821,914379.0831,15544,24.58310,0.07412,142289.7586,71,13
88.015136,1785530296.371869,23.71859,0.00821,914378.8273,15544,24.49244,0.07412,142246.4312,71,13
88.032136,1785530296.388869,23.72188,0.00821,914388.9622,15545,24.63570,0.07412,142314.8951,71,13
88.049136,1785530296.405869,23.71937,0.00821,914381.2463,15544,24.32545,0.07412,142166.6233,71,13
88.066136,1785530296.422869,23.71325,0.00821,914362.3962,15544,24.55719,0.07361,142277.3784,72,13
88.083136,1785530296.439869,23.70980,0.00821,914351.7430,15544,24.47308,0.07412,142237.1813,71,13
88.100136,1785530296.456869,23.71299,0.00821,914361.5904,15544,24.77396,0.07412,142380.9734,71,13
88.117136,1785530296.473869,23.71048,0.00821,914353.8382,15544,24.57351,0.07412,142285.1763,71,13
88.134136,1785530296.490869,23.71548,0.00821,914369.2593,15544,24.52111,0.07412,142260.1337,71,13
88.151136,1785530296.507869,23.71475,0.00821,914367.0073,15544,24.55436,0.07412,142276.0251,71,13
88.168136,1785530296.524869,23.71704,0.00821,914374.0401,15544,24.71661,0.07412,142353.5668,71,13
88.185136,1785530296.541869,23.71422,0.00821,914365.3567,15544,24.86015,0.07412,142422.1654,71,13
88.202136,1785530296.558869,23.71995,0.00821,914383.0122,15544,24.66996,0.07361,142331.2703,72,13
88.219136,1785530296.575869,23.71947,0.00821,914381.5513,15545,24.42517,0.07412,142214.2807,71,13
88.236136,1785530296.592869,23.71717,0.00821,914374.4514,15544,24.66920,0.07412,142330.9052,71,13
88.253136,1785530296.609869,23.71422,0.00821,914365.3553,15544,24.54000,0.07412,142269.1608,71,13
88.270136,1785530296.626869,23.71373,0.00821,914363.8576,15544,24.35859,0.07412,142182.4627,71,13
88.287136,1785530296.643869,23.71190,0.00821,914358.2135,15544,24.24454,0.07412,142127.9561,71,13
88.304136,1785530296.660869,23.71587,0.00821,914370.4613,15544,24.53042,0.07412,142264.5825,71,13
88.321136,1785530296.677869,23.71631,0.00821,914371.8041,15544,24.52409,0.07361,142261.5598,72,13
88.338136,1785530296.694869,23.71729,0.00821,914374.8093,15544,24.44942,0.07412,142225.8744,71,13
88.355136,1785530296.711869,23.71761,0.00821,914375.8153,15544,24.65985,0.07412,142326.4366,71,13
88.372136,1785530296.728869,23.71942,0.00821,914381.3713,15545,24.51175,0.07412,142255.6599,71,13
88.389136,1785530296.745869,23.71856,0.00821,914378.7266,15544,24.34419,0.07412,142175.5825,71,13
88.406136,1785530296.762869,23.71756,0.00821,914375.6550,15544,24.46834,0.07412,142234.9156,71,13
88.423136,1785530296.779869,23.71802,0.00821,914377.0746,15544,24.44452,0.07412,142223.5305,71,13
88.440136,1785530296.796869,23.71694,0.00821,914373.7495,15545,24.58033,0.07361,142288.4368,72,13
88.457136,1785530296.813869,23.71942,0.00821,914381.3995,15544,24.38233,0.07412,142193.8070,71,13
88.474136,1785530296.830869,23.71134,0.00821,914356.4970,15544,24.51162,0.07412,142255.5982,71,13
88.491136,1785530296.847869,23.71081,0.00821,914354.8593,15544,24.41087,0.07412,142207.4477,71,13
88.508136,1785530296.864869,23.71770,0.00821,914376.0900,15544,24.59246,0.07412,142294.2333,71,13
88.525136,1785530296.881869,23.71420,0.00821,914365.3049,15544,24.64040,0.07412,142317.1444,71,13
88.542136,1785530296.898869,23.71378,0.00821,914364.0125,15544,24.53506,0.07412,142266.8013,71,13
88.559136,1785530296.915869,23.71742,0.00821,914375.2220,15544,24.50166,0.07412,142250.8377,71,13
88.576136,1785530296.932869,23.71781,0.00821,914376.4231,15544,24.39717,0.07361,142200.9029,72,13
88.593136,1785530296.949869,23.71660,0.00821,914372.7136,15544,24.47337,0.07412,142237.3157,71,13
88.610136,1785530296.966869,23.71271,0.00821,914360.7326,15544,24.43005,0.07412,142216.6140,71,13
88.627136,1785530296.983869,23.70774,0.00821,914345.4174,15544,24.48264,0.07412,142241.7494,71,13
88.644136,1785530297.000869,23.71311,0.00821,914361.9522,15544,24.46355,0.07412,142232.6242,71,13
88.661136,1785530297.017869,23.71421,0.00821,914365.3297,15544,24.53041,0.07412,142264.5775,71,13
88.678136,1785530297.034869,23.71561,0.00821,914369.6420,15544,24.43987,0.07412,142221.3057,71,13
88.695136,1785530297.051869,23.70690,0.00821,914342.8220,15544,24.43959,0.07361,142221.1746,72,13
88.712136,1785530297.068869,23.70966,0.00821,914351.3185,15544,24.44924,0.07412,142225.7857,71,13
88.729136,1785530297.085869,23.71819,0.00821,914377.5942,15544,24.66417,0.07412,142328.5043,71,13
88.746136,1785530297.102869,23.71799,0.00821,914376.9868,15544,24.47312,0.07412,142237.1969,71,13
88.763136,1785530297.119869,23.71535,0.00821,914368.8472,15544,24.49236,0.07412,142246.3949,71,13
88.780136,1785530297.136869,23.71533,0.00821,914368.7853,15544,24.40145,0.07412,142202.9475,71,13
88.797136,1785530297.153869,23.71128,0.00821,914356.3224,15544,24.46843,0.07412,142234.9574,71,13
88.814136,1785530297.170869,23.71657,0.00821,914372.6005,15544,24.49139,0.07361,142245.9296,72,13
88.831136,1785530297.187869,23.71215,0.00821,914358.9939,15544,24.35448,0.07412,142180.4972,71,13
88.848136,1785530297.204869,23.72246,0.00821,914390.7359,15545,24.34466,0.07412,142175.8053,71,13
88.865136,1785530297.221869,23.71767,0.00821,914376.0039,15544,24.25407,0.07412,142132.5133,71,13
88.882136,1785530297.238869,23.71875,0.00821,914379.3083,15544,24.69760,0.07412,142344.4781,71,13
88.899136,1785530297.255869,23.71150,0.00821,914356.9865,15544,24.59215,0.07412,142294.0829,71,13
88.916136,1785530297.272869,23.71428,0.00821,914365.5687,15544,24.63523,0.07412,142314.6709,71,13
88.933136,1785530297.289869,23.71564,0.00821,914369.7295,15544,24.64537,0.07412,142319.5186,71,13
88.950136,1785530297.306869,23.72027,0.00894,914383.9888,13121,24.39984,0.08063,142202.1762,60,13
90.521520,1785530298.878253,23.70853,0.00857,914347.8389,15544,24.21114,0.07443,142111.9978,71,14
90.538520,1785530298.895253,23.71451,0.00857,914366.2521,15544,24.18541,0.07391,142099.6984,72,14
90.555520,1785530298.912253,23.71104,0.00857,914355.5650,15544,24.13981,0.07443,142077.9086,71,14
90.572520,1785530298.929253,23.71660,0.00857,914372.7141,15544,24.19644,0.07443,142104.9679,71,14
90.589520,1785530298.946253,23.71590,0.00857,914370.5353,15544,24.24917,0.07443,142130.1701,71,14
90.606520,1785530298.963253,23.71246,0.00857,914359.9496,15544,24.16334,0.07443,142089.1492,71,14
90.623520,1785530298.980253,23.71886,0.00857,914379.6704,15544,24.23501,0.07443,142123.4035,71,14
90.640520,1785530298.997253,23.71150,0.00857,914356.9851,15544,24.26831,0.07443,142139.3158,71,14
90.657520,1785530299.014253,23.71383,0.00857,914364.1629,15544,24.13879,0.07391,142077.4170,72,14
90.674520,1785530299.031253,23.71091,0.00857,914355.1725,15544,24.29245,0.07443,142150.8565,71,14
90.691520,1785530299.048253,23.71644,0.00857,914372.2123,15544,24.31107,0.07443,142159.7542,71,14
90.708520,1785530299.065253,23.71257,0.00857,914360.2883,15544,24.19703,0.07443,142105.2521,71,14
90.725520,1785530299.082253,23.71215,0.00857,914358.9951,15544,24.11101,0.07443,142064.1436,71,14
90.742520,1785530299.099253,23.71225,0.00857,914359.2922,15544,24.16838,0.07443,142091.5608,71,14
90.759520,1785530299.116253,23.71273,0.00857,914360.7700,15544,24.24902,0.07443,142130.0980,71,14
90.776520,1785530299.133253,23.71254,0.00857,914360.2012,15544,24.19060,0.07391,142102.1777,72,14
90.793520,1785530299.150253,23.71646,0.00857,914372.2643,15544,24.30608,0.07443,142157.3693,71,14
90.810520,1785530299.167253,23.71578,0.00857,914370.1683,15544,24.11576,0.07443,142066.4145,71,14
90.827520,1785530299.184253,23.71677,0.00857,914373.2087,15544,24.23933,0.07443,142125.4680,71,14
90.844520,1785530299.201253,23.71477,0.00857,914367.0698,15544,24.19657,0.07443,142105.0301,71,14
90.861520,1785530299.218253,23.71215,0.00857,914358.9807,15544,24.32076,0.07443,142164.3846,71,14
90.878520,1785530299.235253,23.71549,0.00857,914369.2736,15544,24.34937,0.07443,142178.0563,71,14
90.895520,1785530299.252253,23.71354,0.00857,914363.2672,15544,24.26370,0.07443,142137.1125,71,14
90.912520,1785530299.269253,23.72044,0.00857,914384.5346,15545,24.27498,0.07391,142142.5060,72,14
90.929520,1785530299.286253,23.71477,0.00857,914367.0574,15544,24.43942,0.07443,142221.0935,71,14
90.946520,1785530299.303253,23.71284,0.00857,914361.1203,15544,24.23003,0.07443,142121.0244,71,14
90.963520,1785530299.320253,23.71621,0.00857,914371.4830,15544,24.33559,0.07443,142171.4706,71,14
90.980520,1785530299.337253,23.71311,0.00857,914361.9536,15544,24.41123,0.07443,142207.6186,71,14
90.997520,1785530299.354253,23.71676,0.00857,914373.1961,15544,24.31116,0.07443,142159.7953,71,14
91.014520,1785530299.371253,23.71562,0.00857,914369.6802,15544,24.31102,0.07443,142159.7282,71,14
91.031520,1785530299.388253,23.71282,0.00857,914361.0697,15544,24.28439,0.07391,142147.0004,72,14
91.048520,1785530299.405253,23.71530,0.00857,914368.7083,15544,24.47304,0.07443,142237.1605,71,14
91.065520,1785530299.422253,23.71561,0.00857,914369.6409,15544,24.31118,0.07443,142159.8059,71,14
91.082520,1785530299.439253,23.71532,0.00857,914368.7465,15544,24.38725,0.07443,142196.1611,71,14
91.099520,1785530299.456253,23.71019,0.00857,914352.9565,15544,24.21598,0.07443,142114.3098,71,14
91.116520,1785530299.473253,23.70949,0.00857,914350.8107,15544,24.13029,0.07443,142073.3563,71,14
91.133520,1785530299.490253,23.72036,0.00857,914384.2870,15544,24.26823,0.07443,142139.2795,71,14
91.150520,1785530299.507253,23.71424,0.00857,914365.4191,15544,24.29422,0.07391,142151.6987,72,14
91.167520,1785530299.524253,23.71114,0.00857,914355.8779,15544,24.16343,0.07443,142089.1958,71,14
91.184520,1785530299.541253,23.70737,0.00857,914344.2619,15544,24.36844,0.07443,142187.1695,71,14
91.201520,1785530299.558253,23.70982,0.00857,914351.8309,15543,24.35864,0.07443,142182.4885,71,14
91.218520,1785530299.575253,23.71076,0.00857,914354.7213,15544,24.45912,0.07443,142230.5092,71,14
91.235520,1785530299.592253,23.71118,0.00857,914356.0159,15544,24.50150,0.07443,142250.7599,71,14
91.252520,1785530299.609253,23.71217,0.00857,914359.0446,15544,24.29210,0.07443,142150.6865,71,14
91.269520,1785530299.626253,23.71645,0.00857,914372.2264,15544,24.36843,0.07443,142187.1651,71,14
91.286520,1785530299.643253,23.70950,0.00857,914350.8351,15544,24.30772,0.07391,142158.1513,72,14
91.303520,1785530299.660253,23.70855,0.00857,914347.9143,15544,24.25880,0.07443,142134.7740,71,14
91.320520,1785530299.677253,23.71162,0.00857,914357.3680,15544,24.26812,0.07443,142139.2276,71,14
91.337520,1785530299.694253,23.71449,0.00857,914366.1861,15544,24.37795,0.07443,142191.7176,71,14
91.354520,1785530299.711253,23.71341,0.00857,914362.8721,15544,24.44469,0.07443,142223.6130,71,14
91.371520,1785530299.728253,23.71368,0.00857,914363.7170,15544,24.21136,0.07443,142112.1016,71,14
91.388520,1785530299.745253,23.71405,0.00857,914364.8543,15544,24.38259,0.07443,142193.9311,71,14
91.405520,1785530299.762253,23.71178,0.00857,914357.8443,15544,24.38377,0.07391,142194.4963,72,14
91.422520,1785530299.779253,23.70775,0.00857,914345.4289,15543,24.33498,0.07443,142171.1809,71,14
91.439520,1785530299.796253,23.71188,0.00857,914358.1620,15544,24.39680,0.07443,142200.7234,71,14
91.456520,1785530299.813253,23.70955,0.00857,914350.9754,15544,24.32542,0.07443,142166.6128,71,14
91.473520,1785530299.830253,23.70881,0.00857,914348.6956,15544,24.43020,0.07443,142216.6868,71,14
91.490520,1785530299.847253,23.71505,0.00857,914367.9281,15544,24.55904,0.07443,142278.2596,71,14
91.507520,1785530299.864253,23.70937,0.00857,914350.4362,15544,24.46373,0.07443,142232.7120,71,14
91.524520,1785530299.881253,23.71107,0.00857,914355.6655,15543,24.41592,0.07391,142209.8603,72,14
91.541520,1785530299.898253,23.71201,0.00857,914358.5480,15544,24.37820,0.07443,142191.8356,71,14
91.558520,1785530299.915253,23.70910,0.00857,914349.5902,15544,24.37837,0.07443,142191.9150,71,14
91.575520,1785530299.932253,23.70968,0.00857,914351.3792,15544,24.39223,0.07443,142198.5399,71,14
91.592520,1785530299.949253,23.70469,0.00857,914336.0150,15543,24.21596,0.07443,142114.3001,71,14
91.609520,1785530299.966253,23.70284,0.00857,914330.3093,15544,24.20134,0.07443,142107.3121,71,14
91.626520,1785530299.983253,23.70937,0.00857,914350.4238,15544,24.37743,0.07443,142191.4683,71,14
91.643520,1785530300.000253,23.71395,0.00857,914364.5231,15544,24.45400,0.07443,142228.0615,71,14
91.660520,1785530300.017253,23.71053,0.00857,914354.0010,15543,24.52466,0.07391,142261.8319,72,14
91.677520,1785530300.034253,23.71076,0.00857,914354.7213,15544,24.37314,0.07443,142189.4155,71,14
91.694520,1785530300.051253,23.71393,0.00857,914364.4730,15544,24.50197,0.07443,142250.9880,71,14
91.711520,1785530300.068253,23.70994,0.00857,914352.1737,15544,24.13974,0.07443,142077.8726,71,14
91.728520,1785530300.085253,23.71174,0.00857,914357.7180,15544,24.12048,0.07443,142068.6699,71,14
91.745520,1785530300.102253,23.71020,0.00857,914352.9820,15544,24.23520,0.07443,142123.4918,71,14
91.762520,1785530300.119253,23.70771,0.00857,914345.3041,15544,24.31606,0.07443,142162.1390,71,14
91.779520,1785530300.136253,23.71454,0.00857,914366.3506,15544,24.29377,0.07391,142151.4839,72,14
91.796520,1785530300.153253,23.71312,0.00857,914361.9902,15544,24.01595,0.07443,142018.7101,71,14
91.813520,1785530300.170253,23.70913,0.00857,914349.6898,15543,24.46853,0.07443,142235.0042,71,14
91.830520,1785530300.187253,23.70911,0.00857,914349.6155,15544,24.39186,0.07443,142198.3640,71,14
91.847520,1785530300.204253,23.71230,0.00857,914359.4460,15544,24.27307,0.07443,142141.5915,71,14
91.864520,1785530300.221253,23.71955,0.00857,914381.7791,15544,24.22083,0.07443,142116.6277,71,14
91.881520,1785530300.238253,23.71401,0.00857,914364.7128,15544,24.25437,0.07443,142132.6539,71,14
91.898520,1785530300.255253,23.70935,0.00857,914350.3842,15544,24.08239,0.07391,142050.4635,72,14
91.915520,1785530300.272253,23.71507,0.00857,914367.9908,15544,24.19227,0.07443,142102.9761,71,14
91.932520,1785530300.289253,23.71601,0.00857,914370.8852,15544,24.19686,0.07443,142105.1701,71,14
91.949520,1785530300.306253,23.71161,0.00857,914357.3180,15544,24.28741,0.07443,142148.4459,71,14
91.966520,1785530300.323253,23.70914,0.00857,914349.7173,15544,24.21605,0.07443,142114.3417,71,14
91.983520,1785530300.340253,23.71425,0.00857,914365.4697,15544,24.15891,0.07443,142087.0336,71,14
92.000520,1785530300.357253,23.71109,0.00857,914355.7424,15544,24.28745,0.07443,142148.4673,71,14
92.017520,1785530300.374253,23.70746,0.00857,914344.5477,15543,24.45415,0.07443,142228.1345,71,14
92.034520,1785530300.391253,23.70798,0.00857,914346.1638,15544,24.31752,0.07391,142162.8336,72,14
92.051520,1785530300.408253,23.70803,0.00857,914346.3126,15544,24.39690,0.07443,142200.7699,71,14
92.068520,1785530300.425253,23.70556,0.00857,914338.6853,15543,24.28698,0.07443,142148.2389,71,14
92.085520,1785530300.442253,23.70995,0.00857,914352.2260,15544,24.25376,0.07443,142132.3633,71,14
92.102520,1785530300.459253,23.70689,0.00857,914342.7967,15544,24.17780,0.07443,142096.0598,71,14
92.119520,1785530300.476253,23.70541,0.00857,914338.2349,15543,24.29679,0.07443,142152.9309,71,14
92.136520,1785530300.493253,23.70634,0.00857,914341.0825,15544,24.21108,0.07443,142111.9665,71,14
92.153520,1785530300.510253,23.70452,0.00857,914335.4896,15544,24.35988,0.07391,142183.0805,72,14
92.170520,1785530300.527253,23.70577,0.00857,914339.3421,15543,24.33504,0.07443,142171.2074,71,14
92.187520,1785530300.544253,23.70619,0.00857,914340.6316,15544,24.44956,0.07443,142225.9412,71,14
92.204520,1785530300.561253,23.70066,0.00857,914323.6016,15543,24.37318,0.07443,142189.4361,71,14
92.221520,1785530300.578253,23.70014,0.00857,914322.0001,15543,24.23980,0.07443,142125.6943,71,14
92.238520,1785530300.595253,23.69997,0.00857,914321.4761,15544,24.43006,0.07443,142216.6194,71,14
92.255520,1785530300.612253,23.69822,0.00857,914316.0766,15543,24.11556,0.07443,142066.3160,71,14
92.272520,1785530300.629253,23.69961,0.00857,914320.3746,15543,24.28908,0.07391,142149.2452,72,14
92.289520,1785530300.646253,23.70450,0.00857,914335.4272,15544,24.42557,0.07443,142214.4725,71,14
92.306520,1785530300.663253,23.70458,0.00857,914335.6650,15543,24.38720,0.07443,142196.1345,71,14
92.323520,1785530300.680253,23.70496,0.00857,914336.8484,15544,24.32096,0.07443,142164.4815,71,14
92.340520,1785530300.697253,23.70155,0.00857,914326.3473,15543,24.34916,0.07443,142177.9571,71,14
92.357520,1785530300.714253,23.70427,0.00857,914334.7077,15544,24.32042,0.07443,142164.2235,71,14
92.374520,1785530300.731253,23.70463,0.00857,914335.8157,15543,24.37784,0.07443,142191.6655,71,14
92.391520,1785530300.748253,23.69880,0.00857,914317.8641,15543,24.20603,0.07443,142109.5513,71,14
92.408520,1785530300.765253,23.69613,0.00857,914309.6508,15543,24.25160,0.07391,142131.3301,72,14
92.425520,1785530300.782253,23.70120,0.00857,914325.2795,15544,24.03966,0.07443,142030.0438,71,14
92.442520,1785530300.799253,23.68887,0.00857,914287.2859,15542,24.06803,0.07443,142043.6023,71,14
92.459520,1785530300.816253,23.70276,0.00857,914330.0595,15544,24.15405,0.07443,142084.7114,71,14
92.476520,1785530300.833253,23.69450,0.00857,914304.6314,15543,24.46815,0.07443,142234.8223,71,14
92.493520,1785530300.850253,23.69849,0.00857,914316.9193,15543,24.34053,0.07443,142173.8308,71,14
92.510520,1785530300.867253,23.69161,0.00857,914295.7228,15543,24.50686,0.07443,142253.3214,71,14
92.527520,1785530300.884253,23.69723,0.00857,914313.0293,15543,24.52890,0.07391,142263.8555,72,14
92.544520,1785530300.901253,23.69701,0.00857,914312.3453,15543,24.54966,0.07443,142273.7802,71,14
92.561520,1785530300.918253,23.69934,0.00857,914319.5300,15543,24.27324,0.07443,142141.6752,71,14
92.578520,1785530300.935253,23.69616,0.00857,914309.7380,15543,24.06384,0.07443,142041.5993,71,14
92.595520,1785530300.952253,23.69722,0.00857,914313.0167,15543,24.32528,0.07443,142166.5457,71,14
92.612520,1785530300.969253,23.69722,0.00857,914312.9923,15544,24.37814,0.07443,142191.8051,71,14
92.629520,1785530300.986253,23.69584,0.00857,914308.7558,15543,24.26354,0.07443,142137.0391,71,14
92.646520,1785530301.003253,23.69961,0.00857,914320.3598,15543,24.33634,0.07391,142171.8322,72,14
92.663520,1785530301.020253,23.69874,0.00857,914317.6762,15543,24.23008,0.07443,142121.0451,71,14
92.680520,1785530301.037253,23.70482,0.00857,914336.4095,15544,24.02547,0.07443,142023.2625,71,14
92.697520,1785530301.054253,23.70831,0.00857,914347.1688,15543,24.01626,0.07443,142018.8599,71,14
92.714520,1785530301.071253,23.71613,0.00857,914371.2550,15545,24.15857,0.07443,142086.8732,71,14
92.731520,1785530301.088253,23.70204,0.00857,914327.8383,15543,23.96816,0.07443,141995.8724,71,14
92.748520,1785530301.105253,23.70442,0.00857,914335.1814,15543,24.12553,0.07443,142071.0798,71,14
92.765520,1785530301.122253,23.70731,0.00857,914344.0724,15544,24.29677,0.07443,142152.9209,71,14
92.782520,1785530301.139253,23.69987,0.00857,914321.1554,15543,24.17641,0.07391,142095.3980,72,14
92.799520,1785530301.156253,23.70396,0.00857,914333.7759,15544,24.21587,0.07443,142114.2584,71,14
92.816520,1785530301.173253,23.70099,0.00857,914324.6080,15543,24.22973,0.07443,142120.8798,71,14
92.833520,1785530301.190253,23.69813,0.00857,914315.7995,15543,24.25380,0.07443,142132.3842,71,14
92.850520,1785530301.207253,23.70153,0.00857,914326.2872,15544,24.36826,0.07443,142187.0867,71,14
92.867520,1785530301.224253,23.69283,0.00857,914299.4890,15543,24.29198,0.07443,142150.6287,71,14
92.884520,1785530301.241253,23.69386,0.00857,914302.6537,15543,24.41596,0.07443,142209.8796,71,14
92.901520,1785530301.258253,23.69256,0.00857,914298.6670,15542,24.30770,0.07391,142158.1408,72,14
92.918520,1785530301.275253,23.69751,0.00857,914313.8897,15544,24.15420,0.07443,142084.7828,71,14
92.935520,1785530301.292253,23.70435,0.00857,914334.9821,15543,24.06317,0.07443,142041.2798,71,14
92.952520,1785530301.309253,23.69226,0.00857,914297.7249,15543,24.02034,0.07443,142020.8104,71,14
92.969520,1785530301.326253,23.69478,0.00857,914305.5016,15543,24.04466,0.07443,142032.4343,71,14
92.986520,1785530301.343253,23.69466,0.00857,914305.1139,15543,24.24890,0.07443,142130.0404,71,14
93.003520,1785530301.360253,23.69396,0.00857,914302.9558,15543,24.12591,0.07443,142071.2611,71,14
93.020520,1785530301.377253,23.68214,0.00857,914266.5753,15542,24.28894,0.07391,142149.1784,72,14
93.037520,1785530301.394253,23.69587,0.00857,914308.8430,15543,24.14910,0.07443,142082.3467,71,14
93.054520,1785530301.411253,23.69836,0.00857,914316.5206,15543,24.12564,0.07443,142071.1328,71,14
93.071520,1785530301.428253,23.69722,0.00857,914313.0055,15544,24.13954,0.07443,142077.7796,71,14
93.088520,1785530301.445253,23.69423,0.00857,914303.7867,15543,24.17764,0.07443,142095.9877,71,14
93.105520,1785530301.462253,23.69642,0.00857,914310.5565,15543,24.21087,0.07443,142111.8687,71,14
93.122520,1785530301.479253,23.70349,0.00857,914332.3112,15543,24.07790,0.07443,142048.3199,71,14
93.139520,1785530301.496253,23.69876,0.00857,914317.7510,15543,24.16842,0.07443,142091.5800,71,14
93.156520,1785530301.513253,23.69697,0.00857,914312.2334,15543,24.20916,0.07391,142111.0480,72,14
93.173520,1785530301.530253,23.69450,0.00857,914304.6440,15543,24.28717,0.07443,142148.3322,71,14
93.190520,1785530301.547253,23.70203,0.00857,914327.8273,15544,24.26350,0.07443,142137.0189,71,14
93.207520,1785530301.564253,23.69810,0.00857,914315.7250,15543,24.23455,0.07443,142123.1815,71,14
93.224520,1785530301.581253,23.70099,0.00857,914324.6096,15543,23.96346,0.07443,141993.6271,71,14
93.241520,1785530301.598253,23.69724,0.00857,914313.0775,15543,23.95412,0.07443,141989.1629,71,14
93.258520,1785530301.615253,23.69634,0.00857,914310.3104,15544,23.95903,0.07443,141991.5111,71,14
93.275520,1785530301.632253,23.69561,0.00857,914308.0347,15543,24.05425,0.07391,142037.0171,72,14
93.292520,1785530301.649253,23.69862,0.00857,914317.3133,15543,24.04002,0.07443,142030.2140,71,14
93.309520,1785530301.666253,23.69955,0.00857,914320.1989,15543,24.04446,0.07443,142032.3353,71,14
93.326520,1785530301.683253,23.67991,0.00857,914259.6819,15542,23.99236,0.07443,142007.4384,71,14
93.343520,1785530301.700253,23.68678,0.00857,914280.8508,15543,24.04924,0.07443,142034.6218,71,14
93.360520,1785530301.717253,23.68584,0.00857,914277.9558,15542,24.07291,0.07443,142045.9351,71,14
93.377520,1785530301.734253,23.69025,0.00857,914291.5370,15543,24.04437,0.07443,142032.2941,71,14
93.394520,1785530301.751253,23.68869,0.00857,914286.7275,15543,24.03560,0.07391,142028.1053,72,14
93.411520,1785530301.768253,23.68211,0.00857,914266.4641,15542,23.98264,0.07443,142002.7931,71,14
93.428520,1785530301.785253,23.68597,0.00857,914278.3444,15543,24.07823,0.07443,142048.4747,71,14
93.445520,1785530301.802253,23.67823,0.00857,914254.5144,15542,24.03982,0.07443,142030.1215,71,14
93.462520,1785530301.819253,23.67954,0.00857,914258.5473,15542,23.94520,0.07443,141984.8995,71,14
93.479520,1785530301.836253,23.67864,0.00857,914255.7897,15542,24.13492,0.07443,142075.5702,71,14
93.496520,1785530301.853253,23.68400,0.00857,914272.2950,15543,24.10651,0.07443,142061.9911,71,14
93.513520,1785530301.870253,23.67814,0.00857,914254.2499,15542,24.31134,0.07443,142159.8832,71,14
93.530520,1785530301.887253,23.68833,0.00857,914285.6215,15542,24.27993,0.07391,142144.8734,72,14
93.547520,1785530301.904253,23.68963,0.00857,914289.6239,15543,24.16895,0.07443,142091.8339,71,14
93.564520,1785530301.921253,23.68295,0.00857,914269.0477,15542,24.03987,0.07443,142030.1421,71,14
93.581520,1785530301.938253,23.67506,0.00857,914244.7592,15542,24.03012,0.07443,142025.4819,71,14
93.598520,1785530301.955253,23.68180,0.00857,914265.4994,15543,24.12562,0.07443,142071.1269,71,14
93.615520,1785530301.972253,23.67786,0.00857,914253.3673,15542,24.07748,0.07443,142048.1183,71,14
93.632520,1785530301.989253,23.68592,0.00857,914278.1902,15542,24.05392,0.07443,142036.8568,71,14
93.649520,1785530302.006253,23.68044,0.00857,914261.3134,15543,23.99833,0.07391,142010.2925,72,14
93.666520,1785530302.023253,23.68235,0.00857,914267.1966,15542,24.15373,0.07443,142084.5611,71,14
93.683520,1785530302.040253,23.67195,0.00857,914235.1794,15542,24.34912,0.07443,142177.9368,71,14
93.700520,1785530302.057253,23.68268,0.00857,914268.2272,15542,24.20653,0.07443,142109.7940,71,14
93.717520,1785530302.074253,23.67677,0.00857,914250.0141,15542,24.04427,0.07443,142032.2474,71,14
93.734520,1785530302.091253,23.67278,0.00857,914237.7396,15542,24.03978,0.07443,142030.1006,71,14
93.751520,1785530302.108253,23.67897,0.00857,914256.8098,15542,24.21131,0.07443,142112.0758,71,14
93.768520,1785530302.125253,23.68538,0.00857,914276.5295,15543,24.22336,0.07391,142117.8372,72,14
93.785520,1785530302.142253,23.67730,0.00857,914251.6534,15542,24.05389,0.07443,142036.8465,71,14
93.802520,1785530302.159253,23.66493,0.00857,914213.5416,15541,23.99215,0.07443,142007.3402,71,14
93.819520,1785530302.176253,23.66777,0.00857,914222.2855,15542,24.36362,0.07443,142184.8678,71,14
93.836520,1785530302.193253,23.67029,0.00857,914230.0678,15541,24.42573,0.07443,142214.5501,71,14
93.853520,1785530302.210253,23.67329,0.00857,914239.2907,15542,24.12567,0.07443,142071.1469,71,14
93.870520,1785530302.227253,23.67055,0.00857,914230.8570,15542,24.34444,0.07443,142175.7020,71,14
93.887520,1785530302.244253,23.66940,0.00857,914227.3049,15542,24.52086,0.07443,142260.0146,71,14
93.904520,1785530302.261253,23.65612,0.00857,914186.4049,15541,24.40634,0.07391,142205.2850,72,14
93.921520,1785530302.278253,23.66723,0.00857,914220.6266,15541,24.35426,0.07443,142180.3938,71,14
93.938520,1785530302.295253,23.66274,0.00857,914206.8082,15541,24.35406,0.07443,142180.3007,71,14
93.955520,1785530302.312253,23.65651,0.00857,914187.6264,15541,24.41142,0.07443,142207.7119,71,14
93.972520,1785530302.329253,23.65801,0.00857,914192.2436,15541,24.41648,0.07443,142210.1277,71,14
93.989520,1785530302.346253,23.66404,0.00857,914210.8175,15542,24.52553,0.07443,142262.2440,71,14
94.006520,1785530302.363253,23.65625,0.00857,914186.8059,15541,24.32542,0.07443,142166.6133,71,14
94.023520,1785530302.380253,23.66573,0.00857,914216.0145,15541,24.45326,0.07391,142227.7086,72,14
94.040520,1785530302.397253,23.68348,0.00857,914270.6786,15543,24.59270,0.07443,142294.3478,71,14
94.057520,1785530302.414253,23.66917,0.00857,914226.6261,15541,24.69332,0.07443,142342.4364,71,14
94.074520,1785530302.431253,23.66351,0.00857,914209.1897,15542,24.59239,0.07443,142294.1971,71,14
94.091520,1785530302.448253,23.66339,0.00857,914208.8058,15541,24.70724,0.07443,142349.0870,71,14
94.108520,1785530302.465253,23.67340,0.00857,914239.6539,15542,24.54510,0.07443,142271.5979,71,14
94.125520,1785530302.482253,23.67023,0.00857,914229.8632,15542,24.18248,0.07443,142098.3001,71,14
94.142520,1785530302.499253,23.66714,0.00857,914220.3488,15541,24.56860,0.07443,142282.8274,71,14
94.159520,1785530302.516253,23.65901,0.00857,914195.3276,15541,24.55236,0.07391,142275.0673,72,14
94.176520,1785530302.533253,23.66726,0.00857,914220.7201,15542,24.34946,0.07443,142178.1022,71,14
94.193520,1785530302.550253,23.67550,0.00857,914246.0982,15542,24.23483,0.07443,142123.3163,71,14
94.210520,1785530302.567253,23.65299,0.00857,914176.7695,15540,24.34894,0.07443,142177.8534,71,14
94.227520,1785530302.584253,23.65333,0.00857,914177.8337,15541,24.28269,0.07443,142146.1908,71,14
94.244520,1785530302.601253,23.64905,0.00857,914164.6499,15541,24.22541,0.07443,142118.8159,71,14
94.261520,1785530302.618253,23.65067,0.00857,914169.6228,15540,24.20619,0.07443,142109.6286,71,14
94.278520,1785530302.635253,23.61861,0.00857,914070.8871,15539,24.34109,0.07391,142174.1023,72,14
94.295520,1785530302.652253,23.63027,0.00857,914106.7859,15540,24.27295,0.07443,142141.5353,71,14
94.312520,1785530302.669253,23.63287,0.00857,914114.8148,15540,24.32045,0.07443,142164.2336,71,14
94.329520,1785530302.686253,23.63684,0.00857,914127.0301,15540,24.38247,0.07443,142193.8739,71,14
94.346520,1785530302.703253,23.63350,0.00857,914116.7502,15539,24.28717,0.07443,142148.3319,71,14
94.363520,1785530302.720253,23.64455,0.00857,914150.7828,15541,24.38287,0.07443,142194.0656,71,14
94.380520,1785530302.737253,23.64738,0.00857,914159.4976,15540,24.21089,0.07443,142111.8739,71,14
94.397520,1785530302.754253,23.64349,0.00857,914147.5042,15540,24.22320,0.07391,142117.7613,72,14
94.414520,1785530302.771253,23.65812,0.00857,914192.5666,15542,24.43019,0.07443,142216.6816,71,14
94.431520,1785530302.788253,23.66248,0.00857,914206.0143,15541,24.14459,0.07443,142080.1902,71,14
94.448520,1785530302.805253,23.65007,0.00857,914167.7857,15540,24.21587,0.07443,142114.2584,71,14
94.465520,1785530302.822253,23.64740,0.00857,914159.5567,15541,24.23959,0.07443,142125.5918,71,14
94.482520,1785530302.839253,23.66464,0.00857,914212.6721,15541,24.21108,0.07443,142111.9666,71,14
94.499520,1785530302.856253,23.66708,0.00857,914220.1828,15542,24.23482,0.07443,142123.3109,71,14
94.516520,1785530302.873253,23.66809,0.00857,914223.2840,15541,24.35865,0.07443,142182.4934,71,14
94.533520,1785530302.890253,23.65556,0.00857,914184.7028,15541,24.27063,0.07391,142140.4252,72,14
94.550520,1785530302.907253,23.64607,0.00857,914155.4570,15541,24.24429,0.07443,142127.8373,71,14
94.567520,1785530302.924253,23.65790,0.00857,914191.9107,15541,24.01582,0.07443,142018.6483,71,14
94.584520,1785530302.941253,23.66358,0.00857,914209.3927,15541,24.01160,0.07443,142016.6347,71,14
94.601520,1785530302.958253,23.64438,0.00857,914150.2645,15541,24.02060,0.07443,142020.9348,71,14
94.618520,1785530302.975253,23.65601,0.00857,914186.0871,15540,24.12576,0.07443,142071.1939,71,14
94.635520,1785530302.992253,23.65695,0.00857,914188.9757,15541,24.15385,0.07443,142084.6181,71,14
94.652520,1785530303.009253,23.64469,0.00857,914151.1961,15541,24.17621,0.07391,142095.3013,72,14
94.669520,1785530303.026253,23.64214,0.00857,914143.3536,15540,24.22554,0.07443,142118.8778,71,14
94.686520,1785530303.043253,23.62423,0.00857,914088.1846,15539,24.13500,0.07443,142075.6065,71,14
94.703520,1785530303.060253,23.61405,0.00857,914056.8322,15539,24.02540,0.07443,142023.2262,71,14
94.720520,1785530303.077253,23.61139,0.00857,914048.6303,15539,23.93552,0.07443,141980.2749,71,14
94.737520,1785530303.094253,23.63737,0.00857,914128.6578,15540,23.89238,0.07443,141959.6557,71,14
94.754520,1785530303.111253,23.63846,0.00857,914132.0370,15540,23.70264,0.07443,141868.9800,71,14
94.771520,1785530303.128253,23.64940,0.00857,914165.7191,15540,23.94650,0.07391,141985.5218,72,14
94.788520,1785530303.145253,23.64784,0.00857,914160.9135,15541,23.79277,0.07443,141912.0498,71,14
94.805520,1785530303.162253,23.66230,0.00857,914205.4390,15541,23.98277,0.07443,142002.8552,71,14
94.822520,1785530303.179253,23.66354,0.00857,914209.2690,15541,23.82651,0.07443,141928.1790,71,14
94.839520,1785530303.196253,23.66268,0.00857,914206.6193,15542,23.73573,0.07443,141884.7928,71,14
94.856520,1785530303.213253,23.65955,0.00857,914196.9794,15541,23.79269,0.07443,141912.0137,71,14
94.873520,1785530303.230253,23.64097,0.00857,914139.7400,15540,23.94959,0.07443,141987.0000,71,14
94.890520,1785530303.247253,23.64479,0.00857,914151.5209,15540,23.86898,0.07443,141948.4723,71,14
94.907520,1785530303.264253,23.64545,0.00857,914153.5444,15541,23.93255,0.07391,141978.8544,72,14
94.924520,1785530303.281253,23.61970,0.00857,914074.2415,15539,23.85415,0.07443,141941.3861,71,14
94.941520,1785530303.298253,23.61543,0.00857,914061.1010,15538,23.78344,0.07443,141907.5953,71,14
94.958520,1785530303.315253,23.64740,0.00857,914159.5693,15541,23.93047,0.07443,141977.8591,71,14
94.975520,1785530303.332253,23.63799,0.00857,914130.5826,15540,24.11097,0.07443,142064.1229,71,14
94.992520,1785530303.349253,23.63617,0.00857,914124.9654,15540,23.85477,0.07443,141941.6804,71,14
95.009520,1785530303.366253,23.64470,0.00857,914151.2343,15540,23.84007,0.07443,141934.6559,71,14
95.026520,1785530303.383253,23.63902,0.00857,914133.7525,15540,23.97936,0.07391,142001.2231,72,14
95.043520,1785530303.400253,23.61912,0.00857,914072.4651,15539,23.81603,0.07443,141923.1676,71,14
95.060520,1785530303.417253,23.64800,0.00857,914161.4079,15541,23.91639,0.07443,141971.1299,71,14
95.077520,1785530303.434253,23.62581,0.00857,914093.0680,15539,23.99202,0.07443,142007.2781,71,14
95.094520,1785530303.451253,23.64289,0.00857,914145.6528,15540,23.91132,0.07443,141968.7085,71,14
95.111520,1785530303.468253,23.62779,0.00857,914099.1588,15540,23.93093,0.07443,141978.0812,71,14
95.128520,1785530303.485253,23.63300,0.00857,914115.1900,15539,24.24012,0.07443,142125.8458,71,14
95.145520,1785530303.502253,23.63451,0.00857,914119.8471,15540,23.79172,0.07391,141911.5518,72,14
95.162520,1785530303.519253,23.63937,0.00857,914134.8192,15540,23.81649,0.07443,141923.3891,71,14
95.179520,1785530303.536253,23.65153,0.00857,914172.2774,15541,24.09663,0.07443,142057.2685,71,14
95.196520,1785530303.553253,23.63825,0.00857,914131.3784,15540,24.03507,0.07443,142027.8506,71,14
95.213520,1785530303.570253,23.64705,0.00857,914158.4918,15540,23.95876,0.07443,141991.3818,71,14
95.230520,1785530303.587253,23.64157,0.00857,914141.5902,15541,24.26360,0.07443,142137.0657,71,14
95.247520,1785530303.604253,23.63480,0.00857,914120.7517,15539,24.23024,0.07443,142121.1227,71,14
95.264520,1785530303.621253,23.65139,0.00857,914171.8580,15541,23.75460,0.07443,141893.8108,71,14
95.281520,1785530303.638253,23.63675,0.00857,914126.7543,15540,23.92792,0.07391,141976.6403,72,14
95.298520,1785530303.655253,23.64059,0.00857,914138.5865,15540,23.84465,0.07443,141936.8442,71,14
95.315520,1785530303.672253,23.63423,0.00857,914119.0017,15540,23.99674,0.07443,142009.5334,71,14
95.332520,1785530303.689253,23.64859,0.00857,914163.2353,15540,23.96835,0.07443,141995.9652,71,14
95.349520,1785530303.706253,23.66457,0.00857,914212.4447,15542,23.80226,0.07443,141916.5870,71,14
95.366520,1785530303.723253,23.65554,0.00857,914184.6282,15541,23.86391,0.07443,141946.0514,71,14
95.383520,1785530303.740253,23.64950,0.00857,914166.0337,15540,23.98740,0.07443,142005.0695,71,14
95.400520,1785530303.757253,23.62445,0.00857,914088.8842,15540,23.96069,0.07391,141992.3019,72,14
95.417520,1785530303.774253,23.64522,0.00857,914152.8496,15540,23.95438,0.07443,141989.2866,71,14
95.434520,1785530303.791253,23.64342,0.00857,914147.2929,15540,23.81650,0.07443,141923.3941,71,14
95.451520,1785530303.808253,23.63535,0.00857,914122.4428,15540,23.84993,0.07443,141939.3681,71,14
95.468520,1785530303.825253,23.64310,0.00857,914146.3135,15540,24.03498,0.07443,142027.8092,71,14
95.485520,1785530303.842253,23.63907,0.00857,914133.9134,15540,23.91117,0.07443,141968.6368,71,14
95.502520,1785530303.859253,23.61707,0.00857,914066.1267,15539,23.88745,0.07443,141957.3027,71,14
95.519520,1785530303.876253,23.63046,0.00898,914107.3678,14171,24.04721,0.07779,142033.6505,65,14
96.804712,1785530305.161445,23.64965,0.00934,914166.5003,15541,23.80711,0.07271,141918.9039,71,15
96.821712,1785530305.178445,23.64920,0.00934,914165.1001,15541,23.83074,0.07271,141930.1967,71,15
96.838712,1785530305.195445,23.65761,0.00934,914190.9928,15541,23.85911,0.07271,141943.7550,71,15
96.855712,1785530305.212445,23.64606,0.00934,914155.4338,15540,23.87865,0.07271,141953.0972,71,15
96.872712,1785530305.229445,23.63958,0.00934,914135.4781,15540,24.01670,0.07220,142019.0715,72,15
96.889712,1785530305.246445,23.65104,0.00934,914170.7620,15541,23.91127,0.07271,141968.6836,71,15
96.906712,1785530305.263445,23.61854,0.00934,914070.6766,15539,24.11602,0.07271,142066.5383,71,15
96.923712,1785530305.280445,23.59490,0.00935,913997.8646,15537,23.88752,0.07271,141957.3340,71,15
96.940712,1785530305.297445,23.62864,0.00934,914101.7677,15540,24.07299,0.07271,142045.9714,71,15
96.957712,1785530305.314445,23.63879,0.00934,914133.0433,15540,24.02523,0.07271,142023.1487,71,15
96.974712,1785530305.331445,23.63986,0.00934,914136.3490,15540,24.06846,0.07271,142043.8091,71,15
96.991712,1785530305.348445,23.63905,0.00934,914133.8256,15540,24.07282,0.07271,142045.8887,71,15
97.008712,1785530305.365445,23.65127,0.00934,914171.4830,15541,24.15305,0.07220,142084.2319,72,15
97.025712,1785530305.382445,23.64650,0.00934,914156.7899,15540,23.88281,0.07271,141955.0834,71,15
97.042712,1785530305.399445,23.65016,0.00934,914168.0660,15541,24.07789,0.07271,142048.3141,71,15
97.059712,1785530305.416445,23.64583,0.00934,914154.7375,15540,23.74028,0.07271,141886.9670,71,15
97.076712,1785530305.433445,23.65060,0.00934,914169.4107,15541,23.88768,0.07271,141957.4111,71,15
97.093712,1785530305.450445,23.64877,0.00934,914163.7807,15541,23.77841,0.07271,141905.1909,71,15
97.110712,1785530305.467445,23.65490,0.00934,914182.6586,15540,23.90215,0.07271,141964.3274,71,15
97.127712,1785530305.484445,23.64911,0.00934,914164.8232,15541,23.75908,0.07220,141895.9526,72,15
97.144712,1785530305.501445,23.62886,0.00934,914102.4629,15540,23.73096,0.07271,141882.5128,71,15
97.161712,1785530305.518445,23.63262,0.00934,914114.0308,15539,23.77342,0.07271,141902.8067,71,15
97.178712,1785530305.535445,23.63601,0.00934,914124.4836,15540,23.82587,0.07271,141927.8688,71,15
97.195712,1785530305.552445,23.65362,0.00934,914178.7029,15541,23.65985,0.07271,141848.5264,71,15
97.212712,1785530305.569445,23.62971,0.00934,914105.0693,15539,23.79275,0.07271,141912.0447,71,15
97.229712,1785530305.586445,23.63015,0.00934,914106.4285,15540,23.88283,0.07271,141955.0939,71,15
97.246712,1785530305.603445,23.63132,0.00934,914110.0292,15540,23.75021,0.07220,141891.7120,72,15
97.263712,1785530305.620445,23.64205,0.00934,914143.0821,15540,23.84020,0.07271,141934.7176,71,15
97.280712,1785530305.637445,23.63204,0.00934,914112.2430,15540,23.65499,0.07271,141846.2042,71,15
97.297712,1785530305.654445,23.64418,0.00934,914149.6437,15540,23.88299,0.07271,141955.1715,71,15
97.314712,1785530305.671445,23.65550,0.00934,914184.5171,15541,23.73098,0.07271,141882.5228,71,15
97.331712,1785530305.688445,23.63486,0.00934,914120.9187,15540,23.76876,0.07271,141900.5768,71,15
97.348712,1785530305.705445,23.64664,0.00934,914157.2100,15540,23.77838,0.07271,141905.1751,71,15
97.365712,1785530305.722445,23.64690,0.00934,914158.0045,15540,23.81172,0.07271,141921.1078,71,15
97.382712,1785530305.739445,23.60217,0.00934,914020.2374,15539,23.79199,0.07220,141911.6797,72,15
97.399712,1785530305.756445,23.62839,0.00934,914100.9941,15539,23.88261,0.07271,141954.9856,71,15
97.416712,1785530305.773445,23.63877,0.00934,914132.9811,15540,23.74991,0.07271,141891.5708,71,15
97.433712,1785530305.790445,23.64553,0.00934,914153.8053,15540,23.97357,0.07271,141998.4585,71,15
97.450712,1785530305.807445,23.62944,0.00934,914104.2518,15540,23.77340,0.07271,141902.7965,71,15
97.467712,1785530305.824445,23.63396,0.00934,914118.1693,15540,23.94941,0.07271,141986.9123,71,15
97.484712,1785530305.841445,23.62022,0.00934,914075.8451,15539,24.10156,0.07271,142059.6274,71,15
97.501712,1785530305.858445,23.63570,0.00934,914123.5236,15540,23.76354,0.07220,141898.0849,72,15
97.518712,1785530305.875445,23.63413,0.00934,914118.6921,15539,23.74122,0.07271,141887.4143,71,15
97.535712,1785530305.892445,23.64234,0.00934,914143.9880,15541,24.06348,0.07271,142041.4292,71,15
97.552712,1785530305.909445,23.63588,0.00934,914124.0702,15540,23.93509,0.07271,141980.0689,71,15
97.569712,1785530305.926445,23.61752,0.00935,914067.5280,15538,23.95440,0.07271,141989.2969,71,15
97.586712,1785530305.943445,23.63230,0.00934,914113.0386,15540,24.15393,0.07271,142084.6539,71,15
97.603712,1785530305.960445,23.64070,0.00934,914138.9316,15540,24.01590,0.07271,142018.6896,71,15
97.620712,1785530305.977445,23.62973,0.00934,914105.1458,15540,23.82956,0.07220,141929.6338,72,15
97.637712,1785530305.994445,23.64581,0.00934,914154.6627,15540,23.77851,0.07271,141905.2371,71,15
97.654712,1785530306.011445,23.63615,0.00934,914124.9156,15540,23.72641,0.07271,141880.3401,71,15
97.671712,1785530306.028445,23.64060,0.00934,914138.5989,15540,24.02102,0.07271,142021.1357,71,15
97.688712,1785530306.045445,23.63780,0.00934,914129.9962,15540,23.84536,0.07271,141937.1842,71,15
97.705712,1785530306.062445,23.62420,0.00934,914088.0856,15539,23.72620,0.07271,141880.2372,71,15
97.722712,1785530306.079445,23.64772,0.00934,914160.5376,15541,23.95398,0.07271,141989.0954,71,15
97.739712,1785530306.096445,23.63854,0.00934,914132.2722,15540,24.01611,0.07271,142018.7879,71,15
97.756712,1785530306.113445,23.62775,0.00934,914099.0439,15539,23.98882,0.07220,142005.7465,72,15
97.773712,1785530306.130445,23.63111,0.00934,914109.3946,15540,23.80688,0.07271,141918.7956,71,15
97.790712,1785530306.147445,23.64086,0.00934,914139.4065,15540,23.87359,0.07271,141950.6757,71,15
97.807712,1785530306.164445,23.61567,0.00934,914061.8403,15539,23.73073,0.07271,141882.4047,71,15
97.824712,1785530306.181445,23.62942,0.00934,914104.1896,15540,23.84004,0.07271,141934.6454,71,15
97.841712,1785530306.198445,23.63398,0.00934,914118.2171,15539,23.80754,0.07271,141919.1101,71,15
97.858712,1785530306.215445,23.63658,0.00934,914126.2356,15540,23.80196,0.07271,141916.4425,71,15
97.875712,1785530306.232445,23.64744,0.00934,914159.6936,15541,23.74012,0.07220,141886.8880,72,15
97.892712,1785530306.249445,23.63323,0.00934,914115.9057,15539,23.72614,0.07271,141880.2109,71,15
97.909712,1785530306.266445,23.64428,0.00934,914149.9381,15541,23.98289,0.07271,142002.9119,71,15
97.926712,1785530306.283445,23.63906,0.00934,914133.8751,15540,23.96886,0.07271,141996.2079,71,15
97.943712,1785530306.300445,23.64200,0.00934,914142.9222,15540,24.04475,0.07271,142032.4756,71,15
97.960712,1785530306.317445,23.62862,0.00934,914101.7152,15539,24.13020,0.07271,142073.3153,71,15
97.977712,1785530306.334445,23.64606,0.00934,914155.4196,15541,23.86902,0.07271,141948.4916,71,15
97.994712,1785530306.351445,23.65763,0.00934,914191.0541,15541,23.61835,0.07220,141828.6957,72,15
98.011712,1785530306.368445,23.64781,0.00934,914160.8115,15540,23.95883,0.07271,141991.4127,71,15
98.028712,1785530306.385445,23.64066,0.00934,914138.8081,15541,23.94478,0.07271,141984.6983,71,15
98.045712,1785530306.402445,23.65289,0.00934,914176.4681,15540,23.88766,0.07271,141957.4014,71,15
98.062712,1785530306.419445,23.65569,0.00934,914185.0908,15541,24.13013,0.07271,142073.2784,71,15
98.079712,1785530306.436445,23.64660,0.00934,914157.1091,15541,24.08720,0.07271,142052.7630,71,15
98.096712,1785530306.453445,23.62725,0.00934,914097.4904,15539,23.73560,0.07271,141884.7320,71,15
98.113712,1785530306.470445,23.64546,0.00934,914153.5695,15541,23.95415,0.07271,141989.1783,71,15
98.130712,1785530306.487445,23.63028,0.00934,914106.8209,15539,23.79629,0.07220,141913.7354,72,15
98.147712,1785530306.504445,23.62693,0.00934,914096.5228,15539,23.76438,0.07271,141898.4867,71,15
98.164712,1785530306.521445,23.62528,0.00934,914091.4186,15540,24.04017,0.07271,142030.2873,71,15
98.181712,1785530306.538445,23.63693,0.00934,914127.3009,15540,24.08295,0.07271,142050.7303,71,15
98.198712,1785530306.555445,23.63821,0.00934,914131.2425,15540,23.79293,0.07271,141912.1273,71,15
98.215712,1785530306.572445,23.62984,0.00934,914105.4577,15539,23.72633,0.07271,141880.2980,71,15
98.232712,1785530306.589445,23.63187,0.00934,914111.7309,15540,23.67390,0.07271,141855.2413,71,15
98.249712,1785530306.606445,23.62392,0.00934,914087.2283,15539,23.82970,0.07220,141929.7006,72,15
98.266712,1785530306.623445,23.63167,0.00934,914111.1213,15540,23.90202,0.07271,141964.2652,71,15
98.283712,1785530306.640445,23.63546,0.00934,914122.7940,15540,23.88280,0.07271,141955.0786,71,15
98.300712,1785530306.657445,23.64715,0.00934,914158.7753,15540,23.83531,0.07271,141932.3847,71,15
98.317712,1785530306.674445,23.65048,0.00934,914169.0472,15541,23.78845,0.07271,141909.9855,71,15
98.334712,1785530306.691445,23.63762,0.00934,914129.4410,15540,23.66920,0.07271,141852.9963,71,15
98.351712,1785530306.708445,23.62050,0.00934,914076.7141,15539,23.74991,0.07271,141891.5709,71,15
98.368712,1785530306.725445,23.61403,0.00934,914056.7706,15539,23.75442,0.07220,141893.7233,72,15
98.385712,1785530306.742445,23.59523,0.00935,913998.8705,15537,23.72154,0.07271,141878.0124,71,15
98.402712,1785530306.759445,23.60885,0.00934,914040.8280,15539,23.87794,0.07271,141952.7560,71,15
98.419712,1785530306.776445,23.61154,0.00935,914049.1113,15538,24.05863,0.07271,142039.1076,71,15
98.436712,1785530306.793445,23.60825,0.00934,914038.9612,15539,23.85426,0.07271,141941.4378,71,15
98.453712,1785530306.810445,23.61604,0.00934,914062.9615,15539,23.77842,0.07271,141905.1963,71,15
98.470712,1785530306.827445,23.61765,0.00935,914067.9221,15538,23.66924,0.07271,141853.0169,71,15
98.487712,1785530306.844445,23.61185,0.00934,914050.0610,15539,23.92596,0.07271,141975.7072,71,15
98.504712,1785530306.861445,23.60817,0.00935,914038.7210,15538,23.74980,0.07220,141891.5145,72,15
98.521712,1785530306.878445,23.62482,0.00934,914090.0125,15540,23.80678,0.07271,141918.7495,71,15
98.538712,1785530306.895445,23.61723,0.00934,914066.6381,15539,24.00208,0.07271,142012.0833,71,15
98.555712,1785530306.912445,23.61228,0.00935,914051.3817,15538,24.06343,0.07271,142041.4037,71,15
98.572712,1785530306.929445,23.60432,0.00935,914026.8670,15538,24.05406,0.07271,142036.9243,71,15
98.589712,1785530306.946445,23.61485,0.00934,914059.2925,15539,24.06338,0.07271,142041.3777,71,15
98.606712,1785530306.963445,23.62708,0.00934,914096.9697,15540,24.02085,0.07271,142021.0532,71,15
98.623712,1785530306.980445,23.61181,0.00935,914049.9314,15538,24.05922,0.07220,142039.3933,72,15
98.640712,1785530306.997445,23.61569,0.00934,914061.8890,15539,24.03546,0.07271,142028.0362,71,15
98.657712,1785530307.014445,23.61883,0.00934,914071.5462,15539,23.96402,0.07271,141993.8957,71,15
98.674712,1785530307.031445,23.61574,0.00934,914062.0375,15539,23.98785,0.07271,142005.2811,71,15
98.691712,1785530307.048445,23.62043,0.00934,914076.4789,15539,23.84513,0.07271,141937.0759,71,15
98.708712,1785530307.065445,23.61346,0.00934,914055.0064,15539,23.88786,0.07271,141957.4991,71,15
98.725712,1785530307.082445,23.58664,0.00935,913972.4229,15537,23.71664,0.07271,141875.6686,71,15
98.742712,1785530307.099445,23.62994,0.00934,914105.7919,15539,23.84781,0.07220,141938.3580,72,15
98.759712,1785530307.116445,23.62853,0.00934,914101.4324,15540,23.97362,0.07271,141998.4840,71,15
98.776712,1785530307.133445,23.63725,0.00934,914128.2827,15540,23.87337,0.07271,141950.5727,71,15
98.793712,1785530307.150445,23.62417,0.00934,914088.0113,15539,23.86889,0.07271,141948.4295,71,15
98.810712,1785530307.167445,23.62106,0.00934,914078.4418,15539,23.87350,0.07271,141950.6351,71,15
98.827712,1785530307.184445,23.63057,0.00934,914107.7058,15540,23.89759,0.07271,141962.1488,71,15
98.844712,1785530307.201445,23.63329,0.00934,914116.0957,15539,23.94929,0.07271,141986.8560,71,15
98.861712,1785530307.218445,23.62114,0.00934,914078.6670,15540,23.95910,0.07271,141991.5423,71,15
98.878712,1785530307.235445,23.62818,0.00934,914100.3638,15539,23.92761,0.07220,141976.4930,72,15
98.895712,1785530307.252445,23.62323,0.00934,914085.1010,15539,23.74582,0.07271,141889.6138,71,15
98.912712,1785530307.269445,23.62365,0.00934,914086.4209,15539,23.76875,0.07271,141900.5719,71,15
98.929712,1785530307.286445,23.62650,0.00934,914095.1803,15540,23.84979,0.07271,141939.3013,71,15
98.946712,1785530307.303445,23.62474,0.00934,914089.7640,15539,23.84476,0.07271,141936.9011,71,15
98.963712,1785530307.320445,23.63403,0.00934,914118.3794,15540,23.76914,0.07271,141900.7571,71,15
98.980712,1785530307.337445,23.63029,0.00934,914106.8704,15539,23.95892,0.07271,141991.4591,71,15
98.997712,1785530307.354445,23.63496,0.00934,914121.2527,15540,24.04490,0.07220,142032.5486,72,15
99.014712,1785530307.371445,23.62075,0.00934,914077.4847,15539,24.06833,0.07271,142043.7462,71,15
99.031712,1785530307.388445,23.63324,0.00934,914115.9425,15540,23.93020,0.07271,141977.7314,71,15
99.048712,1785530307.405445,23.62835,0.00934,914100.8850,15540,23.88281,0.07271,141955.0840,71,15
99.065712,1785530307.422445,23.63182,0.00934,914111.5824,15539,23.76905,0.07271,141900.7154,71,15
99.082712,1785530307.439445,23.64634,0.00934,914156.2896,15541,23.72621,0.07271,141880.2420,71,15
99.099712,1785530307.456445,23.65763,0.00934,914191.0667,15541,23.91139,0.07271,141968.7402,71,15
99.116712,1785530307.473445,23.62530,0.00934,914091.4898,15539,23.72635,0.07220,141880.3072,72,15
99.133712,1785530307.490445,23.63163,0.00934,914110.9728,15540,23.78296,0.07271,141907.3637,71,15
99.150712,1785530307.507445,23.62394,0.00934,914087.2908,15539,23.67860,0.07271,141857.4869,71,15
99.167712,1785530307.524445,23.63796,0.00934,914130.4965,15540,23.83527,0.07271,141932.3639,71,15
99.184712,1785530307.541445,23.63330,0.00934,914116.1293,15540,23.67889,0.07271,141857.6256,71,15
99.201712,1785530307.558445,23.60509,0.00935,914029.2529,15538,23.67862,0.07271,141857.4975,71,15
99.218712,1785530307.575445,23.62319,0.00934,914084.9773,15539,23.75955,0.07271,141896.1740,71,15
99.235712,1785530307.592445,23.62203,0.00934,914081.4134,15539,23.79245,0.07271,141911.9009,71,15
99.252712,1785530307.609445,23.60802,0.00934,914038.2528,15539,23.62824,0.07220,141833.4230,72,15
99.269712,1785530307.626445,23.63263,0.00934,914114.0561,15539,23.86400,0.07271,141946.0926,71,15
99.286712,1785530307.643445,23.62394,0.00934,914087.2936,15540,23.87330,0.07271,141950.5364,71,15
99.303712,1785530307.660445,23.63960,0.00934,914135.5276,15540,24.19194,0.07271,142102.8212,71,15
99.320712,1785530307.677445,23.62384,0.00934,914086.9764,15539,23.94494,0.07271,141984.7763,71,15
99.337712,1785530307.694445,23.65006,0.00934,914167.7599,15540,23.85421,0.07271,141941.4170,71,15
99.354712,1785530307.711445,23.64370,0.00934,914148.1619,15541,23.95400,0.07271,141989.1059,71,15
99.371712,1785530307.728445,23.63317,0.00934,914115.7197,15539,23.97490,0.07220,141999.0958,72,15
99.388712,1785530307.745445,23.64410,0.00934,914149.3950,15541,24.14460,0.07271,142080.1950,71,15
99.405712,1785530307.762445,23.62641,0.00934,914094.9063,15539,23.89265,0.07271,141959.7854,71,15
99.422712,1785530307.779445,23.63340,0.00934,914116.4423,15540,23.90224,0.07271,141964.3685,71,15
99.439712,1785530307.796445,23.62048,0.00934,914076.6522,15539,23.98743,0.07271,142005.0801,71,15
99.456712,1785530307.813445,23.64455,0.00934,914150.7835,15540,23.83558,0.07271,141932.5134,71,15
99.473712,1785530307.830445,23.63124,0.00934,914109.7829,15540,23.84951,0.07271,141939.1671,71,15
99.490712,1785530307.847445,23.63723,0.00934,914128.2202,15540,23.81502,0.07220,141922.6877,72,15
99.507712,1785530307.864445,23.64553,0.00934,914153.8055,15540,23.85926,0.07271,141943.8269,71,15
99.524712,1785530307.881445,23.63881,0.00934,914133.0931,15540,23.96414,0.07271,141993.9517,71,15
99.541712,1785530307.898445,23.63454,0.00934,914119.9332,15540,23.90186,0.07271,141964.1878,71,15
99.558712,1785530307.915445,23.63571,0.00934,914123.5414,15540,23.62161,0.07271,141830.2516,71,15
99.575712,1785530307.932445,23.63191,0.00934,914111.8423,15540,23.84517,0.07271,141937.0970,71,15
99.592712,1785530307.949445,23.64222,0.00934,914143.5934,15540,23.95911,0.07271,141991.5471,71,15
99.609712,1785530307.966445,23.65384,0.00934,914179.3989,15541,24.11104,0.07271,142064.1584,71,15
99.626712,1785530307.983445,23.64979,0.00934,914166.9151,15540,24.12477,0.07220,142070.7196,72,15
99.643712,1785530308.000445,23.64235,0.00934,914144.0125,15541,24.02098,0.07271,142021.1152,71,15
99.660712,1785530308.017445,23.65275,0.00934,914176.0472,15540,23.76874,0.07271,141900.5662,71,15
99.677712,1785530308.034445,23.64658,0.00934,914157.0472,15541,23.75016,0.07271,141891.6890,71,15
99.694712,1785530308.051445,23.63562,0.00934,914123.2873,15540,23.83019,0.07271,141929.9337,71,15
99.711712,1785530308.068445,23.65206,0.00934,914173.9095,15540,23.80226,0.07271,141916.5867,71,15
99.728712,1785530308.085445,23.65408,0.00934,914180.1472,15541,24.10129,0.07271,142059.4982,71,15
99.745712,1785530308.102445,23.64990,0.00934,914167.2471,15541,24.07366,0.07220,142046.2905,72,15
99.762712,1785530308.119445,23.64442,0.00934,914150.3771,15540,23.95905,0.07271,141991.5214,71,15
99.779712,1785530308.136445,23.64045,0.00934,914138.1486,15540,23.82124,0.07271,141925.6602,71,15
99.796712,1785530308.153445,23.63446,0.00934,914119.7101,15540,23.79264,0.07271,141911.9883,71,15
99.813712,1785530308.170445,23.64825,0.00934,914162.1776,15541,23.79253,0.07271,141911.9367,71,15
99.830712,1785530308.187445,23.63119,0.00934,914109.6448,15539,24.12092,0.07271,142068.8769,71,15
99.847712,1785530308.204445,23.64022,0.00934,914137.4527,15540,23.88752,0.07271,141957.3340,71,15
99.864712,1785530308.221445,23.65040,0.00934,914168.8014,15541,23.91391,0.07220,141969.9476,72,15
99.881712,1785530308.238445,23.64375,0.00934,914148.3234,15540,23.73086,0.07271,141882.4663,71,15
99.898712,1785530308.255445,23.63740,0.00934,914128.7444,15540,23.94031,0.07271,141982.5616,71,15
99.915712,1785530308.272445,23.64071,0.00934,914138.9442,15540,24.08754,0.07271,142052.9237,71,15
99.932712,1785530308.289445,23.64551,0.00934,914153.7430,15541,24.21092,0.07271,142111.8890,71,15
99.949712,1785530308.306445,23.63584,0.00934,914123.9464,15540,23.94465,0.07271,141984.6363,71,15
99.966712,1785530308.323445,23.62960,0.00934,914104.7245,15539,23.80703,0.07271,141918.8674,71,15
99.983712,1785530308.340445,23.65042,0.00934,914168.8736,15541,23.92594,0.07271,141975.6973,71,15
100.000712,1785530308.357445,23.63591,0.00934,914124.1580,15540,23.83857,0.07220,141933.9404,72,15
100.017712,1785530308.374445,23.63719,0.00934,914128.0977,15540,24.12995,0.07271,142073.1961,71,15
100.034712,1785530308.391445,23.60047,0.00935,914014.9993,15538,23.81622,0.07271,141923.2603,71,15
100.051712,1785530308.408445,23.61982,0.00934,914074.6113,15539,23.90659,0.07271,141966.4487,71,15
100.068712,1785530308.425445,23.63411,0.00934,914118.6179,15539,23.85929,0.07271,141943.8424,71,15
100.085712,1785530308.442445,23.60890,0.00934,914040.9642,15539,23.86889,0.07271,141948.4306,71,15
100.102712,1785530308.459445,23.65236,0.00934,914174.8363,15541,23.71200,0.07271,141873.4495,71,15
100.119712,1785530308.476445,23.63722,0.00934,914128.2097,15540,23.89984,0.07220,141963.2244,72,15
100.136712,1785530308.493445,23.65033,0.00934,914168.5929,15540,23.87843,0.07271,141952.9884,71,15
100.153712,1785530308.510445,23.64455,0.00934,914150.7704,15541,23.82573,0.07271,141927.8018,71,15
100.170712,1785530308.527445,23.64222,0.00934,914143.5937,15540,23.74992,0.07271,141891.5758,71,15
100.187712,1785530308.544445,23.63775,0.00934,914129.8353,15540,23.94944,0.07271,141986.9277,71,15
100.204712,1785530308.561445,23.65516,0.00934,914183.4632,15541,23.60309,0.07271,141821.4042,71,15
100.221712,1785530308.578445,23.64238,0.00934,914144.0870,15540,23.74057,0.07271,141887.1060,71,15
100.238712,1785530308.595445,23.65516,0.00934,914183.4514,15541,23.78721,0.07220,141909.3937,72,15
100.255712,1785530308.612445,23.62781,0.00934,914099.2178,15539,23.75451,0.07271,141893.7693,71,15
100.272712,1785530308.629445,23.64364,0.00934,914147.9786,15540,23.62668,0.07271,141832.6770,71,15
100.289712,1785530308.646445,23.62675,0.00934,914095.9629,15540,23.59334,0.07271,141816.7441,71,15
100.306712,1785530308.663445,23.61693,0.00934,914065.7063,15539,23.88334,0.07271,141955.3375,71,15
100.323712,1785530308.680445,23.62220,0.00934,914081.9318,15539,23.75935,0.07271,141896.0816,71,15
100.340712,1785530308.697445,23.64993,0.00934,914167.3471,15540,23.82608,0.07271,141927.9720,71,15
100.357712,1785530308.714445,23.63068,0.00934,914108.0446,15540,23.99727,0.07271,142009.7868,71,15
100.374712,1785530308.731445,23.63535,0.00934,914122.4301,15540,23.91821,0.07220,141971.9991,72,15
100.391712,1785530308.748445,23.62865,0.00934,914101.8137,15539,23.73076,0.07271,141882.4151,71,15
100.408712,1785530308.765445,23.63285,0.00934,914114.7530,15540,23.90188,0.07271,141964.1976,71,15
100.425712,1785530308.782445,23.62451,0.00934,914089.0542,15539,23.94941,0.07271,141986.9123,71,15
100.442712,1785530308.799445,23.63140,0.00934,914110.2765,15540,23.86433,0.07271,141946.2528,71,15
100.459712,1785530308.816445,23.61398,0.00934,914056.6218,15539,23.93533,0.07271,141980.1824,71,15
100.476712,1785530308.833445,23.62211,0.00934,914081.6597,15539,23.72143,0.07271,141877.9559,71,15
100.493712,1785530308.850445,23.61148,0.00935,914048.9140,15538,23.84329,0.07220,141936.1949,72,15
100.510712,1785530308.867445,23.62291,0.00934,914084.1233,15540,24.02570,0.07271,142023.3704,71,15
100.527712,1785530308.884445,23.60592,0.00935,914031.7876,15538,23.72178,0.07271,141878.1251,71,15
100.544712,1785530308.901445,23.61472,0.00934,914058.8918,15539,23.84481,0.07271,141936.9213,71,15
100.561712,1785530308.918445,23.62132,0.00934,914079.2371,15539,23.72644,0.07271,141880.3506,71,15
100.578712,1785530308.935445,23.62423,0.00934,914088.1970,15539,23.84496,0.07271,141936.9941,71,15
100.595712,1785530308.952445,23.63227,0.00934,914112.9517,15540,23.89717,0.07271,141961.9482,71,15
100.612712,1785530308.969445,23.63055,0.00934,914107.6534,15539,23.85306,0.07220,141940.8665,72,15
100.629712,1785530308.986445,23.60498,0.00934,914028.8886,15539,23.94495,0.07271,141984.7809,71,15
100.646712,1785530309.003445,23.58325,0.00935,913961.9816,15537,23.81193,0.07271,141921.2103,71,15
100.663712,1785530309.020445,23.61394,0.00935,914056.4942,15538,23.76393,0.07271,141898.2704,71,15
100.680712,1785530309.037445,23.61925,0.00934,914072.8476,15539,23.74962,0.07271,141891.4318,71,15
100.697712,1785530309.054445,23.61235,0.00934,914051.6146,15539,23.70727,0.07271,141871.1890,71,15
100.714712,1785530309.071445,23.60550,0.00935,914030.4933,15538,24.00208,0.07271,142012.0843,71,15
100.731712,1785530309.088445,23.62639,0.00934,914094.8476,15540,23.96822,0.07271,141995.9032,71,15
100.748712,1785530309.105445,23.63312,0.00934,914115.5596,15539,23.82956,0.07220,141929.6345,72,15
100.765712,1785530309.122445,23.62322,0.00934,914085.0683,15540,23.97345,0.07271,141998.4008,71,15
100.782712,1785530309.139445,23.62905,0.00934,914103.0345,15539,23.94491,0.07271,141984.7604,71,15
100.799712,1785530309.156445,23.60120,0.00935,914017.2571,15538,23.82595,0.07271,141927.9100,71,15
100.816712,1785530309.173445,23.61455,0.00934,914058.3858,15539,23.85468,0.07271,141941.6381,71,15
100.833712,1785530309.190445,23.60840,0.00935,914039.4413,15538,23.84948,0.07271,141939.1565,71,15
100.850712,1785530309.207445,23.60809,0.00934,914038.4915,15539,23.90176,0.07271,141964.1412,71,15
100.867712,1785530309.224445,23.63671,0.00934,914126.6170,15540,23.81073,0.07220,141920.6366,72,15
100.884712,1785530309.241445,23.65146,0.00934,914172.0708,15540,23.83516,0.07271,141932.3129,71,15
100.901712,1785530309.258445,23.64115,0.00934,914140.3138,15540,23.79745,0.07271,141914.2898,71,15
100.918712,1785530309.275445,23.63079,0.00934,914108.4012,15540,23.75894,0.07271,141895.8859,71,15
100.935712,1785530309.292445,23.63366,0.00934,914117.2378,15540,23.66970,0.07271,141853.2335,71,15
100.952712,1785530309.309445,23.61966,0.00934,914074.1182,15539,23.91644,0.07271,141971.1551,71,15
100.969712,1785530309.326445,23.61416,0.00934,914057.1897,15539,23.75002,0.07271,141891.6218,71,15
100.986712,1785530309.343445,23.63795,0.00934,914130.4467,15540,23.80107,0.07220,141916.0203,72,15
101.003712,1785530309.360445,23.65462,0.00934,914181.7891,15540,23.76864,0.07271,141900.5205,71,15
101.020712,1785530309.377445,23.63246,0.00934,914113.5330,15540,23.84459,0.07271,141936.8185,71,15
101.037712,1785530309.394445,23.64437,0.00934,914150.2156,15540,24.01110,0.07271,142016.3928,71,15
101.054712,1785530309.411445,23.60278,0.00934,914022.1379,15539,23.79748,0.07271,141914.3008,71,15
101.071712,1785530309.428445,23.61489,0.00935,914059.4111,15538,23.66934,0.07271,141853.0628,71,15
101.088712,1785530309.445445,23.61084,0.00934,914046.9524,15539,23.75463,0.07271,141893.8263,71,15
101.105712,1785530309.462445,23.60844,0.00935,914039.5527,15538,23.79245,0.07271,141911.9004,71,15
101.122712,1785530309.479445,23.59924,0.00935,914011.2216,15538,23.97913,0.07220,142001.1155,72,15
101.139712,1785530309.496445,23.61540,0.00934,914060.9822,15539,23.70735,0.07271,141871.2302,71,15
101.156712,1785530309.513445,23.60552,0.00935,914030.5543,15538,23.93041,0.07271,141977.8341,71,15
101.173712,1785530309.530445,23.60377,0.00935,914025.1648,15538,24.15864,0.07271,142086.9041,71,15
101.190712,1785530309.547445,23.58663,0.00935,913972.3842,15538,24.06365,0.07271,142041.5065,71,15
101.207712,1785530309.564445,23.58815,0.00935,913977.0609,15537,23.80219,0.07271,141916.5555,71,15
101.224712,1785530309.581445,23.58984,0.00935,913982.2804,15537,23.81644,0.07271,141923.3633,71,15
101.241712,1785530309.598445,23.60417,0.00934,914026.4114,15539,23.82506,0.07220,141927.4854,72,15
101.258712,1785530309.615445,23.57969,0.00935,913951.0095,15537,24.12048,0.07271,142068.6699,71,15
101.275712,1785530309.632445,23.58359,0.00935,913963.0051,15537,23.98803,0.07271,142005.3692,71,15
101.292712,1785530309.649445,23.59378,0.00935,913994.3981,15537,23.97318,0.07271,141998.2719,71,15
101.309712,1785530309.666445,23.61730,0.00934,914066.8368,15539,24.05905,0.07271,142039.3084,71,15
101.326712,1785530309.683445,23.61514,0.00934,914060.1869,15539,23.69789,0.07271,141866.7094,71,15
101.343712,1785530309.700445,23.62132,0.00934,914079.2363,15539,23.92085,0.07271,141973.2616,71,15
101.360712,1785530309.717445,23.63525,0.00934,914122.1346,15540,24.09209,0.07271,142055.1015,71,15
101.377712,1785530309.734445,23.63839,0.00934,914131.7975,15540,24.08218,0.07220,142050.3664,72,15
101.394712,1785530309.751445,23.62159,0.00934,914080.0564,15539,23.81167,0.07271,141921.0824,71,15
101.411712,1785530309.768445,23.63821,0.00934,914131.2417,15540,23.96385,0.07271,141993.8132,71,15
101.428712,1785530309.785445,23.63360,0.00934,914117.0643,15540,24.16839,0.07271,142091.5647,71,15
101.445712,1785530309.802445,23.63398,0.00934,914118.2317,15540,24.18261,0.07271,142098.3620,71,15
101.462712,1785530309.819445,23.61861,0.00935,914070.8829,15538,23.81619,0.07271,141923.2448,71,15
101.479712,1785530309.836445,23.62081,0.00934,914077.6484,15540,24.08740,0.07271,142052.8611,71,15
101.496712,1785530309.853445,23.62476,0.00934,914089.8124,15539,24.00743,0.07220,142014.6388,72,15
101.513712,1785530309.870445,23.61244,0.00935,914051.8936,15538,24.08720,0.07271,142052.7636,71,15
101.530712,1785530309.887445,23.62104,0.00934,914078.3583,15540,23.74530,0.07271,141889.3665,71,15
101.547712,1785530309.904445,23.63622,0.00934,914125.1377,15539,23.84984,0.07271,141939.3263,71,15
101.564712,1785530309.921445,23.63565,0.00934,914123.3742,15540,23.89740,0.07271,141962.0561,71,15
101.581712,1785530309.938445,23.61267,0.00934,914052.5832,15539,24.22063,0.07271,142116.5295,71,15
101.598712,1785530309.955445,23.60271,0.00935,914021.8948,15538,23.98741,0.07271,142005.0747,71,15
101.615712,1785530309.972445,23.58248,0.00935,913959.5875,15537,23.67921,0.07220,141857.7820,72,15
101.632712,1785530309.989445,23.57593,0.00935,913939.4137,15537,24.06844,0.07271,142043.7993,71,15
101.649712,1785530310.006445,23.57198,0.00935,913927.2502,15536,23.79303,0.07271,141912.1787,71,15
101.666712,1785530310.023445,23.58015,0.00935,913952.4147,15537,23.85455,0.07271,141941.5775,71,15
101.683712,1785530310.040445,23.58764,0.00935,913975.5054,15538,23.89268,0.07271,141959.8008,71,15
101.700712,1785530310.057445,23.58848,0.00935,913978.0668,15537,23.76422,0.07271,141898.4095,71,15
101.717712,1785530310.074445,23.58554,0.00935,913969.0183,15537,23.91121,0.07271,141968.6573,71,15
101.734712,1785530310.091445,23.60948,0.00934,914042.7529,15539,23.87338,0.07271,141950.5776,71,15
101.751712,1785530310.108445,23.59953,0.00935,914012.1258,15538,23.92279,0.07220,141974.1878,72,15
101.768712,1785530310.125445,23.62158,0.00934,914080.0319,15539,23.87347,0.07271,141950.6193,71,15
101.785712,1785530310.142445,23.60508,0.00935,914029.2034,15538,23.91641,0.07271,141971.1396,71,15
101.802712,1785530310.159445,23.61323,0.00934,914054.2977,15539,23.86856,0.07271,141948.2710,71,15
101.819712,1785530310.176445,23.62917,0.00934,914103.4178,15539,24.02067,0.07271,142020.9658,71,15
101.836712,1785530310.193445,23.60016,0.00935,914014.0511,15538,24.02563,0.07271,142023.3400,71,15
101.853712,1785530310.210445,23.55982,0.00935,913889.8157,15536,23.84027,0.07271,141934.7544,71,15
101.870712,1785530310.227445,23.57375,0.01017,913932.7030,13114,24.02232,0.07909,142021.7580,60,15
103.462992,1785530311.819725,23.58905,0.00979,913979.8313,15537,24.01114,0.07340,142016.4137,71,16
103.479992,1785530311.836725,23.57066,0.00979,913923.1845,15536,23.75456,0.07340,141893.7901,71,16
103.496992,1785530311.853725,23.58193,0.00979,913957.9093,15538,23.98761,0.07340,142005.1674,71,16
103.513992,1785530311.870725,23.57808,0.00979,913946.0387,15536,24.04905,0.07340,142034.5292,71,16
103.530992,1785530311.887725,23.56854,0.00979,913916.6477,15537,24.04932,0.07288,142034.6606,72,16
103.547992,1785530311.904725,23.58771,0.00979,913975.6929,15537,24.04426,0.07340,142032.2424,71,16
103.564992,1785530311.921725,23.57745,0.00979,913944.1012,15537,23.95427,0.07340,141989.2350,71,16
103.581992,1785530311.938725,23.58507,0.00979,913967.5887,15537,23.97799,0.07340,142000.5688,71,16
103.598992,1785530311.955725,23.57018,0.00979,913921.7050,15536,23.84497,0.07340,141936.9989,71,16
103.615992,1785530311.972725,23.60951,0.00979,914042.8396,15539,23.68350,0.07340,141859.8297,71,16
103.632992,1785530311.989725,23.58705,0.00979,913973.6813,15537,23.71702,0.07340,141875.8495,71,16
103.649992,1785530312.006725,23.58336,0.00979,913962.3090,15537,23.83421,0.07288,141931.8581,72,16
103.666992,1785530312.023725,23.58476,0.00979,913966.6320,15537,23.74982,0.07340,141891.5247,71,16
103.683992,1785530312.040725,23.60049,0.00979,914015.0736,15538,23.65071,0.07340,141844.1598,71,16
103.700992,1785530312.057725,23.61093,0.00979,914047.2248,15539,23.66057,0.07340,141848.8714,71,16
103.717992,1785530312.074725,23.60158,0.00979,914018.4409,15538,23.65488,0.07340,141846.1529,71,16
103.734992,1785530312.091725,23.60479,0.00979,914028.3089,15538,23.68363,0.07340,141859.8916,71,16
103.751992,1785530312.108725,23.59871,0.00979,914009.6034,15538,23.58391,0.07340,141812.2334,71,16
103.768992,1785530312.125725,23.59366,0.00979,913994.0194,15538,23.55552,0.07340,141798.6695,71,16
103.785992,1785530312.142725,23.61420,0.00979,914057.2898,15538,23.82949,0.07288,141929.5987,72,16
103.802992,1785530312.159725,23.58690,0.00979,913973.2167,15538,23.74512,0.07340,141889.2795,71,16
103.819992,1785530312.176725,23.59521,0.00979,913998.8210,15537,23.60314,0.07340,141821.4246,71,16
103.836992,1785530312.193725,23.61171,0.00979,914049.6355,15539,23.56008,0.07340,141800.8484,71,16
103.853992,1785530312.210725,23.61211,0.00979,914050.8690,15539,23.79756,0.07340,141914.3422,71,16
103.870992,1785530312.227725,23.58046,0.00979,913953.3843,15537,23.54634,0.07340,141794.2822,71,16
103.887992,1785530312.244725,23.56902,0.00979,913918.1268,15536,23.82097,0.07340,141925.5313,71,16
103.904992,1785530312.261725,23.57360,0.00979,913932.2466,15536,23.67481,0.07288,141855.6799,72,16
103.921992,1785530312.278725,23.60354,0.00979,914024.4752,15539,23.69788,0.07340,141866.7049,71,16
103.938992,1785530312.295725,23.61060,0.00979,914046.2130,15538,23.90648,0.07340,141966.3967,71,16
103.955992,1785530312.312725,23.60620,0.00979,914032.6576,15538,23.56517,0.07340,141803.2791,71,16
103.972992,1785530312.329725,23.62075,0.00979,914077.4608,15539,23.57446,0.07340,141807.7174,71,16
103.989992,1785530312.346725,23.60325,0.00979,914023.5673,15539,23.74973,0.07340,141891.4831,71,16
104.006992,1785530312.363725,23.61869,0.00979,914071.1205,15539,23.86852,0.07340,141948.2556,71,16
104.023992,1785530312.380725,23.61075,0.00979,914046.6641,15538,23.67949,0.07288,141857.9137,72,16
104.040992,1785530312.397725,23.57963,0.00979,913950.8238,15537,23.63179,0.07340,141835.1171,71,16
104.057992,1785530312.414725,23.56145,0.00979,913894.8371,15536,23.53187,0.07340,141787.3667,71,16
104.074992,1785530312.431725,23.57772,0.00979,913944.9462,15537,23.68840,0.07340,141862.1726,71,16
104.091992,1785530312.448725,23.57184,0.00979,913926.8376,15536,23.72607,0.07340,141880.1755,71,16
104.108992,1785530312.465725,23.58210,0.00979,913958.4300,15537,23.45147,0.07340,141748.9410,71,16
104.125992,1785530312.482725,23.59054,0.00979,913984.4159,15538,23.47505,0.07340,141760.2084,71,16
104.142992,1785530312.499725,23.59416,0.00979,913995.5773,15537,23.53656,0.07340,141789.6064,71,16
104.159992,1785530312.516725,23.59018,0.00979,913983.3309,15538,23.44100,0.07288,141743.9400,72,16
104.176992,1785530312.533725,23.59917,0.00979,914010.9976,15538,23.66467,0.07340,141850.8337,71,16
104.193992,1785530312.550725,23.60618,0.00979,914032.5830,15538,23.77349,0.07340,141902.8378,71,16
104.210992,1785530312.567725,23.58049,0.00979,913953.4577,15537,23.46074,0.07340,141753.3700,71,16
104.227992,1785530312.584725,23.57625,0.00979,913940.4121,15537,23.37041,0.07340,141710.2028,71,16
104.244992,1785530312.601725,23.58991,0.00979,913982.4773,15537,23.51763,0.07340,141780.5598,71,16
104.261992,1785530312.618725,23.58281,0.00979,913960.6185,15537,23.50822,0.07340,141776.0635,71,16
104.278992,1785530312.635725,23.57852,0.00979,913947.4068,15537,23.55814,0.07288,141799.9189,72,16
104.295992,1785530312.652725,23.58185,0.00979,913957.6624,15537,23.67861,0.07340,141857.4920,71,16
104.312992,1785530312.669725,23.55996,0.00979,913890.2228,15536,23.72644,0.07340,141880.3502,71,16
104.329992,1785530312.686725,23.57061,0.00979,913923.0483,15536,23.84496,0.07340,141936.9934,71,16
104.346992,1785530312.703725,23.60052,0.00979,914015.1735,15538,23.89700,0.07340,141961.8653,71,16
104.363992,1785530312.720725,23.60550,0.00979,914030.5119,15539,23.87353,0.07340,141950.6499,71,16
104.380992,1785530312.737725,23.57050,0.00979,913922.6870,15536,23.86378,0.07340,141945.9894,71,16
104.397992,1785530312.754725,23.60457,0.00979,914027.6382,15538,24.19982,0.07288,142106.5845,72,16
104.414992,1785530312.771725,23.61704,0.00979,914066.0514,15539,23.93540,0.07340,141980.2183,71,16
104.431992,1785530312.788725,23.61427,0.00979,914057.5038,15539,23.84482,0.07340,141936.9269,71,16
104.448992,1785530312.805725,23.59242,0.00979,913990.2104,15537,24.07318,0.07340,142046.0637,71,16
104.465992,1785530312.822725,23.59226,0.00979,913989.7205,15538,23.98289,0.07340,142002.9121,71,16
104.482992,1785530312.839725,23.59340,0.00979,913993.2484,15538,23.98732,0.07340,142005.0278,71,16
104.499992,1785530312.856725,23.60187,0.00979,914019.3353,15538,23.88296,0.07340,141955.1559,71,16
104.516992,1785530312.873725,23.57610,0.00979,913939.9378,15536,23.78772,0.07340,141909.6403,71,16
104.533992,1785530312.890725,23.59094,0.00979,913985.6443,15538,23.65160,0.07288,141844.5839,72,16
104.550992,1785530312.907725,23.59927,0.00979,914011.3071,15538,23.71203,0.07340,141873.4653,71,16
104.567992,1785530312.924725,23.59655,0.00979,914002.9355,15537,23.78799,0.07340,141909.7687,71,16
104.584992,1785530312.941725,23.58921,0.00979,913980.3396,15538,24.10642,0.07340,142061.9496,71,16
104.601992,1785530312.958725,23.58361,0.00979,913963.0912,15537,23.85905,0.07340,141943.7290,71,16
104.618992,1785530312.975725,23.60166,0.00979,914018.6645,15538,23.71691,0.07340,141875.7982,71,16
104.635992,1785530312.992725,23.60844,0.00979,914039.5538,15538,23.75456,0.07340,141893.7901,71,16
104.652992,1785530313.009725,23.60436,0.00979,914026.9963,15539,23.91839,0.07288,141972.0855,72,16
104.669992,1785530313.026725,23.58334,0.00979,913962.2465,15537,23.81156,0.07340,141921.0301,71,16
104.686992,1785530313.043725,23.59575,0.00979,914000.4738,15537,23.80245,0.07340,141916.6793,71,16
104.703992,1785530313.060725,23.56771,0.00979,913914.1144,15537,23.79291,0.07340,141912.1173,71,16
104.720992,1785530313.077725,23.56912,0.00979,913918.4596,15536,23.81668,0.07340,141923.4814,71,16
104.737992,1785530313.094725,23.57667,0.00979,913941.7028,15537,23.83997,0.07340,141934.6094,71,16
104.754992,1785530313.111725,23.58053,0.00979,913953.5861,15537,23.92577,0.07340,141975.6139,71,16
104.771992,1785530313.128725,23.61736,0.00979,914067.0329,15539,23.93221,0.07288,141978.6921,72,16
104.788992,1785530313.145725,23.60757,0.00979,914036.8818,15538,23.77824,0.07340,141905.1086,71,16
104.805992,1785530313.162725,23.60165,0.00979,914018.6513,15538,23.90188,0.07340,141964.1984,71,16
104.822992,1785530313.179725,23.62470,0.00979,914089.6518,15539,23.86384,0.07340,141946.0161,71,16
104.839992,1785530313.196725,23.61144,0.00979,914048.8031,15539,23.83525,0.07340,141932.3540,71,16
104.856992,1785530313.213725,23.59127,0.00979,913986.6650,15537,24.11116,0.07340,142064.2154,71,16
104.873992,1785530313.230725,23.60303,0.00979,914022.9085,15539,24.18763,0.07340,142100.7579,71,16
104.890992,1785530313.247725,23.59722,0.00979,914005.0130,15537,23.81660,0.07340,141923.4401,71,16
104.907992,1785530313.264725,23.62213,0.00979,914081.7251,15540,23.81564,0.07288,141922.9821,72,16
104.924992,1785530313.281725,23.61375,0.00979,914055.9080,15538,23.77852,0.07340,141905.2422,71,16
104.941992,1785530313.298725,23.59200,0.00979,913988.9125,15538,23.72624,0.07340,141880.2577,71,16
104.958992,1785530313.315725,23.60619,0.00979,914032.6201,15538,24.10634,0.07340,142061.9092,71,16
104.975992,1785530313.332725,23.60656,0.00979,914033.7730,15538,23.85889,0.07340,141943.6520,71,16
104.992992,1785530313.349725,23.59513,0.00979,913998.5580,15538,23.66924,0.07340,141853.0171,71,16
105.009992,1785530313.366725,23.58447,0.00979,913965.7251,15537,23.74531,0.07340,141889.3721,71,16
105.026992,1785530313.383725,23.59136,0.00979,913986.9518,15538,23.77790,0.07288,141904.9453,72,16
105.043992,1785530313.400725,23.60893,0.00979,914041.0819,15538,23.79727,0.07340,141914.2022,71,16
105.060992,1785530313.417725,23.60864,0.00979,914040.1812,15539,23.94958,0.07340,141986.9946,71,16
105.077992,1785530313.434725,23.56419,0.00979,913903.2620,15536,24.12092,0.07340,142068.8764,71,16
105.094992,1785530313.451725,23.57430,0.00979,913934.4174,15536,24.10191,0.07340,142059.7929,71,16
105.111992,1785530313.468725,23.60466,0.00979,914027.9157,15539,24.12986,0.07340,142073.1495,71,16
105.128992,1785530313.485725,23.60460,0.00979,914027.7364,15538,24.02042,0.07340,142020.8472,71,16
105.145992,1785530313.502725,23.59331,0.00979,913992.9558,15537,24.02590,0.07288,142023.4689,72,16
105.162992,1785530313.519725,23.60924,0.00979,914042.0203,15539,24.05866,0.07340,142039.1225,71,16
105.179992,1785530313.536725,23.60272,0.00979,914021.9443,15538,23.90625,0.07340,141966.2834,71,16
105.196992,1785530313.553725,23.60925,0.00979,914042.0379,15538,23.73543,0.07340,141884.6495,71,16
105.213992,1785530313.570725,23.60328,0.00979,914023.6540,15539,23.87836,0.07340,141952.9579,71,16
105.230992,1785530313.587725,23.61209,0.00979,914050.8135,15538,23.72141,0.07340,141877.9505,71,16
105.247992,1785530313.604725,23.60413,0.00979,914026.2927,15538,23.97307,0.07340,141998.2201,71,16
105.264992,1785530313.621725,23.59287,0.00979,913991.6082,15538,24.03503,0.07340,142027.8297,71,16
105.281992,1785530313.638725,23.58037,0.00979,913953.1129,15537,23.79212,0.07288,141911.7401,72,16
105.298992,1785530313.655725,23.58762,0.00979,913975.4332,15537,23.63642,0.07340,141837.3318,71,16
105.315992,1785530313.672725,23.60214,0.00979,914020.1681,15538,23.67414,0.07340,141855.3596,71,16
105.332992,1785530313.689725,23.57312,0.00979,913930.7660,15537,23.70249,0.07340,141868.9079,71,16
105.349992,1785530313.706725,23.60817,0.00979,914038.7202,15538,23.73553,0.07340,141884.6963,71,16
105.366992,1785530313.723725,23.59398,0.00979,913995.0125,15538,23.99212,0.07340,142007.3244,71,16
105.383992,1785530313.740725,23.59684,0.00979,914003.8376,15538,23.84022,0.07340,141934.7279,71,16
105.400992,1785530313.757725,23.61182,0.00979,914049.9570,15538,23.79653,0.07288,141913.8469,72,16
105.417992,1785530313.774725,23.60698,0.00979,914035.0502,15539,23.82109,0.07340,141925.5878,71,16
105.434992,1785530313.791725,23.60274,0.00979,914022.0062,15538,23.75953,0.07340,141896.1644,71,16
105.451992,1785530313.808725,23.61621,0.00979,914063.4929,15539,23.79737,0.07340,141914.2499,71,16
105.468992,1785530313.825725,23.62451,0.00979,914089.0418,15539,23.69761,0.07340,141866.5755,71,16
105.485992,1785530313.842725,23.59249,0.00979,913990.4196,15537,23.82123,0.07340,141925.6546,71,16
105.502992,1785530313.859725,23.62748,0.00979,914098.1894,15540,23.69309,0.07340,141864.4126,71,16
105.519992,1785530313.876725,23.63398,0.00979,914118.2185,15540,23.88576,0.07288,141956.4921,72,16
105.536992,1785530313.893725,23.61854,0.00979,914070.6516,15539,23.64046,0.07340,141839.2631,71,16
105.553992,1785530313.910725,23.62029,0.00979,914076.0434,15539,24.02072,0.07340,142020.9916,71,16
105.570992,1785530313.927725,23.62194,0.00979,914081.1370,15539,23.79286,0.07340,141912.0966,71,16
105.587992,1785530313.944725,23.63783,0.00979,914130.0705,15540,23.93527,0.07340,141980.1564,71,16
105.604992,1785530313.961725,23.61961,0.00979,914073.9567,15539,24.19189,0.07340,142102.7955,71,16
105.621992,1785530313.978725,23.61208,0.00979,914050.7640,15538,24.00222,0.07340,142012.1511,71,16
105.638992,1785530313.995725,23.62378,0.00979,914086.8200,15540,23.69800,0.07340,141866.7604,71,16
105.655992,1785530314.012725,23.65254,0.00979,914175.3757,15540,23.63286,0.07288,141835.6274,72,16
105.672992,1785530314.029725,23.61575,0.00979,914062.0623,15539,23.75480,0.07340,141893.9081,71,16
105.689992,1785530314.046725,23.61398,0.00979,914056.6218,15539,23.70256,0.07340,141868.9384,71,16
105.706992,1785530314.063725,23.60645,0.00979,914033.4411,15538,23.66928,0.07340,141853.0372,71,16
105.723992,1785530314.080725,23.58478,0.00979,913966.6815,15537,23.60722,0.07340,141823.3769,71,16
105.740992,1785530314.097725,23.58307,0.00979,913961.4137,15537,23.77376,0.07340,141902.9668,71,16
105.757992,1785530314.114725,23.59467,0.00979,913997.1529,15538,23.85925,0.07340,141943.8218,71,16
105.774992,1785530314.131725,23.60191,0.00979,914019.4346,15538,23.80142,0.07288,141916.1878,72,16
105.791992,1785530314.148725,23.58642,0.00979,913971.7392,15537,23.95412,0.07340,141989.1625,71,16
105.808992,1785530314.165725,23.59948,0.00979,914011.9542,15538,23.75942,0.07340,141896.1126,71,16
105.825992,1785530314.182725,23.61137,0.00979,914048.5932,15539,23.78288,0.07340,141907.3277,71,16
105.842992,1785530314.199725,23.59104,0.00979,913985.9732,15537,23.73136,0.07340,141882.7028,71,16
105.859992,1785530314.216725,23.57820,0.00979,913946.4017,15537,24.15457,0.07340,142084.9588,71,16
105.876992,1785530314.233725,23.60195,0.00979,914019.5584,15538,23.89253,0.07340,141959.7281,71,16
105.893992,1785530314.250725,23.61533,0.00979,914060.7842,15539,23.61888,0.07288,141828.9495,72,16
105.910992,1785530314.267725,23.60720,0.00979,914035.7398,15538,23.76897,0.07340,141900.6802,71,16
105.927992,1785530314.284725,23.61444,0.00979,914058.0351,15539,23.74057,0.07340,141887.1064,71,16
105.944992,1785530314.301725,23.62755,0.00979,914098.4248,15540,23.85916,0.07340,141943.7810,71,16
105.961992,1785530314.318725,23.62455,0.00979,914089.1904,15539,23.70736,0.07340,141871.2357,71,16
105.978992,1785530314.335725,23.60841,0.00979,914039.4785,15538,23.87846,0.07340,141953.0032,71,16
105.995992,1785530314.352725,23.60078,0.00979,914015.9557,15538,23.92153,0.07340,141973.5862,71,16
106.012992,1785530314.369725,23.59056,0.00979,913984.4899,15538,23.90203,0.07340,141964.2705,71,16
106.029992,1785530314.386725,23.56083,0.00979,913892.9064,15536,23.97931,0.07288,142001.2019,72,16
106.046992,1785530314.403725,23.58175,0.00979,913957.3630,15537,24.03032,0.07340,142025.5796,71,16
106.063992,1785530314.420725,23.59234,0.00979,913989.9582,15537,23.80202,0.07340,141916.4732,71,16
106.080992,1785530314.437725,23.60533,0.00979,914029.9690,15539,24.03989,0.07340,142030.1523,71,16
106.097992,1785530314.454725,23.58025,0.00979,913952.7245,15536,23.93028,0.07340,141977.7719,71,16
106.114992,1785530314.471725,23.59488,0.00979,913997.7871,15538,23.72624,0.07340,141880.2570,71,16
106.131992,1785530314.488725,23.58441,0.00979,913965.5521,15537,23.68401,0.07340,141860.0769,71,16
106.148992,1785530314.505725,23.59410,0.00979,913995.3885,15538,23.55802,0.07288,141799.8632,72,16
106.165992,1785530314.522725,23.59232,0.00979,913989.9186,15538,23.54148,0.07340,141791.9598,71,16
106.182992,1785530314.539725,23.58236,0.00979,913959.2378,15537,23.73584,0.07340,141884.8452,71,16
106.199992,1785530314.556725,23.57441,0.00979,913934.7439,15536,23.72625,0.07340,141880.2628,71,16
106.216992,1785530314.573725,23.59284,0.00979,913991.4976,15538,23.66449,0.07340,141850.7457,71,16
106.233992,1785530314.590725,23.61706,0.00979,914066.1012,15539,23.75473,0.07340,141893.8722,71,16
106.250992,1785530314.607725,23.58568,0.00979,913969.4439,15537,24.11621,0.07340,142066.6261,71,16
106.267992,1785530314.624725,23.60327,0.00979,914023.6341,15538,24.03101,0.07288,142025.9120,72,16
106.284992,1785530314.641725,23.57527,0.00979,913937.4034,15537,23.99682,0.07340,142009.5695,71,16
106.301992,1785530314.658725,23.61081,0.00979,914046.8474,15538,24.14428,0.07340,142080.0449,71,16
106.318992,1785530314.675725,23.57379,0.00979,913932.8400,15537,23.93971,0.07340,141982.2767,71,16
106.335992,1785530314.692725,23.60879,0.00979,914040.6375,15538,23.95877,0.07340,141991.3871,71,16
106.352992,1785530314.709725,23.61981,0.00979,914074.5750,15539,24.09687,0.07340,142057.3828,71,16
106.369992,1785530314.726725,23.61695,0.00979,914065.7682,15539,23.75003,0.07340,141891.6275,71,16
106.386992,1785530314.743725,23.61201,0.00979,914050.5555,15539,23.77386,0.07340,141903.0128,71,16
106.403992,1785530314.760725,23.60810,0.00979,914038.4974,15538,23.51589,0.07288,141779.7290,72,16
106.420992,1785530314.777725,23.61262,0.00979,914052.4226,15539,23.66046,0.07340,141848.8196,71,16
106.437992,1785530314.794725,23.57401,0.00979,913933.5229,15536,23.64609,0.07340,141841.9501,71,16
106.454992,1785530314.811725,23.57892,0.00979,913948.6278,15537,23.86402,0.07340,141946.1031,71,16
106.471992,1785530314.828725,23.58450,0.00979,913965.8250,15537,23.95916,0.07340,141991.5730,71,16
106.488992,1785530314.845725,23.58204,0.00979,913958.2324,15537,23.93526,0.07340,141980.1517,71,16
106.505992,1785530314.862725,23.63506,0.00979,914121.5609,15540,24.00180,0.07340,142011.9482,71,16
106.522992,1785530314.879725,23.59825,0.00979,914008.1860,15538,23.69835,0.07288,141866.9270,72,16
106.539992,1785530314.896725,23.61659,0.00979,914064.6464,15539,23.83075,0.07340,141930.2020,71,16
106.556992,1785530314.913725,23.59762,0.00979,914006.2362,15538,23.74029,0.07340,141886.9724,71,16
106.573992,1785530314.930725,23.58957,0.00979,913981.4351,15537,23.82134,0.07340,141925.7064,71,16
106.590992,1785530314.947725,23.60104,0.00979,914016.7634,15538,23.78310,0.07340,141907.4311,71,16
106.607992,1785530314.964725,23.60113,0.00979,914017.0364,15538,24.11591,0.07340,142066.4819,71,16
106.624992,1785530314.981725,23.60443,0.00979,914027.2118,15538,23.70238,0.07340,141868.8516,71,16
106.641992,1785530314.998725,23.58085,0.00979,913954.5797,15537,23.86217,0.07288,141945.2185,72,16
106.658992,1785530315.015725,23.58279,0.00979,913960.5439,15537,23.74998,0.07340,141891.6020,71,16
106.675992,1785530315.032725,23.59287,0.00979,913991.5958,15538,23.75928,0.07340,141896.0451,71,16
106.692992,1785530315.049725,23.60000,0.00979,914013.5571,15538,23.76417,0.07340,141898.3835,71,16
106.709992,1785530315.066725,23.59629,0.00979,914002.1354,15538,23.89247,0.07340,141959.6976,71,16
106.726992,1785530315.083725,23.58410,0.00979,913964.5954,15537,24.01597,0.07340,142018.7206,71,16
106.743992,1785530315.100725,23.58900,0.00979,913979.6709,15537,23.64995,0.07340,141843.7993,71,16
106.760992,1785530315.117725,23.60108,0.00979,914016.8751,15538,23.74084,0.07340,141887.2353,71,16
106.777992,1785530315.134725,23.58129,0.00979,913955.9307,15537,23.81048,0.07288,141920.5139,72,16
106.794992,1785530315.151725,23.59080,0.00979,913985.2360,15538,23.96382,0.07340,141993.7976,71,16
106.811992,1785530315.168725,23.58003,0.00979,913952.0448,15537,23.84077,0.07340,141934.9910,71,16
106.828992,1785530315.185725,23.59953,0.00979,914012.1010,15538,23.73093,0.07340,141882.4971,71,16
106.845992,1785530315.202725,23.59563,0.00979,914000.1039,15537,23.99691,0.07340,142009.6111,71,16
106.862992,1785530315.219725,23.58531,0.00979,913968.3090,15538,23.92098,0.07340,141973.3237,71,16
106.879992,1785530315.236725,23.58251,0.00979,913959.7068,15537,23.96839,0.07340,141995.9811,71,16
106.896992,1785530315.253725,23.56764,0.00979,913913.8770,15536,23.81505,0.07288,141922.6981,72,16
106.913992,1785530315.270725,23.60521,0.00979,914029.6104,15538,23.59375,0.07340,141816.9390,71,16
106.930992,1785530315.287725,23.59538,0.00979,913999.3294,15538,23.81170,0.07340,141921.0976,71,16
106.947992,1785530315.304725,23.60699,0.00979,914035.0938,15538,23.81648,0.07340,141923.3843,71,16
106.964992,1785530315.321725,23.60225,0.00979,914020.4773,15538,23.88776,0.07340,141957.4473,71,16
106.981992,1785530315.338725,23.59886,0.00979,914010.0661,15538,23.86878,0.07340,141948.3793,71,16
106.998992,1785530315.355725,23.57451,0.00979,913935.0404,15537,23.80223,0.07340,141916.5713,71,16
107.015992,1785530315.372725,23.56201,0.00979,913896.5511,15536,23.67520,0.07288,141855.8629,72,16
107.032992,1785530315.389725,23.58097,0.00979,913954.9619,15537,23.55072,0.07340,141796.3727,71,16
107.049992,1785530315.406725,23.60783,0.00979,914037.6896,15538,23.72119,0.07340,141877.8427,71,16
107.066992,1785530315.423725,23.60195,0.00979,914019.5714,15538,23.63128,0.07340,141834.8755,71,16
107.083992,1785530315.440725,23.60669,0.00979,914034.1561,15539,23.65045,0.07340,141844.0361,71,16
107.100992,1785530315.457725,23.61322,0.00979,914054.2922,15538,23.65090,0.07340,141844.2527,71,16
107.117992,1785530315.474725,23.58586,0.00979,913970.0245,15537,23.88779,0.07340,141957.4633,71,16
107.134992,1785530315.491725,23.60522,0.00979,914029.6299,15539,23.85939,0.07340,141943.8885,71,16
107.151992,1785530315.508725,23.60110,0.00979,914016.9624,15538,23.71694,0.07288,141875.8130,72,16
107.168992,1785530315.525725,23.58524,0.00979,913968.0991,15537,24.02561,0.07340,142023.3297,71,16
107.185992,1785530315.542725,23.56538,0.00979,913906.9389,15536,24.09680,0.07340,142057.3518,71,16
107.202992,1785530315.559725,23.57891,0.00979,913948.6030,15537,24.04933,0.07340,142034.6632,71,16
107.219992,1785530315.576725,23.57622,0.00979,913940.3082,15537,23.74536,0.07340,141889.3929,71,16
107.236992,1785530315.593725,23.59241,0.00979,913990.1733,15537,23.88811,0.07340,141957.6166,71,16
107.253992,1785530315.610725,23.60921,0.00979,914041.9204,15539,23.84947,0.07340,141939.1509,71,16
107.270992,1785530315.627725,23.62562,0.00979,914092.4708,15539,23.63261,0.07288,141835.5101,72,16
107.287992,1785530315.644725,23.63963,0.00979,914135.6266,15540,23.76414,0.07340,141898.3679,71,16
107.304992,1785530315.661725,23.59525,0.00979,913998.9402,15538,23.71194,0.07340,141873.4249,71,16
107.321992,1785530315.678725,23.60586,0.00979,914031.6019,15538,23.77373,0.07340,141902.9507,71,16
107.338992,1785530315.695725,23.59650,0.00979,914002.7831,15538,23.78334,0.07340,141907.5444,71,16
107.355992,1785530315.712725,23.59571,0.00979,914000.3466,15538,23.74977,0.07340,141891.5037,71,16
107.372992,1785530315.729725,23.58500,0.00979,913967.3532,15537,23.65034,0.07340,141843.9849,71,16
107.389992,1785530315.746725,23.57725,0.00979,913943.4912,15536,23.75897,0.07288,141895.8966,72,16
107.406992,1785530315.763725,23.58869,0.00979,913978.7117,15538,24.13499,0.07340,142075.6011,71,16
107.423992,1785530315.780725,23.58680,0.00979,913972.8980,15537,23.90173,0.07340,141964.1259,71,16
107.440992,1785530315.797725,23.59357,0.00979,913993.7467,15538,23.73075,0.07340,141882.4100,71,16
107.457992,1785530315.814725,23.58312,0.00979,913961.5622,15537,23.65024,0.07340,141843.9334,71,16
107.474992,1785530315.831725,23.60542,0.00979,914030.2593,15538,23.50785,0.07340,141775.8837,71,16
107.491992,1785530315.848725,23.61309,0.00979,914053.8722,15539,23.59815,0.07340,141819.0405,71,16
107.508992,1785530315.865725,23.61510,0.00979,914060.0755,15539,23.68363,0.07340,141859.8915,71,16
107.525992,1785530315.882725,23.62446,0.00979,914088.9065,15539,23.77781,0.07288,141904.9048,72,16
107.542992,1785530315.899725,23.60636,0.00979,914033.1512,15538,23.70240,0.07340,141868.8614,71,16
107.559992,1785530315.916725,23.63229,0.00979,914113.0136,15540,23.67405,0.07340,141855.3137,71,16
107.576992,1785530315.933725,23.60086,0.00979,914016.2159,15538,23.81171,0.07340,141921.1027,71,16
107.593992,1785530315.950725,23.61511,0.00979,914060.1002,15539,23.73567,0.07340,141884.7632,71,16
107.610992,1785530315.967725,23.59015,0.00979,913983.2233,15537,23.74034,0.07340,141886.9935,71,16
107.627992,1785530315.984725,23.60190,0.00979,914019.4096,15538,23.71178,0.07340,141873.3473,71,16
107.644992,1785530316.001725,23.62241,0.00979,914082.5802,15539,23.77340,0.07288,141902.7973,72,16
107.661992,1785530316.018725,23.61513,0.00979,914060.1500,15539,23.91618,0.07340,141971.0318,71,16
107.678992,1785530316.035725,23.61877,0.00979,914071.3850,15539,23.98239,0.07340,142002.6748,71,16
107.695992,1785530316.052725,23.62462,0.00979,914089.3993,15539,23.93057,0.07340,141977.9064,71,16
107.712992,1785530316.069725,23.60087,0.00979,914016.2280,15538,23.78786,0.07340,141909.7068,71,16
107.729992,1785530316.086725,23.60254,0.00979,914021.3844,15538,23.74959,0.07340,141891.4158,71,16
107.746992,1785530316.103725,23.60440,0.00979,914027.1093,15539,23.80265,0.07340,141916.7724,71,16
107.763992,1785530316.120725,23.61965,0.00979,914074.0805,15539,23.92073,0.07340,141973.2040,71,16
107.780992,1785530316.137725,23.60666,0.00979,914034.0871,15538,23.88588,0.07288,141956.5482,72,16
107.797992,1785530316.154725,23.61473,0.00979,914058.9306,15539,23.68809,0.07340,141862.0235,71,16
107.814992,1785530316.171725,23.57839,0.00979,913946.9998,15537,23.63569,0.07340,141836.9816,71,16
107.831992,1785530316.188725,23.56977,0.00979,913920.4471,15536,23.78334,0.07340,141907.5442,71,16
107.848992,1785530316.205725,23.58531,0.00979,913968.3265,15537,23.98302,0.07340,142002.9738,71,16
107.865992,1785530316.222725,23.58424,0.00979,913965.0175,15537,23.76388,0.07340,141898.2439,71,16
107.882992,1785530316.239725,23.57393,0.00979,913933.2638,15537,23.79713,0.07340,141914.1353,71,16
107.899992,1785530316.256725,23.56594,0.00979,913908.6583,15536,23.78245,0.07288,141907.1191,72,16
107.916992,1785530316.273725,23.57751,0.00979,913944.2854,15537,23.62667,0.07340,141832.6714,71,16
107.933992,1785530316.290725,23.57955,0.00979,913950.5777,15537,23.62167,0.07340,141830.2826,71,16
107.950992,1785530316.307725,23.56048,0.00979,913891.8509,15536,23.68803,0.07340,141861.9977,71,16
107.967992,1785530316.324725,23.56671,0.00979,913911.0154,15536,23.66922,0.07340,141853.0073,71,16
107.984992,1785530316.341725,23.56598,0.00979,913908.7821,15536,23.82121,0.07340,141925.6448,71,16
108.001992,1785530316.358725,23.55562,0.00979,913876.8743,15536,23.88810,0.07340,141957.6128,71,16
108.018992,1785530316.375725,23.60248,0.00979,914021.1861,15538,23.77786,0.07288,141904.9251,72,16
108.035992,1785530316.392725,23.59689,0.00979,914003.9915,15537,24.02088,0.07340,142021.0692,71,16
108.052992,1785530316.409725,23.59244,0.00979,913990.2820,15538,23.75494,0.07340,141893.9747,71,16
108.069992,1785530316.426725,23.54735,0.00979,913851.3892,15535,23.80239,0.07340,141916.6485,71,16
108.086992,1785530316.443725,23.57477,0.00979,913935.8608,15537,23.87808,0.07340,141952.8234,71,16
108.103992,1785530316.460725,23.52802,0.00979,913791.8598,15534,24.09696,0.07340,142057.4288,71,16
108.120992,1785530316.477725,23.52563,0.00979,913784.4820,15534,24.19192,0.07340,142102.8104,71,16
108.137992,1785530316.494725,23.57351,0.00979,913931.9746,15537,23.93548,0.07340,141980.2544,71,16
108.154992,1785530316.511725,23.58037,0.00979,913953.1114,15536,23.89962,0.07288,141963.1182,72,16
108.171992,1785530316.528725,23.59630,0.00979,914002.1726,15538,24.07311,0.07340,142046.0284,71,16
108.188992,1785530316.545725,23.58652,0.00979,913972.0394,15538,24.06840,0.07340,142043.7781,71,16
108.205992,1785530316.562725,23.58416,0.00979,913964.7811,15537,23.79731,0.07340,141914.2234,71,16
108.222992,1785530316.579725,23.59961,0.00979,914012.3489,15538,23.74039,0.07340,141887.0190,71,16
108.239992,1785530316.596725,23.58279,0.00979,913960.5566,15537,23.89709,0.07340,141961.9073,71,16
108.256992,1785530316.613725,23.59188,0.00979,913988.5576,15537,24.06347,0.07340,142041.4241,71,16
108.273992,1785530316.630725,23.58077,0.00979,913954.3398,15537,24.03080,0.07288,142025.8101,72,16
108.290992,1785530316.647725,23.57964,0.00979,913950.8612,15537,23.68362,0.07340,141859.8867,71,16
108.307992,1785530316.664725,23.58955,0.00979,913981.3735,15537,23.71223,0.07340,141873.5630,71,16
108.324992,1785530316.681725,23.58503,0.00979,913967.4388,15538,23.74989,0.07340,141891.5609,71,16
108.341992,1785530316.698725,23.57392,0.00979,913933.2396,15536,23.68334,0.07340,141859.7522,71,16
108.358992,1785530316.715725,23.57496,0.00979,913936.4355,15537,23.81707,0.07340,141923.6674,71,16
108.375992,1785530316.732725,23.57265,0.00979,913929.3225,15536,24.02596,0.07340,142023.4951,71,16
108.392992,1785530316.749725,23.59652,0.00979,914002.8565,15538,24.04966,0.07288,142034.8237,72,16
108.409992,1785530316.766725,23.59955,0.00979,914012.1753,15538,23.93046,0.07340,141977.8549,71,16
108.426992,1785530316.783725,23.59811,0.00979,914007.7542,15538,23.85920,0.07340,141943.8015,71,16
108.443992,1785530316.800725,23.57988,0.00979,913951.5945,15537,23.76894,0.07340,141900.6642,71,16
108.460992,1785530316.817725,23.58153,0.00979,913956.6782,15537,23.77826,0.07340,141905.1187,71,16
108.477992,1785530316.834725,23.57344,0.00979,913931.7585,15536,24.09675,0.07340,142057.3255,71,16
108.494992,1785530316.851725,23.57528,0.00979,913937.4282,15537,23.90676,0.07340,141966.5314,71,16
108.511992,1785530316.868725,23.60038,0.00979,914014.7350,15538,23.87296,0.07340,141950.3769,71,16
108.528992,1785530316.885725,23.58060,0.00979,913953.7966,15537,23.68863,0.07288,141862.2808,72,16
108.545992,1785530316.902725,23.57581,0.00979,913939.0562,15537,23.64602,0.07340,141841.9205,71,16
108.562992,1785530316.919725,23.56994,0.01087,913920.9649,12587,23.85988,0.08191,141944.1243,57,16
109.846295,1785530318.203028,23.55885,0.01008,913886.8055,15536,23.79285,0.07220,141912.0912,71,17
109.863295,1785530318.220028,23.57616,0.01008,913940.1349,15537,23.86208,0.07169,141945.1775,72,17
109.880295,1785530318.237028,23.57583,0.01008,913939.1052,15536,23.90648,0.07220,141966.3970,71,17
109.897295,1785530318.254028,23.57873,0.01008,913948.0537,15537,24.09209,0.07220,142055.1014,71,17
109.914295,1785530318.271028,23.57607,0.01008,913939.8525,15537,23.87365,0.07220,141950.7060,71,17
109.931295,1785530318.288028,23.59852,0.01008,914008.9940,15538,24.13043,0.07220,142073.4231,71,17
109.948295,1785530318.305028,23.61153,0.01008,914049.0742,15538,23.98276,0.07220,142002.8499,71,17
109.965295,1785530318.322028,23.58869,0.01008,913978.7367,15538,23.87791,0.07220,141952.7404,71,17
109.982295,1785530318.339028,23.59688,0.01008,914003.9617,15538,24.01702,0.07169,142019.2244,72,17
109.999295,1785530318.356028,23.58605,0.01008,913970.5844,15537,23.85472,0.07220,141941.6594,71,17
110.016295,1785530318.373028,23.58256,0.01008,913959.8352,15537,23.59800,0.07220,141818.9688,71,17
110.033295,1785530318.390028,23.58762,0.01008,913975.4208,15537,24.17786,0.07220,142096.0914,71,17
110.050295,1785530318.407028,23.58300,0.01008,913961.1989,15537,24.10171,0.07220,142059.7000,71,17
110.067295,1785530318.424028,23.56956,0.01008,913919.8063,15537,24.09666,0.07220,142057.2843,71,17
110.084295,1785530318.441028,23.60058,0.01008,914015.3584,15538,24.04435,0.07220,142032.2841,71,17
110.101295,1785530318.458028,23.60044,0.01008,914014.9084,15538,24.13033,0.07220,142073.3770,71,17
110.118295,1785530318.475028,23.59332,0.01008,913992.9805,15537,23.95570,0.07169,141989.9191,72,17
110.135295,1785530318.492028,23.62543,0.01008,914091.9001,15540,24.01109,0.07220,142016.3876,71,17
110.152295,1785530318.509028,23.59993,0.01008,914013.3343,15538,23.83070,0.07220,141930.1810,71,17
110.169295,1785530318.526028,23.58064,0.01008,913953.9332,15536,23.85414,0.07220,141941.3810,71,17
110.186295,1785530318.543028,23.58048,0.01008,913953.4454,15537,23.88767,0.07220,141957.4066,71,17
110.203295,1785530318.560028,23.58897,0.01008,913979.5816,15538,24.11106,0.07220,142064.1642,71,17
110.220295,1785530318.577028,23.57385,0.01008,913933.0167,15536,24.10215,0.07220,142059.9058,71,17
110.237295,1785530318.594028,23.60095,0.01008,914016.4865,15538,24.03563,0.07169,142028.1161,72,17
110.254295,1785530318.611028,23.54754,0.01008,913851.9680,15536,24.13972,0.07220,142077.8616,71,17
110.271295,1785530318.628028,23.58709,0.01008,913973.7925,15537,24.19202,0.07220,142102.8573,71,17
110.288295,1785530318.645028,23.57017,0.01008,913921.6926,15536,24.03501,0.07220,142027.8198,71,17
110.305295,1785530318.662028,23.56776,0.01008,913914.2614,15537,24.11605,0.07220,142066.5488,71,17
110.322295,1785530318.679028,23.58687,0.01008,913973.1211,15537,24.00688,0.07220,142014.3793,71,17
110.339295,1785530318.696028,23.58301,0.01008,913961.2233,15537,23.95433,0.07220,141989.2617,71,17
110.356295,1785530318.713028,23.62082,0.01008,914077.6957,15539,23.88543,0.07169,141956.3341,72,17
110.373295,1785530318.730028,23.58513,0.01008,913967.7542,15537,23.97804,0.07220,142000.5951,71,17
110.390295,1785530318.747028,23.56784,0.01008,913914.5196,15536,24.03481,0.07220,142027.7264,71,17
110.407295,1785530318.764028,23.58249,0.01008,913959.6247,15537,23.96828,0.07220,141995.9286,71,17
110.424295,1785530318.781028,23.58787,0.01008,913976.1902,15538,23.76425,0.07220,141898.4245,71,17
110.441295,1785530318.798028,23.59794,0.01008,914007.2175,15538,23.70717,0.07220,141871.1428,71,17
110.458295,1785530318.815028,23.57717,0.01008,913943.2436,15536,23.76865,0.07220,141900.5256,71,17
110.475295,1785530318.832028,23.59404,0.01008,913995.1905,15538,23.84973,0.07220,141939.2750,71,17
110.492295,1785530318.849028,23.58668,0.01008,913972.5228,15537,23.83939,0.07169,141934.3305,72,17
110.509295,1785530318.866028,23.58146,0.01008,913956.4680,15537,23.87334,0.07220,141950.5571,71,17
110.526295,1785530318.883028,23.55731,0.01008,913882.0682,15536,23.72149,0.07220,141877.9869,71,17
110.543295,1785530318.900028,23.58679,0.01008,913972.8864,15537,23.69316,0.07220,141864.4486,71,17
110.560295,1785530318.917028,23.60382,0.01008,914025.3239,15538,23.85898,0.07220,141943.6931,71,17
110.577295,1785530318.934028,23.61911,0.01008,914072.4282,15539,23.77852,0.07220,141905.2428,71,17
110.594295,1785530318.951028,23.58916,0.01008,913980.1620,15538,23.73097,0.07220,141882.5180,71,17
110.611295,1785530318.968028,23.57166,0.01008,913926.2814,15536,23.63723,0.07169,141837.7190,72,17
110.628295,1785530318.985028,23.60659,0.01008,914033.8541,15539,23.73085,0.07220,141882.4614,71,17
110.645295,1785530319.002028,23.59388,0.01008,913994.7211,15537,23.96857,0.07220,141996.0684,71,17
110.662295,1785530319.019028,23.59090,0.01008,913985.5205,15538,23.70220,0.07220,141868.7694,71,17
110.679295,1785530319.036028,23.58875,0.01008,913978.9118,15537,24.00681,0.07220,142014.3435,71,17
110.696295,1785530319.053028,23.57566,0.01008,913938.5812,15537,24.16808,0.07220,142091.4150,71,17
110.713295,1785530319.070028,23.58199,0.01008,913958.0833,15537,23.90197,0.07220,141964.2398,71,17
110.730295,1785530319.087028,23.59970,0.01008,914012.6382,15538,23.83396,0.07169,141931.7369,72,17
110.747295,1785530319.104028,23.61432,0.01008,914057.6597,15538,23.91634,0.07220,141971.1092,71,17
110.764295,1785530319.121028,23.59596,0.01008,914001.1296,15538,23.56964,0.07220,141805.4157,71,17
110.781295,1785530319.138028,23.61890,0.01008,914071.7675,15539,23.68846,0.07220,141862.2029,71,17
110.798295,1785530319.155028,23.60505,0.01008,914029.1291,15538,23.80222,0.07220,141916.5701,71,17
110.815295,1785530319.172028,23.59515,0.01008,913998.6196,15538,23.90668,0.07220,141966.4898,71,17
110.832295,1785530319.189028,23.58778,0.01008,913975.9266,15537,23.84965,0.07220,141939.2334,71,17
110.849295,1785530319.206028,23.56503,0.01008,913905.8489,15537,23.91137,0.07220,141968.7346,71,17
110.866295,1785530319.223028,23.55806,0.01008,913884.3779,15535,23.86685,0.07169,141947.4574,72,17
110.883295,1785530319.240028,23.58470,0.01008,913966.4327,15538,23.72122,0.07220,141877.8582,71,17
110.900295,1785530319.257028,23.56531,0.01008,913906.7284,15536,24.00194,0.07220,142012.0152,71,17
110.917295,1785530319.274028,23.56267,0.01008,913898.5878,15536,23.68827,0.07220,141862.1112,71,17
110.934295,1785530319.291028,23.55274,0.01008,913868.0073,15535,23.75030,0.07220,141891.7566,71,17
110.951295,1785530319.308028,23.55460,0.01008,913873.7174,15536,23.85412,0.07220,141941.3707,71,17
110.968295,1785530319.325028,23.57241,0.01008,913928.5944,15536,23.85461,0.07220,141941.6079,71,17
110.985295,1785530319.342028,23.56555,0.01008,913907.4620,15536,23.72605,0.07169,141880.1652,72,17
111.002295,1785530319.359028,23.56456,0.01008,913904.4039,15536,23.85441,0.07220,141941.5097,71,17
111.019295,1785530319.376028,23.57002,0.01008,913921.2316,15537,23.79279,0.07220,141912.0607,71,17
111.036295,1785530319.393028,23.57090,0.01008,913923.9199,15536,23.80702,0.07220,141918.8627,71,17
111.053295,1785530319.410028,23.56615,0.01008,913909.3130,15536,23.83096,0.07220,141930.3046,71,17
111.070295,1785530319.427028,23.54107,0.01008,913832.0625,15535,23.71196,0.07220,141873.4342,71,17
111.087295,1785530319.444028,23.57122,0.01008,913924.9132,15537,23.57928,0.07220,141810.0240,71,17
111.104295,1785530319.461028,23.55411,0.01008,913872.2203,15535,24.06852,0.07220,142043.8345,71,17
111.121295,1785530319.478028,23.54745,0.01008,913851.7160,15535,23.88544,0.07169,141956.3383,72,17
111.138295,1785530319.495028,23.55165,0.01008,913864.6433,15536,23.73605,0.07220,141884.9432,71,17
111.155295,1785530319.512028,23.58006,0.01008,913952.1314,15537,23.76906,0.07220,141900.7212,71,17
111.172295,1785530319.529028,23.56272,0.01008,913898.7472,15536,23.61268,0.07220,141825.9873,71,17
111.189295,1785530319.546028,23.55638,0.01008,913879.2208,15535,23.68830,0.07220,141862.1262,71,17
111.206295,1785530319.563028,23.55399,0.01008,913871.8537,15536,23.74513,0.07220,141889.2845,71,17
111.223295,1785530319.580028,23.57229,0.01008,913928.2069,15536,23.60756,0.07220,141823.5362,71,17
111.240295,1785530319.597028,23.56539,0.01008,913906.9524,15537,23.89026,0.07169,141958.6434,72,17
111.257295,1785530319.614028,23.57388,0.01008,913933.1034,15536,23.92553,0.07220,141975.5011,71,17
111.274295,1785530319.631028,23.55076,0.01008,913861.9064,15535,23.88761,0.07220,141957.3757,71,17
111.291295,1785530319.648028,23.56725,0.01008,913912.6956,15537,23.94509,0.07220,141984.8473,71,17
111.308295,1785530319.665028,23.57614,0.01008,913940.0740,15536,23.93020,0.07220,141977.7308,71,17
111.325295,1785530319.682028,23.57554,0.01008,913938.2242,15537,23.85430,0.07220,141941.4583,71,17
111.342295,1785530319.699028,23.59450,0.01008,913996.6284,15538,23.77859,0.07220,141905.2735,71,17
111.359295,1785530319.716028,23.56931,0.01008,913919.0216,15536,23.82946,0.07169,141929.5876,72,17
111.376295,1785530319.733028,23.55908,0.01008,913887.5273,15536,23.80714,0.07220,141918.9195,71,17
111.393295,1785530319.750028,23.58305,0.01008,913961.3518,15537,23.86853,0.07220,141948.2607,71,17
111.410295,1785530319.767028,23.57772,0.01008,913944.9344,15537,23.86889,0.07220,141948.4310,71,17
111.427295,1785530319.784028,23.52956,0.01009,913796.6155,15534,23.69328,0.07220,141864.5052,71,17
111.444295,1785530319.801028,23.56963,0.01008,913920.0276,15536,23.62662,0.07220,141832.6453,71,17
111.461295,1785530319.818028,23.56666,0.01008,913910.8816,15537,23.69814,0.07220,141866.8286,71,17
111.478295,1785530319.835028,23.57446,0.01008,913934.9049,15536,23.69763,0.07220,141866.5856,71,17
111.495295,1785530319.852028,23.54593,0.01008,913847.0152,15535,23.76816,0.07169,141900.2890,72,17
111.512295,1785530319.869028,23.53920,0.01008,913826.2832,15535,23.71673,0.07220,141875.7103,71,17
111.529295,1785530319.886028,23.53889,0.01008,913825.3267,15535,23.75922,0.07220,141896.0197,71,17
111.546295,1785530319.903028,23.52361,0.01009,913778.2689,15534,23.82094,0.07220,141925.5154,71,17
111.563295,1785530319.920028,23.55721,0.01008,913881.7807,15535,23.69775,0.07220,141866.6421,71,17
111.580295,1785530319.937028,23.55523,0.01008,913875.6594,15536,23.65064,0.07220,141844.1291,71,17
111.597295,1785530319.954028,23.54247,0.01008,913836.3624,15535,23.74550,0.07220,141889.4593,71,17
111.614295,1785530319.971028,23.56611,0.01008,913909.1768,15536,23.69813,0.07169,141866.8207,72,17
111.631295,1785530319.988028,23.56614,0.01008,913909.2758,15536,23.72651,0.07220,141880.3860,71,17
111.648295,1785530320.005028,23.56968,0.01008,913920.1656,15537,23.75015,0.07220,141891.6840,71,17
111.665295,1785530320.022028,23.56771,0.01008,913914.0998,15536,23.84916,0.07220,141939.0019,71,17
111.682295,1785530320.039028,23.58747,0.01008,913974.9578,15537,23.99719,0.07220,142009.7456,71,17
111.699295,1785530320.056028,23.57823,0.01008,913946.5008,15537,23.99227,0.07220,142007.3968,71,17
111.716295,1785530320.073028,23.54933,0.01008,913857.4826,15535,24.00648,0.07220,142014.1841,71,17
111.733295,1785530320.090028,23.54712,0.01008,913850.6803,15535,23.91825,0.07169,141972.0197,72,17
111.750295,1785530320.107028,23.55181,0.01008,913865.1431,15536,23.79259,0.07220,141911.9677,71,17
111.767295,1785530320.124028,23.56836,0.01008,913916.0979,15536,23.68839,0.07220,141862.1675,71,17
111.784295,1785530320.141028,23.53949,0.01008,913827.1901,15535,23.83545,0.07220,141932.4473,71,17
111.801295,1785530320.158028,23.50508,0.01009,913721.2037,15533,23.75019,0.07220,141891.7043,71,17
111.818295,1785530320.175028,23.56272,0.01008,913898.7348,15536,23.69777,0.07220,141866.6525,71,17
111.835295,1785530320.192028,23.58705,0.01008,913973.6811,15537,23.56977,0.07220,141805.4776,71,17
111.852295,1785530320.209028,23.57404,0.01008,913933.6107,15537,23.70701,0.07220,141871.0658,71,17
111.869295,1785530320.226028,23.57247,0.01008,913928.7793,15536,23.87626,0.07169,141951.9513,72,17
111.886295,1785530320.243028,23.57208,0.01008,913927.5595,15537,23.83060,0.07220,141930.1295,71,17
111.903295,1785530320.260028,23.60928,0.01008,914042.1370,15538,23.85410,0.07220,141941.3602,71,17
111.920295,1785530320.277028,23.60543,0.01008,914030.2835,15538,23.68361,0.07220,141859.8856,71,17
111.937295,1785530320.294028,23.58183,0.01008,913957.6083,15537,23.78759,0.07220,141909.5784,71,17
111.954295,1785530320.311028,23.60781,0.01008,914037.6219,15539,23.69265,0.07220,141864.2017,71,17
111.971295,1785530320.328028,23.60014,0.01008,914014.0013,15538,23.51265,0.07220,141778.1805,71,17
111.988295,1785530320.345028,23.59509,0.01008,913998.4387,15537,23.63299,0.07169,141835.6929,72,17
112.005295,1785530320.362028,23.58289,0.01008,913960.8758,15538,23.65957,0.07220,141848.3930,71,17
112.022295,1785530320.379028,23.57809,0.01008,913946.0890,15536,23.56973,0.07220,141805.4570,71,17
112.039295,1785530320.396028,23.58060,0.01008,913953.7966,15537,23.59806,0.07220,141818.9999,71,17
112.056295,1785530320.413028,23.57687,0.01008,913942.3123,15537,23.77809,0.07220,141905.0364,71,17
112.073295,1785530320.430028,23.59530,0.01008,913999.0761,15538,23.68847,0.07220,141862.2082,71,17
112.090295,1785530320.447028,23.58340,0.01008,913962.4196,15537,23.77852,0.07220,141905.2429,71,17
112.107295,1785530320.464028,23.56063,0.01008,913892.3021,15536,23.74060,0.07169,141887.1174,72,17
112.124295,1785530320.481028,23.58010,0.01008,913952.2537,15537,23.81153,0.07220,141921.0200,71,17
112.141295,1785530320.498028,23.55663,0.01008,913879.9668,15535,23.70731,0.07220,141871.2103,71,17
112.158295,1785530320.515028,23.56808,0.01008,913915.2550,15537,23.69798,0.07220,141866.7501,71,17
112.175295,1785530320.532028,23.59437,0.01008,913996.2245,15537,23.94470,0.07220,141984.6624,71,17
112.192295,1785530320.549028,23.58601,0.01008,913970.4622,15537,23.60277,0.07220,141821.2502,71,17
112.209295,1785530320.566028,23.56136,0.01008,913894.5345,15536,23.66470,0.07220,141850.8482,71,17
112.226295,1785530320.583028,23.58305,0.01008,913961.3641,15537,23.49400,0.07220,141769.2664,71,17
112.243295,1785530320.600028,23.57834,0.01008,913946.8345,15537,23.69824,0.07169,141866.8760,72,17
112.260295,1785530320.617028,23.55803,0.01008,913884.2955,15536,23.70735,0.07220,141871.2308,71,17
112.277295,1785530320.634028,23.55991,0.01008,913890.0866,15536,23.76937,0.07220,141900.8703,71,17
112.294295,1785530320.651028,23.56830,0.01008,913915.9261,15536,23.94016,0.07220,141982.4891,71,17
112.311295,1785530320.668028,23.59226,0.01008,913989.7079,15538,23.60780,0.07220,141823.6549,71,17
112.328295,1785530320.685028,23.58609,0.01008,913970.7330,15537,23.72670,0.07220,141880.4785,71,17
112.345295,1785530320.702028,23.59010,0.01008,913983.0623,15537,23.56946,0.07220,141805.3279,71,17
112.362295,1785530320.719028,23.59189,0.01008,913988.5921,15538,23.85749,0.07169,141942.9840,72,17
112.379295,1785530320.736028,23.57511,0.01008,913936.8912,15537,23.72138,0.07220,141877.9350,71,17
112.396295,1785530320.753028,23.60276,0.01008,914022.0681,15538,23.68324,0.07220,141859.7060,71,17
112.413295,1785530320.770028,23.60537,0.01008,914030.1102,15538,23.65025,0.07220,141843.9387,71,17
112.430295,1785530320.787028,23.60410,0.01008,914026.1939,15538,23.79286,0.07220,141912.0966,71,17
112.447295,1785530320.804028,23.59768,0.01008,914006.4221,15538,23.71701,0.07220,141875.8444,71,17
112.464295,1785530320.821028,23.61027,0.01008,914045.2011,15539,23.66922,0.07220,141853.0066,71,17
112.481295,1785530320.838028,23.59327,0.01008,913992.8443,15537,23.96500,0.07169,141994.3617,72,17
112.498295,1785530320.855028,23.58449,0.01008,913965.7870,15537,23.86372,0.07220,141945.9587,71,17
112.515295,1785530320.872028,23.58418,0.01008,913964.8430,15537,23.83061,0.07220,141930.1345,71,17
112.532295,1785530320.889028,23.56723,0.01008,913912.6334,15537,23.84459,0.07220,141936.8189,71,17
112.549295,1785530320.906028,23.56424,0.01008,913903.4226,15536,23.81641,0.07220,141923.3482,71,17
112.566295,1785530320.923028,23.56596,0.01008,913908.7280,15536,23.86893,0.07220,141948.4514,71,17
112.583295,1785530320.940028,23.57332,0.01008,913931.3762,15536,23.67416,0.07220,141855.3654,71,17
112.600295,1785530320.957028,23.56186,0.01008,913896.0884,15536,23.66445,0.07220,141850.7251,71,17
112.617295,1785530320.974028,23.55394,0.01008,913871.6951,15536,23.77285,0.07169,141902.5336,72,17
112.634295,1785530320.991028,23.56164,0.01008,913895.4046,15536,23.64057,0.07220,141839.3143,71,17
112.651295,1785530321.008028,23.57443,0.01008,913934.7934,15536,23.77842,0.07220,141905.1959,71,17
112.668295,1785530321.025028,23.58433,0.01008,913965.2863,15538,23.84995,0.07220,141939.3785,71,17
112.685295,1785530321.042028,23.57727,0.01008,913943.5456,15536,23.85423,0.07220,141941.4225,71,17
112.702295,1785530321.059028,23.56053,0.01008,913891.9871,15536,23.75973,0.07220,141896.2611,71,17
112.719295,1785530321.076028,23.56584,0.01008,913908.3565,15536,23.79270,0.07220,141912.0193,71,17
112.736295,1785530321.093028,23.58526,0.01008,913968.1720,15538,23.76851,0.07169,141900.4563,72,17
112.753295,1785530321.110028,23.60163,0.01008,914018.5771,15538,23.74504,0.07220,141889.2428,71,17
112.770295,1785530321.127028,23.57262,0.01008,913929.2359,15536,23.73572,0.07220,141884.7892,71,17
112.787295,1785530321.144028,23.55940,0.01008,913888.4959,15536,23.72617,0.07220,141880.2213,71,17
112.804295,1785530321.161028,23.58203,0.01008,913958.2195,15537,24.33527,0.07220,142171.3203,71,17
112.821295,1785530321.178028,23.57715,0.01008,913943.1820,15537,23.79271,0.07220,141912.0238,71,17
112.838295,1785530321.195028,23.56537,0.01008,913906.8894,15536,23.83086,0.07220,141930.2536,71,17
112.855295,1785530321.212028,23.56531,0.01008,913906.7284,15536,23.82460,0.07169,141927.2629,72,17
112.872295,1785530321.229028,23.58787,0.01008,913976.2159,15537,23.69781,0.07220,141866.6679,71,17
112.889295,1785530321.246028,23.57280,0.01008,913929.7973,15537,23.65952,0.07220,141848.3723,71,17
112.906295,1785530321.263028,23.60614,0.01008,914032.4840,15538,23.82111,0.07220,141925.5979,71,17
112.923295,1785530321.280028,23.57242,0.01008,913928.6026,15537,23.67897,0.07220,141857.6672,71,17
112.940295,1785530321.297028,23.57634,0.01008,913940.6838,15536,23.72147,0.07220,141877.9763,71,17
112.957295,1785530321.314028,23.58696,0.01008,913973.3903,15538,23.64070,0.07220,141839.3761,71,17
112.974295,1785530321.331028,23.60980,0.01008,914043.7528,15538,23.70733,0.07220,141871.2203,71,17
112.991295,1785530321.348028,23.57036,0.01008,913922.2793,15537,23.85738,0.07169,141942.9284,72,17
113.008295,1785530321.365028,23.57886,0.01008,913948.4626,15536,23.95917,0.07220,141991.5775,71,17
113.025295,1785530321.382028,23.55861,0.01008,913886.0849,15536,23.99688,0.07220,142009.6004,71,17
113.042295,1785530321.399028,23.56441,0.01008,913903.9336,15536,23.90696,0.07220,141966.6233,71,17
113.059295,1785530321.416028,23.58177,0.01008,913957.4246,15537,23.70709,0.07220,141871.1027,71,17
113.076295,1785530321.433028,23.59434,0.01008,913996.1220,15538,23.68354,0.07220,141859.8503,71,17
113.093295,1785530321.450028,23.53098,0.01009,913800.9774,15534,23.90660,0.07220,141966.4538,71,17
113.110295,1785530321.467028,23.55490,0.01008,913874.6410,15536,23.61375,0.07169,141826.4970,72,17
113.127295,1785530321.484028,23.56976,0.01008,913920.4347,15536,23.80187,0.07220,141916.4013,71,17
113.144295,1785530321.501028,23.57738,0.01008,913943.8908,15537,23.54113,0.07220,141791.7906,71,17
113.161295,1785530321.518028,23.59196,0.01008,913988.7887,15538,23.64548,0.07220,141841.6628,71,17
113.178295,1785530321.535028,23.55332,0.01008,913869.7890,15535,23.64096,0.07220,141839.5002,71,17
113.195295,1785530321.552028,23.55052,0.01008,913861.1477,15535,23.90679,0.07220,141966.5459,71,17
113.212295,1785530321.569028,23.56087,0.01008,913893.0302,15536,23.81644,0.07220,141923.3630,71,17
113.229295,1785530321.586028,23.55595,0.01008,913877.8803,15536,23.72148,0.07169,141877.9817,72,17
113.246295,1785530321.603028,23.53210,0.01009,913804.4244,15534,23.71208,0.07220,141873.4911,71,17
113.263295,1785530321.620028,23.56236,0.01008,913897.6316,15536,23.78797,0.07220,141909.7587,71,17
113.280295,1785530321.637028,23.55563,0.01008,913876.9114,15536,23.69310,0.07220,141864.4189,71,17
113.297295,1785530321.654028,23.56715,0.01008,913912.3851,15536,23.68861,0.07220,141862.2709,71,17
113.314295,1785530321.671028,23.55738,0.01008,913882.2911,15536,23.83549,0.07220,141932.4675,71,17
113.331295,1785530321.688028,23.54566,0.01008,913846.1949,15535,23.85401,0.07220,141941.3190,71,17
113.348295,1785530321.705028,23.58391,0.01008,913963.9981,15537,24.07758,0.07220,142048.1643,71,17
113.365295,1785530321.722028,23.58850,0.01008,913978.1287,15537,23.83863,0.07169,141933.9710,72,17
113.382295,1785530321.739028,23.57494,0.01008,913936.3851,15537,23.74517,0.07220,141889.3052,71,17
113.399295,1785530321.756028,23.60182,0.01008,914019.1698,15538,23.84952,0.07220,141939.1721,71,17
113.416295,1785530321.773028,23.59837,0.01008,914008.5496,15538,23.85442,0.07220,141941.5148,71,17
113.433295,1785530321.790028,23.58610,0.01008,913970.7578,15537,24.00649,0.07220,142014.1892,71,17
113.450295,1785530321.807028,23.58500,0.01008,913967.3655,15537,23.90633,0.07220,141966.3247,71,17
113.467295,1785530321.824028,23.56927,0.01008,913918.9118,15537,23.99663,0.07220,142009.4767,71,17
113.484295,1785530321.841028,23.57236,0.01008,913928.4156,15536,23.64224,0.07169,141840.1106,72,17
113.501295,1785530321.858028,23.57156,0.01008,913925.9562,15537,23.65984,0.07220,141848.5214,71,17
113.518295,1785530321.875028,23.58306,0.01008,913961.3889,15537,23.77362,0.07220,141902.8994,71,17
113.535295,1785530321.892028,23.57548,0.01008,913938.0249,15536,23.79275,0.07220,141912.0447,71,17
113.552295,1785530321.909028,23.54599,0.01008,913847.2186,15536,23.65989,0.07220,141848.5470,71,17
113.569295,1785530321.926028,23.54208,0.01009,913835.1522,15534,23.78325,0.07220,141907.5032,71,17
113.586295,1785530321.943028,23.54873,0.01008,913855.6329,15536,23.67398,0.07220,141855.2829,71,17
113.603295,1785530321.960028,23.56256,0.01008,913898.2535,15536,23.56233,0.07169,141801.9249,72,17
113.620295,1785530321.977028,23.59817,0.01008,914007.9260,15538,23.84023,0.07220,141934.7330,71,17
113.637295,1785530321.994028,23.56337,0.01008,913900.7393,15536,23.63599,0.07220,141837.1258,71,17
113.654295,1785530322.011028,23.60335,0.01008,914023.8817,15538,23.63117,0.07220,141834.8242,71,17
113.671295,1785530322.028028,23.59242,0.01008,913990.2228,15537,23.52699,0.07220,141785.0350,71,17
113.688295,1785530322.045028,23.60335,0.01008,914023.8944,15538,23.62218,0.07220,141830.5240,71,17
113.705295,1785530322.062028,23.60926,0.01008,914042.0698,15539,23.74511,0.07220,141889.2738,71,17
113.722295,1785530322.079028,23.60773,0.01008,914037.3772,15538,23.74983,0.07220,141891.5290,71,17
113.739295,1785530322.096028,23.59630,0.01008,914002.1602,15538,23.46934,0.07169,141757.4829,72,17
113.756295,1785530322.113028,23.55723,0.01008,913881.8345,15536,23.66927,0.07220,141853.0325,71,17
113.773295,1785530322.130028,23.56956,0.01008,913919.8045,15536,23.64078,0.07220,141839.4124,71,17
113.790295,1785530322.147028,23.55290,0.01008,913868.4860,15536,23.76418,0.07220,141898.3881,71,17
113.807295,1785530322.164028,23.55409,0.01008,913872.1460,15535,23.57441,0.07220,141807.6967,71,17
113.824295,1785530322.181028,23.56970,0.01008,913920.2510,15536,23.66457,0.07220,141850.7820,71,17
113.841295,1785530322.198028,23.56195,0.01008,913896.3608,15536,23.84459,0.07220,141936.8186,71,17
113.858295,1785530322.215028,23.56227,0.01008,913897.3589,15536,23.90889,0.07169,141967.5460,72,17
113.875295,1785530322.232028,23.57011,0.01008,913921.4838,15537,23.86889,0.07220,141948.4311,71,17
113.892295,1785530322.249028,23.57096,0.01008,913924.1286,15536,23.84036,0.07220,141934.7953,71,17
113.909295,1785530322.266028,23.54170,0.01008,913833.9879,15535,23.99212,0.07220,142007.3250,71,17
113.926295,1785530322.283028,23.53767,0.01008,913821.5951,15535,24.07765,0.07220,142048.2007,71,17
113.943295,1785530322.300028,23.55501,0.01008,913874.9830,15535,23.71184,0.07220,141873.3727,71,17
113.960295,1785530322.317028,23.54975,0.01008,913858.7900,15536,23.63613,0.07220,141837.1929,71,17
113.977295,1785530322.334028,23.55418,0.01008,913872.4233,15535,23.60469,0.07169,141822.1652,72,17
113.994295,1785530322.351028,23.55032,0.01008,913860.5296,15536,23.77822,0.07220,141905.0978,71,17
114.011295,1785530322.368028,23.57226,0.01008,913928.1324,15536,23.83990,0.07220,141934.5784,71,17
114.028295,1785530322.385028,23.58534,0.01008,913968.4212,15537,23.95419,0.07220,141989.1989,71,17
114.045295,1785530322.402028,23.57860,0.01008,913947.6420,15537,23.86360,0.07220,141945.9021,71,17
114.062295,1785530322.419028,23.54950,0.01008,913858.0136,15535,23.66477,0.07220,141850.8801,71,17
114.079295,1785530322.436028,23.56903,0.01008,913918.1783,15537,23.85953,0.07220,141943.9562,71,17
114.096295,1785530322.453028,23.55429,0.01008,913872.7682,15535,23.98763,0.07220,142005.1769,71,17
114.113295,1785530322.470028,23.56648,0.01008,913910.3238,15536,23.80137,0.07169,141916.1622,72,17
114.130295,1785530322.487028,23.56050,0.01008,913891.8880,15536,23.75461,0.07220,141893.8160,71,17
114.147295,1785530322.504028,23.56721,0.01008,913912.5721,15537,23.71211,0.07220,141873.5019,71,17
114.164295,1785530322.521028,23.55192,0.01008,913865.4845,15535,23.82133,0.07220,141925.7004,71,17
114.181295,1785530322.538028,23.56981,0.01008,913920.5752,15536,23.95873,0.07220,141991.3663,71,17
114.198295,1785530322.555028,23.57374,0.01008,913932.6917,15537,23.91604,0.07220,141970.9644,71,17
114.215295,1785530322.572028,23.54400,0.01008,913841.0750,15535,23.86859,0.07220,141948.2864,71,17
114.232295,1785530322.589028,23.55293,0.01008,913868.5924,15535,23.77804,0.07169,141905.0109,72,17
114.249295,1785530322.606028,23.50855,0.01009,913731.8908,15533,23.66004,0.07220,141848.6192,71,17
114.266295,1785530322.623028,23.49588,0.01009,913692.8702,15533,23.66441,0.07220,141850.7053,71,17
114.283295,1785530322.640028,23.57587,0.01008,913939.2528,15537,23.62675,0.07220,141832.7074,71,17
114.300295,1785530322.657028,23.57876,0.01008,913948.1419,15536,23.82118,0.07220,141925.6290,71,17
114.317295,1785530322.674028,23.62183,0.01008,914080.7937,15540,23.63631,0.07220,141837.2801,71,17
114.334295,1785530322.691028,23.59658,0.01008,914003.0210,15537,23.73080,0.07220,141882.4352,71,17
114.351295,1785530322.708028,23.59066,0.01008,913984.7994,15538,23.82476,0.07169,141927.3394,72,17
114.368295,1785530322.725028,23.58336,0.01008,913962.3090,15537,23.83535,0.07220,141932.4009,71,17
114.385295,1785530322.742028,23.58671,0.01008,913972.6210,15537,23.76431,0.07220,141898.4503,71,17
114.402295,1785530322.759028,23.55975,0.01008,913889.6006,15536,23.81158,0.07220,141921.0407,71,17
114.419295,1785530322.776028,23.55426,0.01008,913872.6743,15536,23.75947,0.07220,141896.1383,71,17
114.436295,1785530322.793028,23.55308,0.01008,913869.0551,15535,23.83512,0.07220,141932.2920,71,17
114.453295,1785530322.810028,23.52075,0.01009,913769.4539,15534,23.69782,0.07220,141866.6731,71,17
114.470295,1785530322.827028,23.55976,0.01008,913889.6063,15536,23.84499,0.07220,141937.0089,71,17
114.487295,1785530322.844028,23.56106,0.01008,913893.6281,15536,23.78252,0.07169,141907.1542,72,17
114.504295,1785530322.861028,23.52030,0.01009,913768.0787,15533,23.97374,0.07220,141998.5399,71,17
114.521295,1785530322.878028,23.53749,0.01008,913821.0397,15535,23.79755,0.07220,141914.3359,71,17
114.538295,1785530322.895028,23.54443,0.01008,913842.4014,15535,23.78771,0.07220,141909.6347,71,17
114.555295,1785530322.912028,23.56711,0.01008,913912.2612,15536,23.87838,0.07220,141952.9677,71,17
114.572295,1785530322.929028,23.52357,0.01009,913778.1574,15534,23.67371,0.07220,141855.1543,71,17
114.589295,1785530322.946028,23.55565,0.01008,913876.9734,15536,23.92594,0.07220,141975.6977,71,17
114.606295,1785530322.963028,23.57693,0.01008,913942.5100,15536,23.75918,0.07169,141895.9981,72,17
114.623295,1785530322.980028,23.57100,0.01008,913924.2292,15537,23.64082,0.07220,141839.4330,71,17
114.640295,1785530322.997028,23.57468,0.01008,913935.5897,15537,23.73577,0.07220,141884.8090,71,17
114.657295,1785530323.014028,23.52983,0.01009,913797.4359,15534,23.53680,0.07220,141789.7195,71,17
114.674295,1785530323.031028,23.53465,0.01009,913812.2782,15534,23.70258,0.07220,141868.9495,71,17
114.691295,1785530323.048028,23.48932,0.01009,913672.6533,15532,23.76404,0.07220,141898.3216,71,17
114.708295,1785530323.065028,23.52409,0.01009,913779.7502,15534,23.68350,0.07220,141859.8293,71,17
114.725295,1785530323.082028,23.53372,0.01008,913809.4174,15535,23.68414,0.07169,141860.1379,72,17
114.742295,1785530323.099028,23.52417,0.01009,913780.0087,15534,23.70716,0.07220,141871.1380,71,17
114.759295,1785530323.116028,23.53077,0.01009,913800.3350,15534,23.64073,0.07220,141839.3913,71,17
114.776295,1785530323.133028,23.54328,0.01008,913838.8602,15535,23.68349,0.07220,141859.8245,71,17
114.793295,1785530323.150028,23.55725,0.01008,913881.8840,15536,23.60278,0.07220,141821.2555,71,17
114.810295,1785530323.167028,23.56371,0.01008,913901.7945,15536,23.67849,0.07220,141857.4350,71,17
114.827295,1785530323.184028,23.54699,0.01008,913850.2965,15535,23.58882,0.07220,141814.5813,71,17
114.844295,1785530323.201028,23.52185,0.01009,913772.8514,15534,23.81173,0.07220,141921.1135,71,17
114.861295,1785530323.218028,23.53137,0.01009,913802.1865,15534,23.59512,0.07169,141817.5955,72,17
114.878295,1785530323.235028,23.54677,0.01008,913849.6000,15535,23.65002,0.07220,141843.8307,71,17
114.895295,1785530323.252028,23.57124,0.01008,913924.9829,15537,23.74015,0.07220,141886.9055,71,17
114.912295,1785530323.269028,23.56112,0.01098,913893.8016,13113,23.65150,0.07853,141844.5356,60,17
